"ลำดับ","รหัสหน่วยงานกระทรวง","ชื่อหน่วยงานกระทรวง","รหัสหน่วยงานกรม","ชื่อหน่วยงานกรม","ปีงบประมาณ","ได้รับงบประมาณ(ลบ.)","เบิกจ่ายไป(ลบ.)","เบิกจ่ายไป(%)","เบิกจ่ายไป(%)"
"1","01000","สำนักนายกรัฐมนตรี","01001","สำนักงานปลัดสำนักนายกรัฐมนตรี","2568","979.734","899.83774728","91.845000"
"2","01000","สำนักนายกรัฐมนตรี","01002","กรมประชาสัมพันธ์","2568","2419.7302","2111.23494937","87.251000"
"3","01000","สำนักนายกรัฐมนตรี","01003","สำนักงานคณะกรรมการคุ้มครองผู้บริโภค","2568","297.7697","231.22313578","77.652000"
"4","01000","สำนักนายกรัฐมนตรี","01004","สำนักเลขาธิการนายกรัฐมนตรี","2568","7207.6009","4732.35185768","65.658000"
"5","01000","สำนักนายกรัฐมนตรี","01005","สำนักเลขาธิการคณะรัฐมนตรี","2568","754.6122","400.40966534","53.062000"
"6","01000","สำนักนายกรัฐมนตรี","01006","สำนักข่าวกรองแห่งชาติ","2568","715.1723","633.25866437","88.546000"
"7","01000","สำนักนายกรัฐมนตรี","01007","สำนักงบประมาณ","2568","1248.0993","671.55945026","53.807000"
"8","01000","สำนักนายกรัฐมนตรี","01008","สำนักงานสภาความมั่นคงแห่งชาติ","2568","279.6005","232.40211433","83.119000"
"9","01000","สำนักนายกรัฐมนตรี","01009","สำนักงานคณะกรรมการกฤษฎีกา","2568","526.2441","444.20052723","84.410000"
"10","01000","สำนักนายกรัฐมนตรี","01011","สำนักงานคณะกรรมการข้าราชการพลเรือน","2568","1766.649","1611.81641914","91.236000"
"11","01000","สำนักนายกรัฐมนตรี","01012","สำนักงานสภาพัฒนาการเศรษฐกิจและสังคมแห่งชาติ","2568","738.5992","528.20761249","71.515000"
"12","01000","สำนักนายกรัฐมนตรี","01019","กองอำนวยการรักษาความมั่นคงภายในราชอาณาจักร","2568","7115.8944","6106.52001969","85.815000"
"13","01000","สำนักนายกรัฐมนตรี","01021","สำนักงานคณะกรรมการพัฒนาระบบราชการ","2568","370.724","351.57737318","94.835000"
"14","01000","สำนักนายกรัฐมนตรี","01024","สำนักงานส่งเสริมการจัดประชุมและนิทรรศการ (องค์การมหาชน)","2568","882.6896","882.6896","100.000000"
"15","01000","สำนักนายกรัฐมนตรี","01025","สำนักงานบริหารและพัฒนาองค์ความรู้ (องค์การมหาชน)","2568","604.676","604.676","100.000000"
"16","01000","สำนักนายกรัฐมนตรี","01027","สำนักงานคณะกรรมการสุขภาพแห่งชาติ","2568","198.6179","198.6179","100.000000"
"17","01000","สำนักนายกรัฐมนตรี","01028","สถาบันบริหารจัดการธนาคารที่ดิน (องค์การมหาชน)","2568","593.0783","593.0783","100.000000"
"18","01000","สำนักนายกรัฐมนตรี","01029","สถาบันคุณวุฒิวิชาชีพ (องค์การมหาชน)","2568","216.8162","216.8162","100.000000"
"19","01000","สำนักนายกรัฐมนตรี","01031","สำนักงานพัฒนาพิงคนคร (องค์การมหาชน)","2568","137.1616","137.1616","100.000000"
"20","01000","สำนักนายกรัฐมนตรี","01032","สำนักงานคณะกรรมการส่งเสริมการลงทุน","2568","717.9467","623.71298292","86.875000"
"21","01000","สำนักนายกรัฐมนตรี","01034","ราชวิทยาลัยจุฬาภรณ์","2568","3624.0558","3624.0558","100.000000"
"22","01000","สำนักนายกรัฐมนตรี","01035","สำนักงานทรัพยากรน้ำแห่งชาติ","2568","768.0552","576.08798523","75.006000"
"23","01000","สำนักนายกรัฐมนตรี","01036","สำนักงานพัฒนารัฐบาลดิจิทัล (องค์การมหาชน)","2568","944.0519","944.0519","100.000000"
"24","01000","สำนักนายกรัฐมนตรี","01037","สำนักงานส่งเสริมเศรษฐกิจสร้างสรรค์ (องค์การมหาชน)","2568","556.656","556.656","100.000000"
"25","01000","สำนักนายกรัฐมนตรี","01038","ศูนย์อำนวยการรักษาผลประโยชน์ของชาติทางทะเล","2568","1149.2269","592.90860647","51.592000"
"26","01000","สำนักนายกรัฐมนตรี","01039","สำนักงานคณะกรรมการการรักษาความมั่นคงปลอดภัยไซเบอร์แห่งชาติ","2568","486.187","486.187","100.000000"
"27","01000","สำนักนายกรัฐมนตรี","01041","สำนักงานขับเคลื่อนการปฏิรูปประเทศ ยุทธศาสตร์ชาติ และการสร้างความสามัคคีปรองดอง","2568","95.1229","51.45008776","54.088000"
"28","01000","สำนักนายกรัฐมนตรี","01042","สำนักงานคณะกรรมการนโยบายที่ดินแห่งชาติ","2568","352.6772","216.91965576","61.507000"
"29","02000","กระทรวงกลาโหม","02001","สำนักงานปลัดกระทรวงกลาโหม","2568","9547.2781","8659.39284265","90.700000"
"30","02000","กระทรวงกลาโหม","02004","กองทัพบก","2568","95895.9471","82036.32491512","85.547000"
"31","02000","กระทรวงกลาโหม","02005","กองทัพเรือ","2568","41439.2735","32805.59549838","79.165000"
"32","02000","กระทรวงกลาโหม","02006","กองทัพอากาศ","2568","36827.0112","28763.50074884","78.104000"
"33","02000","กระทรวงกลาโหม","02008","กองบัญชาการกองทัพไทย","2568","15013.211","13203.53881588","87.946000"
"34","02000","กระทรวงกลาโหม","02009","สถาบันเทคโนโลยีป้องกันประเทศ","2568","998.5685","998.5685","100.000000"
"35","03000","กระทรวงการคลัง","03002","สำนักงานปลัดกระทรวงการคลัง","2568","755.2976","681.73333772","90.260000"
"36","03000","กระทรวงการคลัง","03003","กรมธนารักษ์","2568","6049.1386","5818.16110884","96.182000"
"37","03000","กระทรวงการคลัง","03004","กรมบัญชีกลาง","2568","1834.5276","1715.80181447","93.528000"
"38","03000","กระทรวงการคลัง","03005","กรมศุลกากร","2568","3878.4376","3365.57857926","86.777000"
"39","03000","กระทรวงการคลัง","03006","กรมสรรพสามิต","2568","10305.0247","10138.3015946","98.382000"
"40","03000","กระทรวงการคลัง","03007","กรมสรรพากร","2568","9891.0996","9657.24274348","97.636000"
"41","03000","กระทรวงการคลัง","03008","สำนักงานคณะกรรมการนโยบายรัฐวิสาหกิจ","2568","166.5628","159.29662384","95.638000"
"42","03000","กระทรวงการคลัง","03009","สำนักงานบริหารหนี้สาธารณะ","2568","356071.5869","356048.02969924","99.993000"
"43","03000","กระทรวงการคลัง","03011","สำนักงานเศรษฐกิจการคลัง","2568","482.0007","364.02598902","75.524000"
"44","03000","กระทรวงการคลัง","03012","สำนักงานความร่วมมือพัฒนาเศรษฐกิจกับประเทศเพื่อนบ้าน (องค์การมหาชน)","2568","226","226","100.000000"
"45","04000","กระทรวงการต่างประเทศ","04002","สำนักงานปลัดกระทรวงการต่างประเทศ","2568","8969.9802","8505.23456761","94.819000"
"46","05000","กระทรวงการท่องเที่ยวและกีฬา","05002","สำนักงานปลัดกระทรวงการท่องเที่ยวและกีฬา","2568","855.719","645.21040371","75.400000"
"47","05000","กระทรวงการท่องเที่ยวและกีฬา","05003","กรมพลศึกษา","2568","774.565","586.16758092","75.677000"
"48","05000","กระทรวงการท่องเที่ยวและกีฬา","05004","กรมการท่องเที่ยว","2568","2367.966","1954.68931735","82.547000"
"49","05000","กระทรวงการท่องเที่ยวและกีฬา","05006","มหาวิทยาลัยการกีฬาแห่งชาติ","2568","1979.9143","1709.12812457","86.323000"
"50","05000","กระทรวงการท่องเที่ยวและกีฬา","05007","องค์การบริหารการพัฒนาพื้นที่พิเศษเพื่อการท่องเที่ยวอย่างยั่งยืน (องค์การมหาชน)","2568","416.5144","416.5144","100.000000"
"51","06000","กระทรวงการพัฒนาสังคมและความมั่นคงของมนุษย์","06002","สำนักงานปลัดกระทรวงการพัฒนาสังคมและความมั่นคงของมนุษย์","2568","1853.0257","1744.94021023","94.167000"
"52","06000","กระทรวงการพัฒนาสังคมและความมั่นคงของมนุษย์","06003","กรมพัฒนาสังคมและสวัสดิการ","2568","1856.1846","1784.05045142","96.114000"
"53","06000","กระทรวงการพัฒนาสังคมและความมั่นคงของมนุษย์","06004","กรมกิจการสตรีและสถาบันครอบครัว","2568","534.2303","522.80908225","97.862000"
"54","06000","กระทรวงการพัฒนาสังคมและความมั่นคงของมนุษย์","06005","กรมกิจการเด็กและเยาวชน","2568","18488.2144","18472.62356402","99.916000"
"55","06000","กระทรวงการพัฒนาสังคมและความมั่นคงของมนุษย์","06006","สถาบันพัฒนาองค์กรชุมชน (องค์การมหาชน)","2568","1836.6645","1836.6645","100.000000"
"56","06000","กระทรวงการพัฒนาสังคมและความมั่นคงของมนุษย์","06007","กรมส่งเสริมและพัฒนาคุณภาพชีวิตคนพิการ","2568","836.4372","819.97085118","98.031000"
"57","06000","กระทรวงการพัฒนาสังคมและความมั่นคงของมนุษย์","06008","กรมกิจการผู้สูงอายุ","2568","1421.2718","1396.45119559","98.254000"
"58","07000","กระทรวงเกษตรและสหกรณ์","07002","สำนักงานปลัดกระทรวงเกษตรและสหกรณ์","2568","1330.5397","1338.15331472","100.572000"
"59","07000","กระทรวงเกษตรและสหกรณ์","07003","กรมชลประทาน","2568","82746.7218","72631.30164904","87.775000"
"60","07000","กระทรวงเกษตรและสหกรณ์","07004","กรมตรวจบัญชีสหกรณ์","2568","1282.0446","1295.79269092","101.072000"
"61","07000","กระทรวงเกษตรและสหกรณ์","07005","กรมประมง","2568","3966.0198","3741.90675948","94.349000"
"62","07000","กระทรวงเกษตรและสหกรณ์","07006","กรมปศุสัตว์","2568","5543.123","5552.28292125","100.165000"
"63","07000","กระทรวงเกษตรและสหกรณ์","07008","กรมพัฒนาที่ดิน","2568","4748.7556","3933.76487042","82.838000"
"64","07000","กระทรวงเกษตรและสหกรณ์","07009","กรมวิชาการเกษตร","2568","4045.6199","3233.7087723","79.931000"
"65","07000","กระทรวงเกษตรและสหกรณ์","07011","กรมส่งเสริมการเกษตร","2568","5373.6555","5332.01767363","99.225000"
"66","07000","กระทรวงเกษตรและสหกรณ์","07012","กรมส่งเสริมสหกรณ์","2568","2798.3635","2702.94252602","96.590000"
"67","07000","กระทรวงเกษตรและสหกรณ์","07013","สำนักงานการปฏิรูปที่ดินเพื่อเกษตรกรรม","2568","1524.8514","1422.55658699","93.291000"
"68","07000","กระทรวงเกษตรและสหกรณ์","07014","สำนักงานมาตรฐานสินค้าเกษตรและอาหารแห่งชาติ","2568","309.418","295.99532427","95.662000"
"69","07000","กระทรวงเกษตรและสหกรณ์","07015","สำนักงานเศรษฐกิจการเกษตร","2568","672.4853","625.02472559","92.943000"
"70","07000","กระทรวงเกษตรและสหกรณ์","07017","สถาบันวิจัยและพัฒนาพื้นที่สูง (องค์การมหาชน)","2568","531.6437","531.6437","100.000000"
"71","07000","กระทรวงเกษตรและสหกรณ์","07018","กรมการข้าว","2568","4486.4769","2620.8111316","58.416000"
"72","07000","กระทรวงเกษตรและสหกรณ์","07019","สำนักงานพิพิธภัณฑ์เกษตรเฉลิมพระเกียรติพระบาทสมเด็จพระเจ้าอยู่หัว (องค์การมหาชน)","2568","247.0122","247.0122","100.000000"
"73","07000","กระทรวงเกษตรและสหกรณ์","07020","กรมหม่อนไหม","2568","641.6513","598.90887197","93.339000"
"74","07000","กระทรวงเกษตรและสหกรณ์","07021","กรมฝนหลวงและการบินเกษตร","2568","2379.0398","1805.48738848","75.891000"
"75","08000","กระทรวงคมนาคม","08002","สำนักงานปลัดกระทรวงคมนาคม","2568","563.9752","501.95951664","89.004000"
"76","08000","กระทรวงคมนาคม","08003","กรมเจ้าท่า","2568","4913.8465","2561.71193423","52.133000"
"77","08000","กระทรวงคมนาคม","08004","กรมการขนส่งทางบก","2568","3652.205","3255.60774286","89.141000"
"78","08000","กระทรวงคมนาคม","08006","กรมทางหลวง","2568","127501.0523","103015.45304383","80.796000"
"79","08000","กระทรวงคมนาคม","08007","กรมทางหลวงชนบท","2568","50643.485","45318.04213968","89.484000"
"80","08000","กระทรวงคมนาคม","08008","สำนักงานนโยบายและแผนการขนส่งและจราจร","2568","261.928","246.92846719","94.273000"
"81","08000","กระทรวงคมนาคม","08009","กรมท่าอากาศยาน","2568","5356.4131","2079.22635584","38.818000"
"82","08000","กระทรวงคมนาคม","08012","กรมการขนส่งทางราง","2568","146.0843","148.60475076","101.725000"
"83","08000","กระทรวงคมนาคม","08013","สถาบันวิจัยและพัฒนาเทคโนโลยีระบบราง (องค์การมหาชน)","2568","313.8536","313.8536","100.000000"
"84","09000","กระทรวงทรัพยากรธรรมชาติและสิ่งแวดล้อม","09002","สำนักงานปลัดกระทรวงทรัพยากรธรรมชาติและสิ่งแวดล้อม","2568","2069.4526","1899.49224124","91.787000"
"85","09000","กระทรวงทรัพยากรธรรมชาติและสิ่งแวดล้อม","09003","กรมควบคุมมลพิษ","2568","848.9721","815.02206151","96.001000"
"86","09000","กระทรวงทรัพยากรธรรมชาติและสิ่งแวดล้อม","09004","กรมทรัพยากรทางทะเลและชายฝั่ง","2568","1839.9278","1507.71215233","81.944000"
"87","09000","กระทรวงทรัพยากรธรรมชาติและสิ่งแวดล้อม","09005","กรมทรัพยากรธรณี","2568","691.2466","591.90256666","85.628000"
"88","09000","กระทรวงทรัพยากรธรรมชาติและสิ่งแวดล้อม","09006","กรมทรัพยากรน้ำ","2568","7549.9398","5655.92208774","74.913000"
"89","09000","กระทรวงทรัพยากรธรรมชาติและสิ่งแวดล้อม","09007","กรมทรัพยากรน้ำบาดาล","2568","3373.6179","1890.8525155","56.048000"
"90","09000","กระทรวงทรัพยากรธรรมชาติและสิ่งแวดล้อม","09008","กรมการเปลี่ยนแปลงสภาพภูมิอากาศและสิ่งแวดล้อม","2568","669.1975","604.79503956","90.376000"
"91","09000","กระทรวงทรัพยากรธรรมชาติและสิ่งแวดล้อม","09009","กรมอุทยานแห่งชาติ สัตว์ป่า และพันธุ์พืช","2568","11344.6697","10872.87520529","95.841000"
"92","09000","กระทรวงทรัพยากรธรรมชาติและสิ่งแวดล้อม","09011","สำนักงานนโยบายและแผนทรัพยากรธรรมชาติและสิ่งแวดล้อม","2568","1467.3836","920.31052451","62.718000"
"93","09000","กระทรวงทรัพยากรธรรมชาติและสิ่งแวดล้อม","09012","กรมป่าไม้","2568","5071.5384","4865.6351407","95.940000"
"94","09000","กระทรวงทรัพยากรธรรมชาติและสิ่งแวดล้อม","09013","สำนักงานพัฒนาเศรษฐกิจจากฐานชีวภาพ (องค์การมหาชน)","2568","134.0192","134.0192","100.000000"
"95","09000","กระทรวงทรัพยากรธรรมชาติและสิ่งแวดล้อม","09014","องค์การบริหารจัดการก๊าซเรือนกระจก (องค์การมหาชน)","2568","156.332","156.332","100.000000"
"96","11000","กระทรวงดิจิทัลเพื่อเศรษฐกิจและสังคม","11002","สำนักงานปลัดกระทรวงดิจิทัลเพื่อเศรษฐกิจและสังคม","2568","857.5945","530.20338239","61.824000"
"97","11000","กระทรวงดิจิทัลเพื่อเศรษฐกิจและสังคม","11004","กรมอุตุนิยมวิทยา","2568","1898.8345","1766.66983997","93.040000"
"98","11000","กระทรวงดิจิทัลเพื่อเศรษฐกิจและสังคม","11005","สำนักงานสถิติแห่งชาติ","2568","1323.5569","1301.78300251","98.355000"
"99","11000","กระทรวงดิจิทัลเพื่อเศรษฐกิจและสังคม","11006","สำนักงานส่งเสริมเศรษฐกิจดิจิทัล","2568","1800.343","1800.343","100.000000"
"100","11000","กระทรวงดิจิทัลเพื่อเศรษฐกิจและสังคม","11007","สำนักงานพัฒนาธุรกรรมทางอิเล็กทรอนิกส์","2568","604.1562","604.1562","100.000000"
"101","11000","กระทรวงดิจิทัลเพื่อเศรษฐกิจและสังคม","11009","สำนักงานคณะกรรมการดิจิทัลเพื่อเศรษฐกิจและสังคมแห่งชาติ","2568","2416.3013","1333.76778109","55.199000"
"102","11000","กระทรวงดิจิทัลเพื่อเศรษฐกิจและสังคม","11011","สำนักงานคณะกรรมการคุ้มครองข้อมูลส่วนบุคคล","2568","400.3803","400.3803","100.000000"
"103","11000","กระทรวงดิจิทัลเพื่อเศรษฐกิจและสังคม","11012","สถาบันข้อมูลขนาดใหญ่ (องค์การมหาชน)","2568","303.5554","303.5554","100.000000"
"104","12000","กระทรวงพลังงาน","12002","สำนักงานปลัดกระทรวงพลังงาน","2568","623.3543","589.07060684","94.500000"
"105","12000","กระทรวงพลังงาน","12003","กรมเชื้อเพลิงธรรมชาติ","2568","272.4902","233.46832287","85.680000"
"106","12000","กระทรวงพลังงาน","12004","กรมธุรกิจพลังงาน","2568","258.5599","261.33628972","101.074000"
"107","12000","กระทรวงพลังงาน","12005","กรมพัฒนาพลังงานทดแทนและอนุรักษ์พลังงาน","2568","1514.5364","1000.68022346","66.072000"
"108","12000","กระทรวงพลังงาน","12006","สำนักงานนโยบายและแผนพลังงาน","2568","181.0319","176.87181733","97.702000"
"109","13000","กระทรวงพาณิชย์","13002","สำนักงานปลัดกระทรวงพาณิชย์","2568","1801.2939","1698.98081451","94.320000"
"110","13000","กระทรวงพาณิชย์","13003","กรมการค้าต่างประเทศ","2568","396.8555","341.86290599","86.143000"
"111","13000","กระทรวงพาณิชย์","13004","กรมการค้าภายใน","2568","936.7312","842.89305385","89.982000"
"112","13000","กระทรวงพาณิชย์","13006","กรมเจรจาการค้าระหว่างประเทศ","2568","363.473","324.0816015","89.162000"
"113","13000","กระทรวงพาณิชย์","13007","กรมทรัพย์สินทางปัญญา","2568","485.9748","477.49512743","98.255000"
"114","13000","กระทรวงพาณิชย์","13008","กรมพัฒนาธุรกิจการค้า","2568","502.5756","488.96024309","97.291000"
"115","13000","กระทรวงพาณิชย์","13009","กรมส่งเสริมการค้าระหว่างประเทศ","2568","2268.6893","2022.02088905","89.127000"
"116","13000","กระทรวงพาณิชย์","13011","สถาบันส่งเสริมศิลปหัตถกรรมไทย (องค์การมหาชน)","2568","150.53","150.53","100.000000"
"117","13000","กระทรวงพาณิชย์","13012","สถาบันวิจัยและพัฒนาอัญมณีและเครื่องประดับแห่งชาติ (องค์การมหาชน)","2568","180.9679","180.9679","100.000000"
"118","13000","กระทรวงพาณิชย์","13013","สำนักงานนโยบายและยุทธศาสตร์การค้า","2568","172.844","170.83532756","98.838000"
"119","13000","กระทรวงพาณิชย์","13015","สถาบันระหว่างประเทศเพื่อการค้าและการพัฒนา (องค์การมหาชน)","2568","85.2951","85.2951","100.000000"
"120","15000","กระทรวงมหาดไทย","15002","สำนักงานปลัดกระทรวงมหาดไทย","2568","6277.1338","4151.42446703","66.136000"
"121","15000","กระทรวงมหาดไทย","15003","กรมการปกครอง","2568","50638.7153","48392.40978814","95.564000"
"122","15000","กระทรวงมหาดไทย","15004","กรมการพัฒนาชุมชน","2568","5609.2093","5475.94535697","97.624000"
"123","15000","กระทรวงมหาดไทย","15005","กรมที่ดิน","2568","7489.192","6171.70329419","82.408000"
"124","15000","กระทรวงมหาดไทย","15006","กรมป้องกันและบรรเทาสาธารณภัย","2568","6622.2949","2469.38467616","37.289000"
"125","15000","กระทรวงมหาดไทย","15007","กรมโยธาธิการและผังเมือง","2568","42018.2901","17164.10400633","40.849000"
"126","15000","กระทรวงมหาดไทย","15008","กรมส่งเสริมการปกครองท้องถิ่น","2568","175757.8671","164803.88396075","93.768000"
"127","16000","กระทรวงยุติธรรม","16002","สำนักงานปลัดกระทรวงยุติธรรม","2568","906.3514","780.17663603","86.079000"
"128","16000","กระทรวงยุติธรรม","16003","กรมคุมประพฤติ","2568","2175.3098","2202.26788721","101.239000"
"129","16000","กระทรวงยุติธรรม","16004","กรมคุ้มครองสิทธิและเสรีภาพ","2568","1009.5213","994.16611335","98.479000"
"130","16000","กระทรวงยุติธรรม","16005","กรมบังคับคดี","2568","1016.7892","1049.95477156","103.262000"
"131","16000","กระทรวงยุติธรรม","16006","กรมพินิจและคุ้มครองเด็กและเยาวชน","2568","2153.0823","2060.16784919","95.685000"
"132","16000","กระทรวงยุติธรรม","16007","กรมราชทัณฑ์","2568","16972.6533","15203.20405951","89.575000"
"133","16000","กระทรวงยุติธรรม","16008","กรมสอบสวนคดีพิเศษ","2568","1202.7462","1118.74833695","93.016000"
"134","16000","กระทรวงยุติธรรม","16009","สำนักงานกิจการยุติธรรม","2568","189.6189","124.34848257","65.578000"
"135","16000","กระทรวงยุติธรรม","16010","สถาบันนิติวิทยาศาสตร์","2568","552.515","419.38877204","75.905000"
"136","16000","กระทรวงยุติธรรม","16011","สำนักงานคณะกรรมการป้องกันและปราบปรามยาเสพติด","2568","2619.1383","2530.05388578","96.599000"
"137","16000","กระทรวงยุติธรรม","16013","สถาบันเพื่อการยุติธรรมแห่งประเทศไทย (องค์การมหาชน)","2568","161.638","161.638","100.000000"
"138","16000","กระทรวงยุติธรรม","16014","สถาบันอนุญาโตตุลาการ","2568","27.9756","27.9756","100.000000"
"139","17000","กระทรวงแรงงาน","17002","สำนักงานปลัดกระทรวงแรงงาน","2568","1351.3687","1181.07594338","87.398000"
"140","17000","กระทรวงแรงงาน","17003","กรมการจัดหางาน","2568","1177.4688","1152.47734618","97.878000"
"141","17000","กระทรวงแรงงาน","17004","กรมพัฒนาฝีมือแรงงาน","2568","1997.4108","1869.98214453","93.620000"
"142","17000","กระทรวงแรงงาน","17005","กรมสวัสดิการและคุ้มครองแรงงาน","2568","1143.0965","1079.69064468","94.453000"
"143","17000","กระทรวงแรงงาน","17006","สำนักงานประกันสังคม","2568","62314.7202","62357.33108925","100.068000"
"144","17000","กระทรวงแรงงาน","17007","สถาบันส่งเสริมความปลอดภัย อาชีวอนามัย และสภาพแวดล้อมในการทำงาน (องค์การมหาชน)","2568","64.3671","64.3671","100.000000"
"145","18000","กระทรวงวัฒนธรรม","18002","สำนักงานปลัดกระทรวงวัฒนธรรม","2568","2566.3192","2267.89854513","88.372000"
"146","18000","กระทรวงวัฒนธรรม","18003","กรมการศาสนา","2568","359.9352","339.09825251","94.211000"
"147","18000","กระทรวงวัฒนธรรม","18004","กรมศิลปากร","2568","2609.4749","2133.07316995","81.743000"
"148","18000","กระทรวงวัฒนธรรม","18005","กรมส่งเสริมวัฒนธรรม","2568","1363.361","1269.80094989","93.138000"
"149","18000","กระทรวงวัฒนธรรม","18006","สำนักงานศิลปวัฒนธรรมร่วมสมัย","2568","354.2424","205.83552969","58.106000"
"150","18000","กระทรวงวัฒนธรรม","18007","ศูนย์มานุษยวิทยาสิรินธร (องค์การมหาชน)","2568","126.5625","126.5625","100.000000"
"151","18000","กระทรวงวัฒนธรรม","18008","สถาบันบัณฑิตพัฒนศิลป์","2568","1196.6821","970.08662738","81.065000"
"152","18000","กระทรวงวัฒนธรรม","18009","หอภาพยนตร์ (องค์การมหาชน)","2568","119.2261","119.2261","100.000000"
"153","18000","กระทรวงวัฒนธรรม","18010","ศูนย์คุณธรรม (องค์การมหาชน)","2568","128.6961","128.6961","100.000000"
"154","20000","กระทรวงศึกษาธิการ","20002","สํานักงานปลัดกระทรวงศึกษาธิการ","2568","38275.8179","37933.89340602","99.107000"
"155","20000","กระทรวงศึกษาธิการ","20003","สำนักงานเลขาธิการสภาการศึกษา","2568","181.9191","176.65714442","97.108000"
"156","20000","กระทรวงศึกษาธิการ","20004","สำนักงานคณะกรรมการการศึกษาขั้นพื้นฐาน","2568","261930.7984","272393.33198526","103.994000"
"157","20000","กระทรวงศึกษาธิการ","20006","สำนักงานคณะกรรมการการอาชีวศึกษา","2568","26080.5039","24819.98340201","95.167000"
"158","20000","กระทรวงศึกษาธิการ","20301","สถาบันส่งเสริมการสอนวิทยาศาสตร์และเทคโนโลยี","2568","1806.0725","1806.0725","100.000000"
"159","20000","กระทรวงศึกษาธิการ","20302","โรงเรียนมหิดลวิทยานุสรณ์","2568","350.1655","350.1655","100.000000"
"160","20000","กระทรวงศึกษาธิการ","20309","สำนักงานเลขาธิการคุรุสภา","2568","169.5431","169.5431","100.000000"
"161","20000","กระทรวงศึกษาธิการ","20310","สำนักงานคณะกรรมการส่งเสริมสวัสดิการและสวัสดิภาพครูและบุคลากรทางการศึกษา","2568","133.3086","133.3086","100.000000"
"162","20000","กระทรวงศึกษาธิการ","20311","สถาบันทดสอบทางการศึกษาแห่งชาติ (องค์การมหาชน)","2568","433.0577","433.0577","100.000000"
"163","20000","กระทรวงศึกษาธิการ","20332","สำนักงานรับรองมาตรฐานและประเมินคุณภาพการศึกษา (องค์การมหาชน)","2568","102.7264","102.7264","100.000000"
"164","20000","กระทรวงศึกษาธิการ","20334","กรมส่งเสริมการเรียนรู้","2568","11310.6886","11123.76267179","98.347000"
"165","21000","กระทรวงสาธารณสุข","21002","สำนักงานปลัดกระทรวงสาธารณสุข","2568","120870.15","125984.52745576","104.231000"
"166","21000","กระทรวงสาธารณสุข","21003","กรมการแพทย์","2568","8117.7126","7597.24162288","93.588000"
"167","21000","กระทรวงสาธารณสุข","21004","กรมควบคุมโรค","2568","3806.5336","3467.62290701","91.097000"
"168","21000","กระทรวงสาธารณสุข","21005","กรมการแพทย์แผนไทยและการแพทย์ทางเลือก","2568","376.9765","370.4477739","98.268000"
"169","21000","กระทรวงสาธารณสุข","21006","กรมวิทยาศาสตร์การแพทย์","2568","1373.8919","1406.23114502","102.354000"
"170","21000","กระทรวงสาธารณสุข","21007","กรมสนับสนุนบริการสุขภาพ","2568","27067.6215","24853.20248451","91.819000"
"171","21000","กระทรวงสาธารณสุข","21008","กรมสุขภาพจิต","2568","3011.3869","2984.09194016","99.094000"
"172","21000","กระทรวงสาธารณสุข","21009","กรมอนามัย","2568","1796.9128","1816.84358666","101.109000"
"173","21000","กระทรวงสาธารณสุข","21010","สำนักงานคณะกรรมการอาหารและยา","2568","954.7087","977.08470687","102.344000"
"174","21000","กระทรวงสาธารณสุข","21011","สถาบันวิจัยระบบสาธารณสุข","2568","53.2712","53.2712","100.000000"
"175","21000","กระทรวงสาธารณสุข","21012","โรงพยาบาลบ้านแพ้ว (องค์การมหาชน)","2568","40.2506","40.2506","100.000000"
"176","21000","กระทรวงสาธารณสุข","21013","สำนักงานหลักประกันสุขภาพแห่งชาติ","2568","1564.548","1564.548","100.000000"
"177","21000","กระทรวงสาธารณสุข","21014","สถาบันการแพทย์ฉุกเฉินแห่งชาติ","2568","202.0553","202.0553","100.000000"
"178","21000","กระทรวงสาธารณสุข","21015","สถาบันรับรองคุณภาพสถานพยาบาล (องค์การมหาชน)","2568","79.4323","79.4323","100.000000"
"179","21000","กระทรวงสาธารณสุข","21016","สถาบันวัคซีนแห่งชาติ","2568","47.2238","47.2238","100.000000"
"180","21000","กระทรวงสาธารณสุข","21017","สถาบันพระบรมราชชนก","2568","2603.0182","2583.38309978","99.246000"
"181","22000","กระทรวงอุตสาหกรรม","22002","สำนักงานปลัดกระทรวงอุตสาหกรรม","2568","1071.0869","1021.27135729","95.349000"
"182","22000","กระทรวงอุตสาหกรรม","22003","กรมโรงงานอุตสาหกรรม","2568","538.9873","489.8939731","90.892000"
"183","22000","กระทรวงอุตสาหกรรม","22004","กรมส่งเสริมอุตสาหกรรม","2568","1692.3971","1251.0879422","73.924000"
"184","22000","กระทรวงอุตสาหกรรม","22005","กรมอุตสาหกรรมพื้นฐานและการเหมืองแร่","2568","398.6499","336.69308924","84.458000"
"185","22000","กระทรวงอุตสาหกรรม","22006","สำนักงานคณะกรรมการอ้อยและน้ำตาลทราย","2568","729.7391","610.02225212","83.595000"
"186","22000","กระทรวงอุตสาหกรรม","22007","สำนักงานมาตรฐานผลิตภัณฑ์อุตสาหกรรม","2568","644.2971","550.96471636","85.514000"
"187","22000","กระทรวงอุตสาหกรรม","22008","สำนักงานเศรษฐกิจอุตสาหกรรม","2568","268.8822","225.58987953","83.899000"
"188","23000","กระทรวงการอุดมศึกษา วิทยาศาสตร์ วิจัยและนวัตกรรม","23002","สำนักงานปลัดกระทรวงการอุดมศึกษา วิทยาศาสตร์ วิจัย และนวัตกรรม","2568","9322.5658","7381.18662028","79.175000"
"189","23000","กระทรวงการอุดมศึกษา วิทยาศาสตร์ วิจัยและนวัตกรรม","23003","กรมวิทยาศาสตร์บริการ","2568","407.1531","353.89436496","86.919000"
"190","23000","กระทรวงการอุดมศึกษา วิทยาศาสตร์ วิจัยและนวัตกรรม","23004","สำนักงานการวิจัยแห่งชาติ","2568","586.0788","582.18843954","99.336000"
"191","23000","กระทรวงการอุดมศึกษา วิทยาศาสตร์ วิจัยและนวัตกรรม","23005","สำนักงานปรมาณูเพื่อสันติ","2568","395.1653","318.9962765","80.725000"
"192","23000","กระทรวงการอุดมศึกษา วิทยาศาสตร์ วิจัยและนวัตกรรม","23006","มหาวิทยาลัยรามคำแหง","2568","1150.2206","1155.35157994","100.446000"
"193","23000","กระทรวงการอุดมศึกษา วิทยาศาสตร์ วิจัยและนวัตกรรม","23007","มหาวิทยาลัยสุโขทัยธรรมาธิราช","2568","692.1187","643.2190165","92.935000"
"194","23000","กระทรวงการอุดมศึกษา วิทยาศาสตร์ วิจัยและนวัตกรรม","23008","มหาวิทยาลัยนเรศวร","2568","2383.548","2240.42551759","93.995000"
"195","23000","กระทรวงการอุดมศึกษา วิทยาศาสตร์ วิจัยและนวัตกรรม","23009","มหาวิทยาลัยอุบลราชธานี","2568","795.6457","741.75434112","93.227000"
"196","23000","กระทรวงการอุดมศึกษา วิทยาศาสตร์ วิจัยและนวัตกรรม","23010","มหาวิทยาลัยมหาสารคาม","2568","1184.0331","1146.9440575","96.868000"
"197","23000","กระทรวงการอุดมศึกษา วิทยาศาสตร์ วิจัยและนวัตกรรม","23011","มหาวิทยาลัยกาฬสินธุ์","2568","425.1916","390.86806269","91.928000"
"198","23000","กระทรวงการอุดมศึกษา วิทยาศาสตร์ วิจัยและนวัตกรรม","23012","สถาบันเทคโนโลยีปทุมวัน","2568","323.1053","172.05206349","53.250000"
"199","23000","กระทรวงการอุดมศึกษา วิทยาศาสตร์ วิจัยและนวัตกรรม","23013","มหาวิทยาลัยนราธิวาสราชนครินทร์","2568","673.1607","671.35108012","99.731000"
"200","23000","กระทรวงการอุดมศึกษา วิทยาศาสตร์ วิจัยและนวัตกรรม","23014","มหาวิทยาลัยนครพนม","2568","687.5829","595.60412131","86.623000"
"201","23000","กระทรวงการอุดมศึกษา วิทยาศาสตร์ วิจัยและนวัตกรรม","23015","สถาบันวิทยาลัยชุมชน","2568","750.3269","669.18123091","89.185000"
"202","23000","กระทรวงการอุดมศึกษา วิทยาศาสตร์ วิจัยและนวัตกรรม","23016","มหาวิทยาลัยราชภัฏเชียงราย","2568","622.1005","622.05724863","99.993000"
"203","23000","กระทรวงการอุดมศึกษา วิทยาศาสตร์ วิจัยและนวัตกรรม","23017","มหาวิทยาลัยราชภัฏเชียงใหม่","2568","714.7305","658.23559437","92.096000"
"204","23000","กระทรวงการอุดมศึกษา วิทยาศาสตร์ วิจัยและนวัตกรรม","23018","มหาวิทยาลัยราชภัฏลำปาง","2568","481.4824","388.74239268","80.739000"
"205","23000","กระทรวงการอุดมศึกษา วิทยาศาสตร์ วิจัยและนวัตกรรม","23019","มหาวิทยาลัยราชภัฏอุตรดิตถ์","2568","498.8357","415.20958521","83.236000"
"206","23000","กระทรวงการอุดมศึกษา วิทยาศาสตร์ วิจัยและนวัตกรรม","23020","มหาวิทยาลัยราชภัฏกำแพงเพชร","2568","449.5843","450.8505888","100.282000"
"207","23000","กระทรวงการอุดมศึกษา วิทยาศาสตร์ วิจัยและนวัตกรรม","23021","มหาวิทยาลัยราชภัฏนครสวรรค์","2568","656.8502","526.03475837","80.084000"
"208","23000","กระทรวงการอุดมศึกษา วิทยาศาสตร์ วิจัยและนวัตกรรม","23022","มหาวิทยาลัยราชภัฏพิบูลสงคราม","2568","597.9778","572.68486124","95.770000"
"209","23000","กระทรวงการอุดมศึกษา วิทยาศาสตร์ วิจัยและนวัตกรรม","23023","มหาวิทยาลัยราชภัฏเพชรบูรณ์","2568","424.9708","408.74453616","96.182000"
"210","23000","กระทรวงการอุดมศึกษา วิทยาศาสตร์ วิจัยและนวัตกรรม","23024","มหาวิทยาลัยราชภัฏมหาสารคาม","2568","486.1524","408.97879587","84.126000"
"211","23000","กระทรวงการอุดมศึกษา วิทยาศาสตร์ วิจัยและนวัตกรรม","23025","มหาวิทยาลัยราชภัฏเลย","2568","428.3405","366.43525178","85.548000"
"212","23000","กระทรวงการอุดมศึกษา วิทยาศาสตร์ วิจัยและนวัตกรรม","23026","มหาวิทยาลัยราชภัฏสกลนคร","2568","543.6688","445.18335897","81.885000"
"213","23000","กระทรวงการอุดมศึกษา วิทยาศาสตร์ วิจัยและนวัตกรรม","23027","มหาวิทยาลัยราชภัฏอุดรธานี","2568","647.6778","589.99439558","91.094000"
"214","23000","กระทรวงการอุดมศึกษา วิทยาศาสตร์ วิจัยและนวัตกรรม","23028","มหาวิทยาลัยราชภัฏนครราชสีมา","2568","525.799","520.95383514","99.079000"
"215","23000","กระทรวงการอุดมศึกษา วิทยาศาสตร์ วิจัยและนวัตกรรม","23029","มหาวิทยาลัยราชภัฏบุรีรัมย์","2568","502.3864","459.26692028","91.417000"
"216","23000","กระทรวงการอุดมศึกษา วิทยาศาสตร์ วิจัยและนวัตกรรม","23030","มหาวิทยาลัยราชภัฏสุรินทร์","2568","515.875","437.25175382","84.759000"
"217","23000","กระทรวงการอุดมศึกษา วิทยาศาสตร์ วิจัยและนวัตกรรม","23031","มหาวิทยาลัยราชภัฏอุบลราชธานี","2568","622.0096","560.34749999","90.087000"
"218","23000","กระทรวงการอุดมศึกษา วิทยาศาสตร์ วิจัยและนวัตกรรม","23032","มหาวิทยาลัยราชภัฏราชนครินทร์","2568","423.8764","394.16563635","92.991000"
"219","23000","กระทรวงการอุดมศึกษา วิทยาศาสตร์ วิจัยและนวัตกรรม","23033","มหาวิทยาลัยราชภัฏเทพสตรี","2568","432.8352","385.24312738","89.005000"
"220","23000","กระทรวงการอุดมศึกษา วิทยาศาสตร์ วิจัยและนวัตกรรม","23034","มหาวิทยาลัยราชภัฏพระนครศรีอยุธยา","2568","432.2303","361.92022516","83.733000"
"221","23000","กระทรวงการอุดมศึกษา วิทยาศาสตร์ วิจัยและนวัตกรรม","23035","มหาวิทยาลัยราชภัฏวไลยอลงกรณ์ ในพระบรมราชูปถัมภ์ จังหวัดปทุมธานี","2568","602.413","484.05255854","80.352000"
"222","23000","กระทรวงการอุดมศึกษา วิทยาศาสตร์ วิจัยและนวัตกรรม","23036","มหาวิทยาลัยราชภัฏรำไพพรรณี","2568","516.9159","443.46248851","85.790000"
"223","23000","กระทรวงการอุดมศึกษา วิทยาศาสตร์ วิจัยและนวัตกรรม","23037","มหาวิทยาลัยราชภัฏกาญจนบุรี","2568","427.3766","365.5104393","85.524000"
"224","23000","กระทรวงการอุดมศึกษา วิทยาศาสตร์ วิจัยและนวัตกรรม","23038","มหาวิทยาลัยราชภัฏนครปฐม","2568","582.1622","520.19939428","89.356000"
"225","23000","กระทรวงการอุดมศึกษา วิทยาศาสตร์ วิจัยและนวัตกรรม","23039","มหาวิทยาลัยราชภัฏเพชรบุรี","2568","719.1533","621.16318614","86.374000"
"226","23000","กระทรวงการอุดมศึกษา วิทยาศาสตร์ วิจัยและนวัตกรรม","23040","มหาวิทยาลัยราชภัฏหมู่บ้านจอมบึง","2568","414.9046","369.18212823","88.980000"
"227","23000","กระทรวงการอุดมศึกษา วิทยาศาสตร์ วิจัยและนวัตกรรม","23041","มหาวิทยาลัยราชภัฏนครศรีธรรมราช","2568","502.7606","414.51982562","82.449000"
"228","23000","กระทรวงการอุดมศึกษา วิทยาศาสตร์ วิจัยและนวัตกรรม","23042","มหาวิทยาลัยราชภัฏภูเก็ต","2568","424.6595","380.74104314","89.658000"
"229","23000","กระทรวงการอุดมศึกษา วิทยาศาสตร์ วิจัยและนวัตกรรม","23043","มหาวิทยาลัยราชภัฏยะลา","2568","493.7335","461.88487776","93.549000"
"230","23000","กระทรวงการอุดมศึกษา วิทยาศาสตร์ วิจัยและนวัตกรรม","23044","มหาวิทยาลัยราชภัฏสงขลา","2568","569.8435","489.5658854","85.912000"
"231","23000","กระทรวงการอุดมศึกษา วิทยาศาสตร์ วิจัยและนวัตกรรม","23045","มหาวิทยาลัยราชภัฏสุราษฎร์ธานี","2568","735.9102","505.64986495","68.711000"
"232","23000","กระทรวงการอุดมศึกษา วิทยาศาสตร์ วิจัยและนวัตกรรม","23046","มหาวิทยาลัยราชภัฏจันทรเกษม","2568","521.0814","421.63635875","80.916000"
"233","23000","กระทรวงการอุดมศึกษา วิทยาศาสตร์ วิจัยและนวัตกรรม","23047","มหาวิทยาลัยราชภัฏธนบุรี","2568","416.8561","317.41306589","76.145000"
"234","23000","กระทรวงการอุดมศึกษา วิทยาศาสตร์ วิจัยและนวัตกรรม","23048","มหาวิทยาลัยราชภัฏบ้านสมเด็จเจ้าพระยา","2568","588.6221","567.84256678","96.470000"
"235","23000","กระทรวงการอุดมศึกษา วิทยาศาสตร์ วิจัยและนวัตกรรม","23049","มหาวิทยาลัยราชภัฏพระนคร","2568","596.5016","520.46588752","87.253000"
"236","23000","กระทรวงการอุดมศึกษา วิทยาศาสตร์ วิจัยและนวัตกรรม","23050","มหาวิทยาลัยราชภัฏสวนสุนันทา","2568","843.492","796.49895988","94.429000"
"237","23000","กระทรวงการอุดมศึกษา วิทยาศาสตร์ วิจัยและนวัตกรรม","23051","มหาวิทยาลัยราชภัฏชัยภูมิ","2568","317.9735","168.90900744","53.120000"
"238","23000","กระทรวงการอุดมศึกษา วิทยาศาสตร์ วิจัยและนวัตกรรม","23052","มหาวิทยาลัยราชภัฏร้อยเอ็ด","2568","298.5139","243.487","81.566000"
"239","23000","กระทรวงการอุดมศึกษา วิทยาศาสตร์ วิจัยและนวัตกรรม","23053","มหาวิทยาลัยราชภัฏศรีสะเกษ","2568","373.0896","313.13770964","83.931000"
"240","23000","กระทรวงการอุดมศึกษา วิทยาศาสตร์ วิจัยและนวัตกรรม","23054","มหาวิทยาลัยเทคโนโลยีราชมงคลธัญบุรี","2568","1490.1682","1311.66704018","88.021000"
"241","23000","กระทรวงการอุดมศึกษา วิทยาศาสตร์ วิจัยและนวัตกรรม","23055","มหาวิทยาลัยเทคโนโลยีราชมงคลกรุงเทพ","2568","658.6463","523.94329152","79.549000"
"242","23000","กระทรวงการอุดมศึกษา วิทยาศาสตร์ วิจัยและนวัตกรรม","23056","มหาวิทยาลัยเทคโนโลยีราชมงคลตะวันออก","2568","811.6944","656.74200418","80.910000"
"243","23000","กระทรวงการอุดมศึกษา วิทยาศาสตร์ วิจัยและนวัตกรรม","23057","มหาวิทยาลัยเทคโนโลยีราชมงคลพระนคร","2568","739.4197","683.47300614","92.434000"
"244","23000","กระทรวงการอุดมศึกษา วิทยาศาสตร์ วิจัยและนวัตกรรม","23058","มหาวิทยาลัยเทคโนโลยีราชมงคลรัตนโกสินทร์","2568","817.3442","736.50140657","90.109000"
"245","23000","กระทรวงการอุดมศึกษา วิทยาศาสตร์ วิจัยและนวัตกรรม","23059","มหาวิทยาลัยเทคโนโลยีราชมงคลล้านนา","2568","1213.4409","1137.13808113","93.712000"
"246","23000","กระทรวงการอุดมศึกษา วิทยาศาสตร์ วิจัยและนวัตกรรม","23060","มหาวิทยาลัยเทคโนโลยีราชมงคลศรีวิชัย","2568","911.5256","858.77238096","94.213000"
"247","23000","กระทรวงการอุดมศึกษา วิทยาศาสตร์ วิจัยและนวัตกรรม","23061","มหาวิทยาลัยเทคโนโลยีราชมงคลสุวรรณภูมิ","2568","837.5074","760.18237367","90.767000"
"248","23000","กระทรวงการอุดมศึกษา วิทยาศาสตร์ วิจัยและนวัตกรรม","23062","มหาวิทยาลัยเทคโนโลยีราชมงคลอีสาน","2568","1467.8148","1409.03543051","95.995000"
"249","23000","กระทรวงการอุดมศึกษา วิทยาศาสตร์ วิจัยและนวัตกรรม","23063","สำนักงานพัฒนาเทคโนโลยีอวกาศและภูมิสารสนเทศ (องค์การมหาชน)","2568","1123.0766","1123.0766","100.000000"
"250","23000","กระทรวงการอุดมศึกษา วิทยาศาสตร์ วิจัยและนวัตกรรม","23064","สถาบันเทคโนโลยีนิวเคลียร์แห่งชาติ (องค์การมหาชน)","2568","436.6485","436.6485","100.000000"
"251","23000","กระทรวงการอุดมศึกษา วิทยาศาสตร์ วิจัยและนวัตกรรม","23065","สถาบันวิจัยแสงซินโครตรอน (องค์การมหาชน)","2568","386.8577","386.8577","100.000000"
"252","23000","กระทรวงการอุดมศึกษา วิทยาศาสตร์ วิจัยและนวัตกรรม","23066","สถาบันวิจัยดาราศาสตร์แห่งชาติ (องค์การมหาชน)","2568","417.4581","417.4581","100.000000"
"253","23000","กระทรวงการอุดมศึกษา วิทยาศาสตร์ วิจัยและนวัตกรรม","23067","สำนักงานนวัตกรรมแห่งชาติ (องค์การมหาชน)","2568","362.2844","362.2844","100.000000"
"254","23000","กระทรวงการอุดมศึกษา วิทยาศาสตร์ วิจัยและนวัตกรรม","23068","ศูนย์ความเป็นเลิศด้านชีววิทยาศาสตร์ (องค์การมหาชน)","2568","192.5777","192.5777","100.000000"
"255","23000","กระทรวงการอุดมศึกษา วิทยาศาสตร์ วิจัยและนวัตกรรม","23069","สถาบันสารสนเทศทรัพยากรน้ำ (องค์การมหาชน)","2568","417.1929","417.1929","100.000000"
"256","23000","กระทรวงการอุดมศึกษา วิทยาศาสตร์ วิจัยและนวัตกรรม","23070","สำนักงานพัฒนาวิทยาศาสตร์และเทคโนโลยีแห่งชาติ","2568","5028.8387","5028.8387","100.000000"
"257","23000","กระทรวงการอุดมศึกษา วิทยาศาสตร์ วิจัยและนวัตกรรม","23071","สถาบันมาตรวิทยาแห่งชาติ","2568","417.3465","417.3465","100.000000"
"258","23000","กระทรวงการอุดมศึกษา วิทยาศาสตร์ วิจัยและนวัตกรรม","23072","สำนักงานสภานโยบายการอุดมศึกษา วิทยาศาสตร์ วิจัยและนวัตกรรมแห่งชาติ","2568","185.737","185.737","100.000000"
"259","23000","กระทรวงการอุดมศึกษา วิทยาศาสตร์ วิจัยและนวัตกรรม","23073","สำนักงานคณะกรรมการส่งเสริมวิทยาศาสตร์  วิจัยและนวัตกรรม","2568","213.9759","213.9759","100.000000"
"260","23000","กระทรวงการอุดมศึกษา วิทยาศาสตร์ วิจัยและนวัตกรรม","23074","จุฬาลงกรณ์มหาวิทยาลัย","2568","5837.4625","5856.14080208","100.320000"
"261","23000","กระทรวงการอุดมศึกษา วิทยาศาสตร์ วิจัยและนวัตกรรม","23075","มหาวิทยาลัยเกษตรศาสตร์","2568","5827.0544","5827.81541413","100.013000"
"262","23000","กระทรวงการอุดมศึกษา วิทยาศาสตร์ วิจัยและนวัตกรรม","23076","มหาวิทยาลัยขอนแก่น","2568","5265.0704","5259.92323131","99.902000"
"263","23000","กระทรวงการอุดมศึกษา วิทยาศาสตร์ วิจัยและนวัตกรรม","23077","มหาวิทยาลัยธรรมศาสตร์","2568","4593.6508","4588.22919698","99.882000"
"264","23000","กระทรวงการอุดมศึกษา วิทยาศาสตร์ วิจัยและนวัตกรรม","23078","มหาวิทยาลัยสงขลานครินทร์","2568","5306.0862","5335.12355135","100.547000"
"265","23000","กระทรวงการอุดมศึกษา วิทยาศาสตร์ วิจัยและนวัตกรรม","23079","มหาวิทยาลัยแม่โจ้","2568","1451.1436","1450.847126","99.980000"
"266","23000","กระทรวงการอุดมศึกษา วิทยาศาสตร์ วิจัยและนวัตกรรม","23080","สถาบันเทคโนโลยีพระจอมเกล้าเจ้าคุณทหารลาดกระบัง","2568","2208.1271","2212.36771604","100.192000"
"267","23000","กระทรวงการอุดมศึกษา วิทยาศาสตร์ วิจัยและนวัตกรรม","23081","มหาวิทยาลัยเทคโนโลยีพระจอมเกล้าพระนครเหนือ","2568","2111.4405","2108.44640665","99.858000"
"268","23000","กระทรวงการอุดมศึกษา วิทยาศาสตร์ วิจัยและนวัตกรรม","23082","สถาบันบัณฑิตพัฒนบริหารศาสตร์","2568","602.7722","601.54090535","99.796000"
"269","23000","กระทรวงการอุดมศึกษา วิทยาศาสตร์ วิจัยและนวัตกรรม","23083","มหาวิทยาลัยพะเยา","2568","1250.9508","1250.9508","100.000000"
"270","23000","กระทรวงการอุดมศึกษา วิทยาศาสตร์ วิจัยและนวัตกรรม","23084","มหาวิทยาลัยเทคโนโลยีสุรนารี","2568","2010.5947","2010.5947","100.000000"
"271","23000","กระทรวงการอุดมศึกษา วิทยาศาสตร์ วิจัยและนวัตกรรม","23085","มหาวิทยาลัยวลัยลักษณ์","2568","1777.0007","1777.0007","100.000000"
"272","23000","กระทรวงการอุดมศึกษา วิทยาศาสตร์ วิจัยและนวัตกรรม","23086","มหาวิทยาลัยเทคโนโลยีพระจอมเกล้าธนบุรี","2568","1528.8359","1528.8359","100.000000"
"273","23000","กระทรวงการอุดมศึกษา วิทยาศาสตร์ วิจัยและนวัตกรรม","23087","มหาวิทยาลัยแม่ฟ้าหลวง","2568","1911.6948","1911.6948","100.000000"
"274","23000","กระทรวงการอุดมศึกษา วิทยาศาสตร์ วิจัยและนวัตกรรม","23088","มหาวิทยาลัยมหิดล","2568","13614.7698","13615.75684478","100.007000"
"275","23000","กระทรวงการอุดมศึกษา วิทยาศาสตร์ วิจัยและนวัตกรรม","23089","มหาวิทยาลัยมหามกุฏราชวิทยาลัย","2568","758.4301","758.4301","100.000000"
"276","23000","กระทรวงการอุดมศึกษา วิทยาศาสตร์ วิจัยและนวัตกรรม","23090","มหาวิทยาลัยมหาจุฬาลงกรณราชวิทยาลัย","2568","1727.1009","1727.1009","100.000000"
"277","23000","กระทรวงการอุดมศึกษา วิทยาศาสตร์ วิจัยและนวัตกรรม","23091","มหาวิทยาลัยบูรพา","2568","1850.2549","1847.02385967","99.825000"
"278","23000","กระทรวงการอุดมศึกษา วิทยาศาสตร์ วิจัยและนวัตกรรม","23092","มหาวิทยาลัยทักษิณ","2568","1179.3289","1178.69612613","99.946000"
"279","23000","กระทรวงการอุดมศึกษา วิทยาศาสตร์ วิจัยและนวัตกรรม","23093","มหาวิทยาลัยเชียงใหม่","2568","5942.337","5933.41395501","99.850000"
"280","23000","กระทรวงการอุดมศึกษา วิทยาศาสตร์ วิจัยและนวัตกรรม","23094","มหาวิทยาลัยสวนดุสิต","2568","1061.1488","1061.61714032","100.044000"
"281","23000","กระทรวงการอุดมศึกษา วิทยาศาสตร์ วิจัยและนวัตกรรม","23095","สถาบันดนตรีกัลยาณิวัฒนา","2568","160.61","160.61","100.000000"
"282","23000","กระทรวงการอุดมศึกษา วิทยาศาสตร์ วิจัยและนวัตกรรม","23096","มหาวิทยาลัยศิลปากร","2568","1592.3071","1593.20483924","100.056000"
"283","23000","กระทรวงการอุดมศึกษา วิทยาศาสตร์ วิจัยและนวัตกรรม","23097","มหาวิทยาลัยศรีนครินทรวิโรฒ","2568","4302.3698","4302.00233581","99.991000"
"284","23000","กระทรวงการอุดมศึกษา วิทยาศาสตร์ วิจัยและนวัตกรรม","23099","สถาบันการพยาบาลศรีสวรินทิรา สภากาชาดไทย","2568","260.9619","260.9619","100.000000"
"285","23000","กระทรวงการอุดมศึกษา วิทยาศาสตร์ วิจัยและนวัตกรรม","23100","สถาบันเทคโนโลยีจิตรลดา","2568","251.4842","251.4842","100.000000"
"286","25000","ส่วนราชการไม่สังกัดสำนักนายกรัฐมนตรี กระทรวง หรือทบวง และหน่วยงานภายใต้การควบคุมดูแลของนายกรัฐมนตรี","25003","สำนักงานพระพุทธศาสนาแห่งชาติ","2568","5460.1047","5383.22568922","98.592000"
"287","25000","ส่วนราชการไม่สังกัดสำนักนายกรัฐมนตรี กระทรวง หรือทบวง และหน่วยงานภายใต้การควบคุมดูแลของนายกรัฐมนตรี","25004","สำนักงานคณะกรรมการพิเศษเพื่อประสานงานโครงการอันเนื่องมาจากพระราชดำริ","2568","911.6869","907.95124979","99.590000"
"288","25000","ส่วนราชการไม่สังกัดสำนักนายกรัฐมนตรี กระทรวง หรือทบวง และหน่วยงานภายใต้การควบคุมดูแลของนายกรัฐมนตรี","25006","สำนักงานราชบัณฑิตยสภา","2568","196.3583","138.17440688","70.369000"
"289","25000","ส่วนราชการไม่สังกัดสำนักนายกรัฐมนตรี กระทรวง หรือทบวง และหน่วยงานภายใต้การควบคุมดูแลของนายกรัฐมนตรี","25007","สำนักงานตำรวจแห่งชาติ","2568","124354.7283","116396.73435227","93.601000"
"290","25000","ส่วนราชการไม่สังกัดสำนักนายกรัฐมนตรี กระทรวง หรือทบวง และหน่วยงานภายใต้การควบคุมดูแลของนายกรัฐมนตรี","25008","สำนักงานป้องกันและปราบปรามการฟอกเงิน","2568","524.0118","519.2636284","99.094000"
"291","25000","ส่วนราชการไม่สังกัดสำนักนายกรัฐมนตรี กระทรวง หรือทบวง และหน่วยงานภายใต้การควบคุมดูแลของนายกรัฐมนตรี","25016","ศูนย์อำนวยการบริหารจังหวัดชายแดนภาคใต้","2568","1495.5844","1315.44312796","87.955000"
"292","25000","ส่วนราชการไม่สังกัดสำนักนายกรัฐมนตรี กระทรวง หรือทบวง และหน่วยงานภายใต้การควบคุมดูแลของนายกรัฐมนตรี","25017","สำนักงานคณะกรรมการป้องกันและปราบปรามการทุจริตในภาครัฐ","2568","769.2023","568.19411254","73.868000"
"293","25000","ส่วนราชการไม่สังกัดสำนักนายกรัฐมนตรี กระทรวง หรือทบวง และหน่วยงานภายใต้การควบคุมดูแลของนายกรัฐมนตรี","25020","สำนักงานคณะกรรมการนโยบายเขตพัฒนาพิเศษภาคตะวันออก","2568","1531.6351","1531.6351","100.000000"
"294","25000","ส่วนราชการไม่สังกัดสำนักนายกรัฐมนตรี กระทรวง หรือทบวง และหน่วยงานภายใต้การควบคุมดูแลของนายกรัฐมนตรี","25022","สำนักงานส่งเสริมวิสาหกิจเพื่อสังคม","2568","21.7131","21.7131","100.000000"
"295","27000","หน่วยงานของรัฐสภา","27001","สำนักงานเลขาธิการวุฒิสภา","2568","2247.0107","1928.04561402","85.805000"
"296","27000","หน่วยงานของรัฐสภา","27002","สำนักงานเลขาธิการสภาผู้แทนราษฎร","2568","5585.2452","4553.09835979","81.520000"
"297","27000","หน่วยงานของรัฐสภา","27003","สถาบันพระปกเกล้า","2568","702.8232","702.8232","100.000000"
"298","28000","หน่วยงานของศาล","28001","สำนักงานศาลรัฐธรรมนูญ","2568","388.8739","388.8739","100.000000"
"299","28000","หน่วยงานของศาล","28002","สำนักงานศาลยุติธรรม","2568","22677.2013","22677.2013","100.000000"
"300","28000","หน่วยงานของศาล","28003","สำนักงานศาลปกครอง","2568","3364.4481","3364.4481","100.000000"
"301","29000","หน่วยงานขององค์กรอิสระและองค์กรอัยการ","29001","สำนักงานคณะกรรมการการเลือกตั้ง","2568","3268.518","3268.518","100.000000"
"302","29000","หน่วยงานขององค์กรอิสระและองค์กรอัยการ","29002","สำนักงานผู้ตรวจการแผ่นดิน","2568","488.1084","488.1084","100.000000"
"303","29000","หน่วยงานขององค์กรอิสระและองค์กรอัยการ","29003","สำนักงานคณะกรรมการป้องกันและปราบปรามการทุจริตแห่งชาติ","2568","4458.7195","4458.7195","100.000000"
"304","29000","หน่วยงานขององค์กรอิสระและองค์กรอัยการ","29004","สำนักงานการตรวจเงินแผ่นดิน","2568","3192.3926","3192.3926","100.000000"
"305","29000","หน่วยงานขององค์กรอิสระและองค์กรอัยการ","29005","สำนักงานคณะกรรมการสิทธิมนุษยชนแห่งชาติ","2568","331.388","331.388","100.000000"
"306","29000","หน่วยงานขององค์กรอิสระและองค์กรอัยการ","29006","สำนักงานอัยการสูงสุด","2568","14372.4359","14344.628477","99.807000"
"307","50000","รัฐวิสาหกิจ","50101","องค์การตลาดเพื่อเกษตรกร","2568","82.2075","37.0664435","45.089000"
"308","50000","รัฐวิสาหกิจ","50105","องค์การอุตสาหกรรมป่าไม้","2568","158.1135","148.2394","93.755000"
"309","50000","รัฐวิสาหกิจ","50110","การยางแห่งประเทศไทย","2568","187.5897","187.5897","100.000000"
"310","50000","รัฐวิสาหกิจ","50301","การทางพิเศษแห่งประเทศไทย","2568","1965.1008","1965.10059879","100.000000"
"311","50000","รัฐวิสาหกิจ","50302","องค์การขนส่งมวลชนกรุงเทพ","2568","4138.9892","2681.17927366","64.779000"
"312","50000","รัฐวิสาหกิจ","50311","สถาบันการบินพลเรือน","2568","285.0065","217.5215911","76.322000"
"313","50000","รัฐวิสาหกิจ","50312","การรถไฟแห่งประเทศไทย","2568","21525.7419","16620.21951544","77.211000"
"314","50000","รัฐวิสาหกิจ","50313","การรถไฟฟ้าขนส่งมวลชนแห่งประเทศไทย","2568","23270.2571","23232.68005474","99.839000"
"315","50000","รัฐวิสาหกิจ","50314","บริษัท  ขนส่ง   จำกัด","2568","39.0294","38.9","99.668000"
"316","50000","รัฐวิสาหกิจ","50404","การท่องเที่ยวแห่งประเทศไทย","2568","6231.586","6228.35165449","99.948000"
"317","50000","รัฐวิสาหกิจ","50501","สถาบันวิจัยวิทยาศาสตร์และเทคโนโลยีแห่งประเทศไทย","2568","794.7714","624.14305738","78.531000"
"318","50000","รัฐวิสาหกิจ","50502","องค์การพิพิธภัณฑ์วิทยาศาสตร์แห่งชาติ","2568","1120.5607","840.24503348","74.984000"
"319","50000","รัฐวิสาหกิจ","50503","องค์การสวนพฤกษศาสตร์","2568","204.892","167.88555776","81.939000"
"320","50000","รัฐวิสาหกิจ","50510","องค์การจัดการน้ำเสีย","2568","1943.082","988.08149013","50.851000"
"321","50000","รัฐวิสาหกิจ","50601","การประปานครหลวง","2568","41.865","",""
"322","50000","รัฐวิสาหกิจ","50602","การประปาส่วนภูมิภาค","2568","4510.2927","1932.31280607","42.842000"
"323","50000","รัฐวิสาหกิจ","50603","การเคหะแห่งชาติ","2568","990.9135","679.76065793","68.599000"
"324","50000","รัฐวิสาหกิจ","50604","การกีฬาแห่งประเทศไทย","2568","2900.3829","2859.49448557","98.590000"
"325","50000","รัฐวิสาหกิจ","50605","องค์การสวนสัตว์แห่งประเทศไทย","2568","2316.331","1308.10022818","56.473000"
"326","50000","รัฐวิสาหกิจ","50703","ธนาคารเพื่อการเกษตรและสหกรณ์การเกษตร","2568","28476.1895","28476.1895","100.000000"
"327","50000","รัฐวิสาหกิจ","50704","ธนาคารออมสิน","2568","1129.7908","1129.7908","100.000000"
"328","50000","รัฐวิสาหกิจ","50711","บรรษัทประกันสินเชื่ออุตสาหกรรมขนาดย่อม","2568","8275.6866","8275.6866","100.000000"
"329","56000","ส่วนราชการในพระองค์","56001","ส่วนราชการในพระองค์","2568","8475","8475","100.000000"
"330","60000","สภากาชาดไทย","60001","สภากาชาดไทย","2568","9178.6456","8536.618522","93.005000"
"331","65000","หน่วยงานอื่นของรัฐ","65001","สำนักงานคณะกรรมการการแข่งขันทางการค้า","2568","228.5834","228.5834","100.000000"
"332","65000","หน่วยงานอื่นของรัฐ","65003","สำนักงานสภาเกษตรกรแห่งชาติ","2568","402.629","402.629","100.000000"
"333","70000","จังหวัดและกลุ่มจังหวัด","70011","จังหวัดนนทบุรี","2568","238.0007","167.95499946","70.569000"
"334","70000","จังหวัดและกลุ่มจังหวัด","70012","จังหวัดปทุมธานี","2568","247.4789","118.07279679","47.710000"
"335","70000","จังหวัดและกลุ่มจังหวัด","70013","จังหวัดพระนครศรีอยุธยา","2568","243.4441","170.69779714","70.118000"
"336","70000","จังหวัดและกลุ่มจังหวัด","70014","จังหวัดสระบุรี","2568","207.4412","182.61822509","88.034000"
"337","70000","จังหวัดและกลุ่มจังหวัด","70021","จังหวัดชัยนาท","2568","212.8494","169.46753603","79.619000"
"338","70000","จังหวัดและกลุ่มจังหวัด","70022","จังหวัดลพบุรี","2568","218.0662","129.67507423","59.466000"
"339","70000","จังหวัดและกลุ่มจังหวัด","70023","จังหวัดสิงห์บุรี","2568","160.2179","126.14055849","78.731000"
"340","70000","จังหวัดและกลุ่มจังหวัด","70024","จังหวัดอ่างทอง","2568","197.5183","145.31421118","73.570000"
"341","70000","จังหวัดและกลุ่มจังหวัด","70031","จังหวัดฉะเชิงเทรา","2568","267.5332","139.92920067","52.303000"
"342","70000","จังหวัดและกลุ่มจังหวัด","70032","จังหวัดปราจีนบุรี","2568","226.6549","130.06638533","57.385000"
"343","70000","จังหวัดและกลุ่มจังหวัด","70033","จังหวัดสระแก้ว","2568","232.9073","226.45411288","97.229000"
"344","70000","จังหวัดและกลุ่มจังหวัด","70034","จังหวัดนครนายก","2568","162.3633","107.20484818","66.028000"
"345","70000","จังหวัดและกลุ่มจังหวัด","70035","จังหวัดสมุทรปราการ","2568","330.3188","152.77571672","46.251000"
"346","70000","จังหวัดและกลุ่มจังหวัด","70041","จังหวัดกาญจนบุรี","2568","251.0027","213.38490532","85.013000"
"347","70000","จังหวัดและกลุ่มจังหวัด","70042","จังหวัดนครปฐม","2568","231.5695","212.5772414","91.798000"
"348","70000","จังหวัดและกลุ่มจังหวัด","70043","จังหวัดราชบุรี","2568","239.0472","232.75845131","97.369000"
"349","70000","จังหวัดและกลุ่มจังหวัด","70044","จังหวัดสุพรรณบุรี","2568","251.1033","168.3716066","67.053000"
"350","70000","จังหวัดและกลุ่มจังหวัด","70050","กลุ่มจังหวัดภาคกลางตอนล่าง 2","2568","272.7611","237.07317677","86.916000"
"351","70000","จังหวัดและกลุ่มจังหวัด","70051","จังหวัดประจวบคีรีขันธ์","2568","189.9028","116.94917878","61.584000"
"352","70000","จังหวัดและกลุ่มจังหวัด","70052","จังหวัดเพชรบุรี","2568","206.1111","203.24250294","98.608000"
"353","70000","จังหวัดและกลุ่มจังหวัด","70053","จังหวัดสมุทรสาคร","2568","249.4597","242.3355287","97.144000"
"354","70000","จังหวัดและกลุ่มจังหวัด","70054","จังหวัดสมุทรสงคราม","2568","151.0311","64.18748868","42.500000"
"355","70000","จังหวัดและกลุ่มจังหวัด","70061","จังหวัดชุมพร","2568","199.0131","99.38346602","49.938000"
"356","70000","จังหวัดและกลุ่มจังหวัด","70062","จังหวัดสุราษฎร์ธานี","2568","247.6016","104.20788653","42.087000"
"357","70000","จังหวัดและกลุ่มจังหวัด","70063","จังหวัดนครศรีธรรมราช","2568","298.4745","143.55440416","48.096000"
"358","70000","จังหวัดและกลุ่มจังหวัด","70064","จังหวัดพัทลุง","2568","219.9261","151.01470129","68.666000"
"359","70000","จังหวัดและกลุ่มจังหวัด","70071","จังหวัดระนอง","2568","213.9778","120.77677898","56.444000"
"360","70000","จังหวัดและกลุ่มจังหวัด","70072","จังหวัดพังงา","2568","151.0121","58.35396537","38.642000"
"361","70000","จังหวัดและกลุ่มจังหวัด","70073","จังหวัดภูเก็ต","2568","169.1655","58.90048467","34.818000"
"362","70000","จังหวัดและกลุ่มจังหวัด","70074","จังหวัดกระบี่","2568","188.2795","78.94288163","41.929000"
"363","70000","จังหวัดและกลุ่มจังหวัด","70075","จังหวัดตรัง","2568","218.1758","78.52871724","35.993000"
"364","70000","จังหวัดและกลุ่มจังหวัด","70081","จังหวัดสงขลา","2568","294.4964","100.1607132","34.011000"
"365","70000","จังหวัดและกลุ่มจังหวัด","70082","จังหวัดสตูล","2568","194.3376","126.65870312","65.175000"
"366","70000","จังหวัดและกลุ่มจังหวัด","70083","จังหวัดปัตตานี","2568","282.5546","151.89542324","53.758000"
"367","70000","จังหวัดและกลุ่มจังหวัด","70084","จังหวัดยะลา","2568","245.2097","80.23883895","32.723000"
"368","70000","จังหวัดและกลุ่มจังหวัด","70085","จังหวัดนราธิวาส","2568","242.5047","96.51739464","39.800000"
"369","70000","จังหวัดและกลุ่มจังหวัด","70091","จังหวัดจันทบุรี","2568","203.6003","119.71785567","58.800000"
"370","70000","จังหวัดและกลุ่มจังหวัด","70092","จังหวัดชลบุรี","2568","381.0021","318.8321853","83.683000"
"371","70000","จังหวัดและกลุ่มจังหวัด","70093","จังหวัดระยอง","2568","330.8295","256.71818932","77.598000"
"372","70000","จังหวัดและกลุ่มจังหวัด","70094","จังหวัดตราด","2568","177.5968","138.82406861","78.168000"
"373","70000","จังหวัดและกลุ่มจังหวัด","70100","กลุ่มจังหวัดภาคตะวันออกเฉียงเหนือตอนบน 1","2568","339.2746","222.92473857","65.706000"
"374","70000","จังหวัดและกลุ่มจังหวัด","70101","จังหวัดหนองคาย","2568","188.9039","155.56449571","82.351000"
"375","70000","จังหวัดและกลุ่มจังหวัด","70102","จังหวัดเลย","2568","210.3733","156.93133199","74.597000"
"376","70000","จังหวัดและกลุ่มจังหวัด","70103","จังหวัดอุดรธานี","2568","292.9123","282.11003575","96.312000"
"377","70000","จังหวัดและกลุ่มจังหวัด","70104","จังหวัดหนองบัวลำภู","2568","236.7137","223.48515321","94.412000"
"378","70000","จังหวัดและกลุ่มจังหวัด","70105","จังหวัดบึงกาฬ","2568","173.2657","170.18740578","98.223000"
"379","70000","จังหวัดและกลุ่มจังหวัด","70110","กลุ่มจังหวัดภาคตะวันออกเฉียงเหนือตอนบน 2","2568","273.9504","121.31240249","44.283000"
"380","70000","จังหวัดและกลุ่มจังหวัด","70111","จังหวัดนครพนม","2568","224.7752","151.1492129","67.245000"
"381","70000","จังหวัดและกลุ่มจังหวัด","70112","จังหวัดมุกดาหาร","2568","190.72","188.83289568","99.011000"
"382","70000","จังหวัดและกลุ่มจังหวัด","70113","จังหวัดสกลนคร","2568","259.3002","212.60788204","81.993000"
"383","70000","จังหวัดและกลุ่มจังหวัด","70120","กลุ่มจังหวัดภาคตะวันออกเฉียงเหนือตอนกลาง","2568","315.7129","310.30793583","98.288000"
"384","70000","จังหวัดและกลุ่มจังหวัด","70121","จังหวัดร้อยเอ็ด","2568","275.8194","198.60127319","72.004000"
"385","70000","จังหวัดและกลุ่มจังหวัด","70122","จังหวัดขอนแก่น","2568","327.1362","185.72203798","56.772000"
"386","70000","จังหวัดและกลุ่มจังหวัด","70123","จังหวัดมหาสารคาม","2568","218.2488","197.90139673","90.677000"
"387","70000","จังหวัดและกลุ่มจังหวัด","70124","จังหวัดกาฬสินธุ์","2568","300.4778","239.78335412","79.801000"
"388","70000","จังหวัดและกลุ่มจังหวัด","70130","กลุ่มจังหวัดภาคตะวันออกเฉียงเหนือตอนล่าง 2","2568","318.9598","228.99052639","71.793000"
"389","70000","จังหวัดและกลุ่มจังหวัด","70131","จังหวัดอำนาจเจริญ","2568","190.9314","68.29738716","35.771000"
"390","70000","จังหวัดและกลุ่มจังหวัด","70132","จังหวัดศรีสะเกษ","2568","308.0533","220.00682171","71.418000"
"391","70000","จังหวัดและกลุ่มจังหวัด","70133","จังหวัดยโสธร","2568","213.0504","162.47672051","76.262000"
"392","70000","จังหวัดและกลุ่มจังหวัด","70134","จังหวัดอุบลราชธานี","2568","342.2097","220.76358318","64.511000"
"393","70000","จังหวัดและกลุ่มจังหวัด","70140","กลุ่มจังหวัดภาคตะวันออกเฉียงเหนือตอนล่าง 1","2568","323.4681","233.67164579","72.239000"
"394","70000","จังหวัดและกลุ่มจังหวัด","70141","จังหวัดสุรินทร์","2568","262.4512","249.66443588","95.128000"
"395","70000","จังหวัดและกลุ่มจังหวัด","70142","จังหวัดนครราชสีมา","2568","413.0796","373.98735158","90.536000"
"396","70000","จังหวัดและกลุ่มจังหวัด","70143","จังหวัดบุรีรัมย์","2568","310.7618","276.82860342","89.081000"
"397","70000","จังหวัดและกลุ่มจังหวัด","70144","จังหวัดชัยภูมิ","2568","249.9714","242.91203177","97.176000"
"398","70000","จังหวัดและกลุ่มจังหวัด","70150","กลุ่มจังหวัดภาคเหนือตอนบน 1","2568","244.9694","70.74228473","28.878000"
"399","70000","จังหวัดและกลุ่มจังหวัด","70151","จังหวัดเชียงใหม่","2568","352.9062","265.5270641","75.240000"
"400","70000","จังหวัดและกลุ่มจังหวัด","70152","จังหวัดแม่ฮ่องสอน","2568","284.8826","168.29149302","59.074000"
"401","70000","จังหวัดและกลุ่มจังหวัด","70153","จังหวัดลำปาง","2568","239.374","129.42981771","54.070000"
"402","70000","จังหวัดและกลุ่มจังหวัด","70154","จังหวัดลำพูน","2568","187.8739","168.53403845","89.706000"
"403","70000","จังหวัดและกลุ่มจังหวัด","70160","กลุ่มจังหวัดภาคเหนือตอนบน 2","2568","283.4345","132.27921941","46.670000"
"404","70000","จังหวัดและกลุ่มจังหวัด","70161","จังหวัดน่าน","2568","230.5219","110.1923964","47.801000"
"405","70000","จังหวัดและกลุ่มจังหวัด","70162","จังหวัดพะเยา","2568","227.5177","169.8560766","74.656000"
"406","70000","จังหวัดและกลุ่มจังหวัด","70163","จังหวัดเชียงราย","2568","317.142","221.68025843","69.899000"
"407","70000","จังหวัดและกลุ่มจังหวัด","70164","จังหวัดแพร่","2568","203.2359","101.12916718","49.759000"
"408","70000","จังหวัดและกลุ่มจังหวัด","70170","กลุ่มจังหวัดภาคเหนือตอนล่าง 1","2568","343.7905","194.46614677","56.565000"
"409","70000","จังหวัดและกลุ่มจังหวัด","70171","จังหวัดตาก","2568","251.8604","156.57883134","62.169000"
"410","70000","จังหวัดและกลุ่มจังหวัด","70172","จังหวัดพิษณุโลก","2568","225.3055","135.15400364","59.987000"
"411","70000","จังหวัดและกลุ่มจังหวัด","70173","จังหวัดสุโขทัย","2568","227.5633","110.72023849","48.655000"
"412","70000","จังหวัดและกลุ่มจังหวัด","70174","จังหวัดเพชรบูรณ์","2568","232.6163","175.04661488","75.251000"
"413","70000","จังหวัดและกลุ่มจังหวัด","70175","จังหวัดอุตรดิตถ์","2568","215.8666","58.13334921","26.930000"
"414","70000","จังหวัดและกลุ่มจังหวัด","70180","กลุ่มจังหวัดภาคเหนือตอนล่าง 2","2568","276.8821","209.50527948","75.666000"
"415","70000","จังหวัดและกลุ่มจังหวัด","70181","จังหวัดกำแพงเพชร","2568","223.4078","127.57300172","57.103000"
"416","70000","จังหวัดและกลุ่มจังหวัด","70182","จังหวัดพิจิตร","2568","185.3025","102.36733316","55.243000"
"417","70000","จังหวัดและกลุ่มจังหวัด","70183","จังหวัดนครสวรรค์","2568","268.8505","141.99593684","52.816000"
"418","70000","จังหวัดและกลุ่มจังหวัด","70184","จังหวัดอุทัยธานี","2568","197.0665","163.86344147","83.151000"
"419","70000","จังหวัดและกลุ่มจังหวัด","70190","กลุ่มจังหวัดภาคกลางปริมณฑล","2568","419.04","237.83137866","56.756000"
"420","70000","จังหวัดและกลุ่มจังหวัด","70200","กลุ่มจังหวัดภาคกลางตอนบน","2568","392.0285","277.53080825","70.794000"
"421","70000","จังหวัดและกลุ่มจังหวัด","70210","กลุ่มจังหวัดภาคกลางตอนล่าง 1","2568","238.3454","234.17846816","98.252000"
"422","70000","จังหวัดและกลุ่มจังหวัด","70220","กลุ่มจังหวัดภาคใต้ฝั่งอ่าวไทย","2568","374.3662","240.77653212","64.316000"
"423","70000","จังหวัดและกลุ่มจังหวัด","70230","กลุ่มจังหวัดภาคใต้ฝั่งอันดามัน","2568","350.818","126.3918799","36.028000"
"424","70000","จังหวัดและกลุ่มจังหวัด","70240","กลุ่มจังหวัดภาคใต้ชายแดน","2568","291.92","140.72364154","48.206000"
"425","70000","จังหวัดและกลุ่มจังหวัด","70250","กลุ่มจังหวัดภาคตะวันออก 1","2568","452.1578","256.80910025","56.796000"
"426","70000","จังหวัดและกลุ่มจังหวัด","70260","กลุ่มจังหวัดภาคตะวันออก 2","2568","280.0707","157.09867945","56.093000"
"427","75000","องค์กรปกครองส่วนท้องถิ่น","75002","กรุงเทพมหานคร","2568","27810.2694","25602.37836198","92.061000"
"428","75000","องค์กรปกครองส่วนท้องถิ่น","75003","เมืองพัทยา","2568","2368.4498","1007.56141748","42.541000"
"429","75000","องค์กรปกครองส่วนท้องถิ่น","75100","เทศบาลเมืองกระบี่","2568","249.8884","249.36318","99.790000"
"430","75000","องค์กรปกครองส่วนท้องถิ่น","75101","เทศบาลตำบลกระบี่น้อย","2568","59.878","53.878","89.980000"
"431","75000","องค์กรปกครองส่วนท้องถิ่น","75105","องค์การบริหารส่วนจังหวัดกระบี่","2568","288.41","243.0299","84.265000"
"432","75000","องค์กรปกครองส่วนท้องถิ่น","7510A","เทศบาลตำบลเขาพนม","2568","44.1071","44.1071","100.000000"
"433","75000","องค์กรปกครองส่วนท้องถิ่น","7510H","เทศบาลตำบลเกาะลันตาใหญ่","2568","14.5103","14.5103","100.000000"
"434","75000","องค์กรปกครองส่วนท้องถิ่น","7510N","เทศบาลตำบลศาลาด่าน","2568","35.4163","29.8633","84.321000"
"435","75000","องค์กรปกครองส่วนท้องถิ่น","7510P","เทศบาลตำบลคลองท่อมใต้","2568","57.8859","56.76026","98.055000"
"436","75000","องค์กรปกครองส่วนท้องถิ่น","7510S","เทศบาลตำบลคลองพน","2568","25.3625","25.3625","100.000000"
"437","75000","องค์กรปกครองส่วนท้องถิ่น","7510T","เทศบาลตำบลคลองพนพัฒนา","2568","76.0765","76.0765","100.000000"
"438","75000","องค์กรปกครองส่วนท้องถิ่น","7510U","เทศบาลตำบลทรายขาว","2568","53.461","53.461","100.000000"
"439","75000","องค์กรปกครองส่วนท้องถิ่น","7510V","เทศบาลตำบลห้วยน้ำขาว","2568","40.8179","39.9739","97.932000"
"440","75000","องค์กรปกครองส่วนท้องถิ่น","7510Y","เทศบาลตำบลอ่าวลึกใต้","2568","43.7347","43.734275","99.999000"
"441","75000","องค์กรปกครองส่วนท้องถิ่น","75110","เทศบาลตำบลแหลมสัก","2568","22.382","22.382","100.000000"
"442","75000","องค์กรปกครองส่วนท้องถิ่น","75119","เทศบาลตำบลปลายพระยา","2568","43.2268","43.2268","100.000000"
"443","75000","องค์กรปกครองส่วนท้องถิ่น","7511E","เทศบาลตำบลลำทับ","2568","39.2574","38.0784","96.997000"
"444","75000","องค์กรปกครองส่วนท้องถิ่น","7511K","เทศบาลตำบลเหนือคลอง","2568","28.0523","25.8602","92.186000"
"445","75000","องค์กรปกครองส่วนท้องถิ่น","7511U","เทศบาลเมืองกาญจนบุรี","2568","317.059","317.059","100.000000"
"446","75000","องค์กรปกครองส่วนท้องถิ่น","7511V","องค์การบริหารส่วนจังหวัดกาญจนบุรี","2568","585.7026","576.4726","98.424000"
"447","75000","องค์กรปกครองส่วนท้องถิ่น","7511W","เทศบาลเมืองปากแพรก","2568","100.7628","90.8296","90.142000"
"448","75000","องค์กรปกครองส่วนท้องถิ่น","7511X","เทศบาลตำบลท่ามะขาม","2568","38.2362","38.2362","100.000000"
"449","75000","องค์กรปกครองส่วนท้องถิ่น","7511Y","เทศบาลตำบลแก่งเสี้ยน","2568","23.0884","23.0884","100.000000"
"450","75000","องค์กรปกครองส่วนท้องถิ่น","75120","เทศบาลตำบลหนองบัว","2568","29.8057","29.8057","100.000000"
"451","75000","องค์กรปกครองส่วนท้องถิ่น","75122","เทศบาลตำบลลาดหญ้า","2568","28.9182","28.9182","100.000000"
"452","75000","องค์กรปกครองส่วนท้องถิ่น","7512A","เทศบาลตำบลวังโพธิ์","2568","13.7627","13.7627","100.000000"
"453","75000","องค์กรปกครองส่วนท้องถิ่น","7512C","เทศบาลตำบลน้ำตกไทรโยคน้อย","2568","25.6752","25.6752","100.000000"
"454","75000","องค์กรปกครองส่วนท้องถิ่น","7512F","เทศบาลตำบลไทรโยค","2568","59.0851","49.2601","83.371000"
"455","75000","องค์กรปกครองส่วนท้องถิ่น","7512K","เทศบาลตำบลบ่อพลอย","2568","36.0025","36.0025","100.000000"
"456","75000","องค์กรปกครองส่วนท้องถิ่น","7512N","เทศบาลตำบลหนองรี","2568","20.9982","16.2642","77.455000"
"457","75000","องค์กรปกครองส่วนท้องถิ่น","7512W","เทศบาลตำบลเอราวัณ","2568","13.104","13.104","100.000000"
"458","75000","องค์กรปกครองส่วนท้องถิ่น","7512Y","เทศบาลตำบลเขาโจด","2568","40.2285","39.823439","98.993000"
"459","75000","องค์กรปกครองส่วนท้องถิ่น","75133","เทศบาลตำบลท่าไม้","2568","37.1066","35.2366","94.960000"
"460","75000","องค์กรปกครองส่วนท้องถิ่น","75135","เทศบาลตำบลท่ามะกา","2568","34.6969","34.6969","100.000000"
"461","75000","องค์กรปกครองส่วนท้องถิ่น","75137","เทศบาลเมืองท่าเรือพระแท่น","2568","71.482","65.878","92.160000"
"462","75000","องค์กรปกครองส่วนท้องถิ่น","75139","เทศบาลตำบลดอนขมิ้น","2568","23.9574","23.0404","96.172000"
"463","75000","องค์กรปกครองส่วนท้องถิ่น","7513A","เทศบาลตำบลลูกแก","2568","22.9526","22.9526","100.000000"
"464","75000","องค์กรปกครองส่วนท้องถิ่น","7513D","เทศบาลตำบลพระแท่น","2568","38.5948","38.5948","100.000000"
"465","75000","องค์กรปกครองส่วนท้องถิ่น","7513E","เทศบาลตำบลพระแท่นลำพระยา","2568","24.1919","24.1919","100.000000"
"466","75000","องค์กรปกครองส่วนท้องถิ่น","7513F","เทศบาลตำบลหวายเหนียว","2568","21.5452","21.5452","100.000000"
"467","75000","องค์กรปกครองส่วนท้องถิ่น","7513L","เทศบาลตำบลหนองลาน","2568","22.9526","22.9526","100.000000"
"468","75000","องค์กรปกครองส่วนท้องถิ่น","7513M","เทศบาลตำบลท่าม่วง","2568","39.1962","36.4417","92.973000"
"469","75000","องค์กรปกครองส่วนท้องถิ่น","7513P","เทศบาลตำบลวังขนาย","2568","40.7654","40.7654","100.000000"
"470","75000","องค์กรปกครองส่วนท้องถิ่น","7513Q","เทศบาลตำบลวังศาลา","2568","54.1196","52.3216","96.678000"
"471","75000","องค์กรปกครองส่วนท้องถิ่น","7513R","เทศบาลตำบลท่าล้อ","2568","30.7323","30.7323","100.000000"
"472","75000","องค์กรปกครองส่วนท้องถิ่น","7513S","เทศบาลตำบลหนองขาว","2568","26.948","26.948","100.000000"
"473","75000","องค์กรปกครองส่วนท้องถิ่น","7513T","เทศบาลตำบลหนองหญ้าดอกขาว","2568","20.0913","19.1233","95.182000"
"474","75000","องค์กรปกครองส่วนท้องถิ่น","7513W","เทศบาลตำบลม่วงชุม","2568","17.9164","17.9164","100.000000"
"475","75000","องค์กรปกครองส่วนท้องถิ่น","7513Y","เทศบาลตำบลสำรอง","2568","17.4285","17.4285","100.000000"
"476","75000","องค์กรปกครองส่วนท้องถิ่น","75142","เทศบาลตำบลหนองตากยา","2568","17.3127","17.3127","100.000000"
"477","75000","องค์กรปกครองส่วนท้องถิ่น","75144","เทศบาลตำบลทองผาภูมิ","2568","23.4747","23.4747","100.000000"
"478","75000","องค์กรปกครองส่วนท้องถิ่น","75145","เทศบาลตำบลท่าขนุน","2568","55.6129","55.6129","100.000000"
"479","75000","องค์กรปกครองส่วนท้องถิ่น","75148","เทศบาลตำบลลิ่นถิ่น","2568","38.1145","36.8337","96.640000"
"480","75000","องค์กรปกครองส่วนท้องถิ่น","7514B","เทศบาลตำบลสหกรณ์นิคม","2568","24.5189","24.5189","100.000000"
"481","75000","องค์กรปกครองส่วนท้องถิ่น","7514C","เทศบาลตำบลวังกะ","2568","45.3219","45.3219","100.000000"
"482","75000","องค์กรปกครองส่วนท้องถิ่น","7514G","เทศบาลตำบลพนมทวน","2568","22.0858","22.08559","99.999000"
"483","75000","องค์กรปกครองส่วนท้องถิ่น","7514L","เทศบาลตำบลดอนเจดีย์","2568","43.2354","23.3665","54.045000"
"484","75000","องค์กรปกครองส่วนท้องถิ่น","7514N","เทศบาลตำบลตลาดเขต","2568","27.4711","21.3881","77.857000"
"485","75000","องค์กรปกครองส่วนท้องถิ่น","7514P","เทศบาลตำบลรางหวาย","2568","29.0491","29.0491","100.000000"
"486","75000","องค์กรปกครองส่วนท้องถิ่น","7514Q","เทศบาลตำบลหนองสาหร่าย","2568","19.6325","19.6325","100.000000"
"487","75000","องค์กรปกครองส่วนท้องถิ่น","7514S","เทศบาลตำบลเลาขวัญ","2568","37.9667","37.9377","99.924000"
"488","75000","องค์กรปกครองส่วนท้องถิ่น","7514Z","เทศบาลตำบลหนองฝ้าย","2568","30.0201","30.0201","100.000000"
"489","75000","องค์กรปกครองส่วนท้องถิ่น","75151","เทศบาลตำบลด่านมะขามเตี้ย","2568","18.9852","17.56313017","92.510000"
"490","75000","องค์กรปกครองส่วนท้องถิ่น","75156","เทศบาลตำบลหนองปรือ","2568","25.6563","23.5293","91.710000"
"491","75000","องค์กรปกครองส่วนท้องถิ่น","75158","เทศบาลตำบลหนองปลาไหล","2568","31.2025","30.81299482","98.752000"
"492","75000","องค์กรปกครองส่วนท้องถิ่น","75159","เทศบาลตำบลสมเด็จเจริญ","2568","43.9213","43.9213","100.000000"
"493","75000","องค์กรปกครองส่วนท้องถิ่น","7515A","เทศบาลตำบลห้วยกระเจา","2568","53.2121","53.2121","100.000000"
"494","75000","องค์กรปกครองส่วนท้องถิ่น","7515D","เทศบาลตำบลสระลงเรือ","2568","40.9282","36.815422","89.951000"
"495","75000","องค์กรปกครองส่วนท้องถิ่น","7515E","องค์การบริหารส่วนจังหวัดกาฬสินธุ์","2568","722.5286","722.528526","100.000000"
"496","75000","องค์กรปกครองส่วนท้องถิ่น","7515F","เทศบาลเมืองกาฬสินธุ์","2568","259.3359","253.3995774","97.711000"
"497","75000","องค์กรปกครองส่วนท้องถิ่น","7515G","เทศบาลตำบลเหนือ","2568","38.6215","36.3865","94.213000"
"498","75000","องค์กรปกครองส่วนท้องถิ่น","7515H","เทศบาลตำบลหลุบ","2568","46.443","45.701","98.402000"
"499","75000","องค์กรปกครองส่วนท้องถิ่น","7515J","เทศบาลตำบลไผ่","2568","30.9612","30.9612","100.000000"
"500","75000","องค์กรปกครองส่วนท้องถิ่น","7515K","เทศบาลตำบลหนองสอ","2568","41.3537","40.9377","98.994000"
"501","75000","องค์กรปกครองส่วนท้องถิ่น","7515L","เทศบาลตำบลลำพาน","2568","40.7434","40.7434","100.000000"
"502","75000","องค์กรปกครองส่วนท้องถิ่น","7515M","เทศบาลตำบลเชียงเครือ","2568","40.9361","40.9361","100.000000"
"503","75000","องค์กรปกครองส่วนท้องถิ่น","7515N","เทศบาลตำบลบึงวิชัย","2568","38.5785","38.5785","100.000000"
"504","75000","องค์กรปกครองส่วนท้องถิ่น","7515P","เทศบาลตำบลห้วยโพธิ์","2568","67.8908","64.52079","95.036000"
"505","75000","องค์กรปกครองส่วนท้องถิ่น","7515Q","เทศบาลตำบลภูปอ","2568","30.068","30.068","100.000000"
"506","75000","องค์กรปกครองส่วนท้องถิ่น","7515R","เทศบาลตำบลภูดิน","2568","32.7443","32.7443","100.000000"
"507","75000","องค์กรปกครองส่วนท้องถิ่น","7515T","เทศบาลตำบลกลางหมื่น","2568","27.5235","24.7065","89.765000"
"508","75000","องค์กรปกครองส่วนท้องถิ่น","7515U","เทศบาลตำบลขมิ้น","2568","38.023","38.023","100.000000"
"509","75000","องค์กรปกครองส่วนท้องถิ่น","7515V","เทศบาลตำบลโพนทอง","2568","28.2064","24.6739","87.476000"
"510","75000","องค์กรปกครองส่วนท้องถิ่น","7515W","เทศบาลตำบลนาจารย์","2568","42.7169","42.7169","100.000000"
"511","75000","องค์กรปกครองส่วนท้องถิ่น","7515X","เทศบาลตำบลลำคลอง","2568","26.4632","26.4632","100.000000"
"512","75000","องค์กรปกครองส่วนท้องถิ่น","7515Y","เทศบาลตำบลนามน","2568","34.0346","32.0346","94.124000"
"513","75000","องค์กรปกครองส่วนท้องถิ่น","75161","เทศบาลตำบลสงเปลือย","2568","38.7407","32.8608","84.822000"
"514","75000","องค์กรปกครองส่วนท้องถิ่น","75164","เทศบาลตำบลกมลาไสย","2568","52.7465","50.8765","96.455000"
"515","75000","องค์กรปกครองส่วนท้องถิ่น","75166","เทศบาลตำบลหลักเมือง","2568","33.3694","33.3694","100.000000"
"516","75000","องค์กรปกครองส่วนท้องถิ่น","75168","เทศบาลตำบลดงลิง","2568","51.8205","51.8205","100.000000"
"517","75000","องค์กรปกครองส่วนท้องถิ่น","75169","เทศบาลตำบลธัญญา","2568","37.812","37.55170816","99.312000"
"518","75000","องค์กรปกครองส่วนท้องถิ่น","7516B","เทศบาลตำบลหนองแปน","2568","36.7873","36.7128","99.797000"
"519","75000","องค์กรปกครองส่วนท้องถิ่น","7516E","เทศบาลตำบลร่องคำ","2568","46.1946","41.6146","90.085000"
"520","75000","องค์กรปกครองส่วนท้องถิ่น","7516H","เทศบาลเมืองกุฉินารายณ์","2568","88.5153","86.0503","97.215000"
"521","75000","องค์กรปกครองส่วนท้องถิ่น","7516L","เทศบาลตำบลเหล่าใหญ่","2568","43.6804","43.1804","98.855000"
"522","75000","องค์กรปกครองส่วนท้องถิ่น","7516M","เทศบาลตำบลจุมจัง","2568","47.22","47.118","99.784000"
"523","75000","องค์กรปกครองส่วนท้องถิ่น","7516P","เทศบาลตำบลกุดหว้า","2568","38.5806","35.6796","92.481000"
"524","75000","องค์กรปกครองส่วนท้องถิ่น","7516S","เทศบาลตำบลนาขาม","2568","61.555","61.555","100.000000"
"525","75000","องค์กรปกครองส่วนท้องถิ่น","7516X","เทศบาลตำบลกุดสิม","2568","44.3378","39.4148","88.897000"
"526","75000","องค์กรปกครองส่วนท้องถิ่น","7516Z","เทศบาลตำบลสงเปลือย","2568","35.2695","35.2695","100.000000"
"527","75000","องค์กรปกครองส่วนท้องถิ่น","75171","เทศบาลตำบลกุดสิมคุ้มใหม่","2568","21.0383","21.0383","100.000000"
"528","75000","องค์กรปกครองส่วนท้องถิ่น","75172","เทศบาลตำบลสระพังทอง","2568","23.2031","23.2031","100.000000"
"529","75000","องค์กรปกครองส่วนท้องถิ่น","75173","เทศบาลตำบลยางตลาด","2568","38.9162","38.9162","100.000000"
"530","75000","องค์กรปกครองส่วนท้องถิ่น","75176","เทศบาลตำบลอุ่มเม่า","2568","25.1454","23.366991","92.927000"
"531","75000","องค์กรปกครองส่วนท้องถิ่น","75177","เทศบาลตำบลโคกศรี","2568","22.2466","22.2466","100.000000"
"532","75000","องค์กรปกครองส่วนท้องถิ่น","75178","เทศบาลตำบลบัวบาน","2568","62.4775","62.4775","100.000000"
"533","75000","องค์กรปกครองส่วนท้องถิ่น","7517A","เทศบาลตำบลอิตื้อ","2568","44.9314","43.6256","97.094000"
"534","75000","องค์กรปกครองส่วนท้องถิ่น","7517B","เทศบาลตำบลหัวนาคำ","2568","60.1799","60.1799","100.000000"
"535","75000","องค์กรปกครองส่วนท้องถิ่น","7517G","เทศบาลตำบลเขาพระนอน","2568","37.5724","35.41688","94.263000"
"536","75000","องค์กรปกครองส่วนท้องถิ่น","7517J","เทศบาลตำบลโนนสูง","2568","40.6619","40.6619","100.000000"
"537","75000","องค์กรปกครองส่วนท้องถิ่น","7517L","เทศบาลตำบลท่าลาดดงยาง","2568","21.2747","21.0411","98.902000"
"538","75000","องค์กรปกครองส่วนท้องถิ่น","7517M","เทศบาลตำบลห้วยเม็ก","2568","29.5921","29.0976","98.329000"
"539","75000","องค์กรปกครองส่วนท้องถิ่น","7517N","เทศบาลตำบลคำใหญ่","2568","27.1692","27.1692","100.000000"
"540","75000","องค์กรปกครองส่วนท้องถิ่น","7517U","เทศบาลตำบลคำเหมือดแก้ว","2568","32.7356","31.24844566","95.457000"
"541","75000","องค์กรปกครองส่วนท้องถิ่น","7517X","เทศบาลตำบลภูสิงห์","2568","23.6818","23.6818","100.000000"
"542","75000","องค์กรปกครองส่วนท้องถิ่น","7517Z","เทศบาลตำบลนามะเขือ","2568","42.4922","42.4922","100.000000"
"543","75000","องค์กรปกครองส่วนท้องถิ่น","75180","เทศบาลตำบลโนนศิลา","2568","41.9137","41.9137","100.000000"
"544","75000","องค์กรปกครองส่วนท้องถิ่น","75181","เทศบาลตำบลนิคม","2568","25.1891","25.1891","100.000000"
"545","75000","องค์กรปกครองส่วนท้องถิ่น","75183","เทศบาลตำบลโนนบุรี","2568","29.2156","21.828573","74.715000"
"546","75000","องค์กรปกครองส่วนท้องถิ่น","75184","เทศบาลตำบลโนนน้ำเกลี้ยง","2568","24.6058","23.2778","94.603000"
"547","75000","องค์กรปกครองส่วนท้องถิ่น","75185","เทศบาลตำบลคำม่วง","2568","26.3724","26.3724","100.000000"
"548","75000","องค์กรปกครองส่วนท้องถิ่น","75187","เทศบาลตำบลโพน","2568","25.5568","25.0573","98.046000"
"549","75000","องค์กรปกครองส่วนท้องถิ่น","7518B","เทศบาลตำบลนาทัน","2568","63.2925","63.2925","100.000000"
"550","75000","องค์กรปกครองส่วนท้องถิ่น","7518D","เทศบาลตำบลกุงเก่า","2568","34.9667","31.3442","89.640000"
"551","75000","องค์กรปกครองส่วนท้องถิ่น","7518F","เทศบาลตำบลกุดจิก","2568","29.3678","28.0278","95.437000"
"552","75000","องค์กรปกครองส่วนท้องถิ่น","7518G","เทศบาลตำบลท่าคันโท","2568","44.53","44.53","100.000000"
"553","75000","องค์กรปกครองส่วนท้องถิ่น","7518H","เทศบาลตำบลนาตาล","2568","39.7488","39.2508","98.747000"
"554","75000","องค์กรปกครองส่วนท้องถิ่น","7518J","เทศบาลตำบลดงสมบูรณ์","2568","26.0105","26.0105","100.000000"
"555","75000","องค์กรปกครองส่วนท้องถิ่น","7518K","เทศบาลตำบลคำก้าว","2568","24.2502","24.2502","100.000000"
"556","75000","องค์กรปกครองส่วนท้องถิ่น","7518L","เทศบาลตำบลหนองกุงศรี","2568","43.023","42.528","98.849000"
"557","75000","องค์กรปกครองส่วนท้องถิ่น","7518M","เทศบาลตำบลหนองบัว","2568","37.9167","36.2257","95.540000"
"558","75000","องค์กรปกครองส่วนท้องถิ่น","7518P","เทศบาลตำบลหนองสรวง","2568","32.9408","32.0158","97.192000"
"559","75000","องค์กรปกครองส่วนท้องถิ่น","7518R","เทศบาลตำบลหนองใหญ่","2568","42.0125","42.0125","100.000000"
"560","75000","องค์กรปกครองส่วนท้องถิ่น","7518S","เทศบาลตำบลดงมูล","2568","37.9288","37.9288","100.000000"
"561","75000","องค์กรปกครองส่วนท้องถิ่น","7518T","เทศบาลตำบลหนองหิน","2568","30.9371","30.9323","99.984000"
"562","75000","องค์กรปกครองส่วนท้องถิ่น","7518V","เทศบาลตำบลสมเด็จ","2568","39.2863","39.2863","100.000000"
"563","75000","องค์กรปกครองส่วนท้องถิ่น","7518Y","เทศบาลตำบลแซงบาดาล","2568","42.6886","42.6886","100.000000"
"564","75000","องค์กรปกครองส่วนท้องถิ่น","7518Z","เทศบาลตำบลมหาไชย","2568","27.3898","25.8178","94.261000"
"565","75000","องค์กรปกครองส่วนท้องถิ่น","75191","เทศบาลตำบลผาเสวย","2568","42.8902","42.8902","100.000000"
"566","75000","องค์กรปกครองส่วนท้องถิ่น","75193","เทศบาลตำบลลำห้วยหลัว","2568","30.4996","29.9976","98.354000"
"567","75000","องค์กรปกครองส่วนท้องถิ่น","75194","เทศบาลตำบลคำบง","2568","60.6416","60.3787","99.566000"
"568","75000","องค์กรปกครองส่วนท้องถิ่น","75196","เทศบาลตำบลห้วยผึ้ง","2568","33.1791","32.407026","97.673000"
"569","75000","องค์กรปกครองส่วนท้องถิ่น","75198","เทศบาลตำบลหนองอีบุตร","2568","35.9606","35.3366","98.265000"
"570","75000","องค์กรปกครองส่วนท้องถิ่น","7519D","เทศบาลตำบลนาคู","2568","32.59","32.587888","99.994000"
"571","75000","องค์กรปกครองส่วนท้องถิ่น","7519J","เทศบาลตำบลภูแล่นช้าง","2568","27.3812","27.3812","100.000000"
"572","75000","องค์กรปกครองส่วนท้องถิ่น","7519K","เทศบาลตำบลดอนจาน","2568","42.4751","42.4751","100.000000"
"573","75000","องค์กรปกครองส่วนท้องถิ่น","7519N","เทศบาลตำบลม่วงนา","2568","28.8897","28.8897","100.000000"
"574","75000","องค์กรปกครองส่วนท้องถิ่น","7519Q","เทศบาลตำบลฆ้องชัยพัฒนา","2568","39.6866","39.6866","100.000000"
"575","75000","องค์กรปกครองส่วนท้องถิ่น","7519V","เทศบาลเมืองกำแพงเพชร","2568","255.383","233.1757","91.304000"
"576","75000","องค์กรปกครองส่วนท้องถิ่น","7519W","เทศบาลตำบลปากดง","2568","16.0621","16.0621","100.000000"
"577","75000","องค์กรปกครองส่วนท้องถิ่น","7519Y","องค์การบริหารส่วนจังหวัดกำแพงเพชร","2568","369.7681","344.661799","93.210000"
"578","75000","องค์กรปกครองส่วนท้องถิ่น","7519Z","เทศบาลตำบลคลองแม่ลาย","2568","28.8533","28.8533","100.000000"
"579","75000","องค์กรปกครองส่วนท้องถิ่น","751A2","เทศบาลตำบลนครชุม","2568","37.2309","37.2309","100.000000"
"580","75000","องค์กรปกครองส่วนท้องถิ่น","751A6","เทศบาลเมืองหนองปลิง","2568","67.0665","57.52473059","85.773000"
"581","75000","องค์กรปกครองส่วนท้องถิ่น","751A8","เทศบาลตำบลนิคมทุ่งโพธิ์ทะเล","2568","61.9032","57.2267","92.445000"
"582","75000","องค์กรปกครองส่วนท้องถิ่น","751A9","เทศบาลตำบลเทพนคร","2568","94.3766","87.42913376","92.639000"
"583","75000","องค์กรปกครองส่วนท้องถิ่น","751AF","เทศบาลตำบลไทรงาม","2568","32.0921","31.2641","97.420000"
"584","75000","องค์กรปกครองส่วนท้องถิ่น","751AR","เทศบาลตำบลคลองลานพัฒนา","2568","99.351","98.1045","98.745000"
"585","75000","องค์กรปกครองส่วนท้องถิ่น","751AU","เทศบาลตำบลขาณุวรลักษบุรี","2568","44.0939","43.4039","98.435000"
"586","75000","องค์กรปกครองส่วนท้องถิ่น","751AX","เทศบาลตำบลสลกบาตร","2568","35.479","28.322","79.828000"
"587","75000","องค์กรปกครองส่วนท้องถิ่น","751B3","เทศบาลเมืองปางมะค่า","2568","154.5048","125.00714","80.908000"
"588","75000","องค์กรปกครองส่วนท้องถิ่น","751B6","เทศบาลตำบลคลองขลุง","2568","12.2377","12.2377","100.000000"
"589","75000","องค์กรปกครองส่วนท้องถิ่น","751B8","เทศบาลตำบลท่ามะเขือ","2568","17.501","17.501","100.000000"
"590","75000","องค์กรปกครองส่วนท้องถิ่น","751BA","เทศบาลตำบลท่าพุทรา","2568","12.1936","12.1936","100.000000"
"591","75000","องค์กรปกครองส่วนท้องถิ่น","751BD","เทศบาลตำบลวังยาง","2568","34.1629","34.1629","100.000000"
"592","75000","องค์กรปกครองส่วนท้องถิ่น","751BK","เทศบาลตำบลบ้านพราน","2568","29.7204","29.224","98.330000"
"593","75000","องค์กรปกครองส่วนท้องถิ่น","751BL","เทศบาลตำบลพรานกระต่าย","2568","38.8504","38.8504","100.000000"
"594","75000","องค์กรปกครองส่วนท้องถิ่น","751BR","เทศบาลตำบลเขาคีริส","2568","45.7687","45.7687","100.000000"
"595","75000","องค์กรปกครองส่วนท้องถิ่น","751BT","เทศบาลตำบลคลองพิไกร","2568","33.804","33.313","98.548000"
"596","75000","องค์กรปกครองส่วนท้องถิ่น","751BX","เทศบาลตำบลช่องลม","2568","34.2247","29.7902","87.043000"
"597","75000","องค์กรปกครองส่วนท้องถิ่น","751BZ","เทศบาลตำบลลานกระบือ","2568","29.6659","29.6659","100.000000"
"598","75000","องค์กรปกครองส่วนท้องถิ่น","751C1","เทศบาลตำบลประชาสุขสันต์","2568","35.105","35.105","100.000000"
"599","75000","องค์กรปกครองส่วนท้องถิ่น","751C4","เทศบาลตำบลทุ่งทราย","2568","37.3722","37.3722","100.000000"
"600","75000","องค์กรปกครองส่วนท้องถิ่น","751CC","เทศบาลตำบลระหาน","2568","35.7952","35.7952","100.000000"
"601","75000","องค์กรปกครองส่วนท้องถิ่น","751CH","องค์การบริหารส่วนจังหวัดขอนแก่น","2568","1498.0128","1441.6498","96.237000"
"602","75000","องค์กรปกครองส่วนท้องถิ่น","751CJ","เทศบาลนครขอนแก่น","2568","985.9216","960.6902","97.441000"
"603","75000","องค์กรปกครองส่วนท้องถิ่น","751CK","เทศบาลตำบลสำราญ","2568","55.3879","55.3879","100.000000"
"604","75000","องค์กรปกครองส่วนท้องถิ่น","751CM","เทศบาลตำบลท่าพระ","2568","47.0677","47.0677","100.000000"
"605","75000","องค์กรปกครองส่วนท้องถิ่น","751CP","เทศบาลเมืองบ้านทุ่ม","2568","109.9648","97.8328","88.967000"
"606","75000","องค์กรปกครองส่วนท้องถิ่น","751CQ","เทศบาลตำบลเมืองเก่า","2568","78.6121","78.6121","100.000000"
"607","75000","องค์กรปกครองส่วนท้องถิ่น","751CR","เทศบาลตำบลพระลับ","2568","67.1292","61.035312","90.922000"
"608","75000","องค์กรปกครองส่วนท้องถิ่น","751CS","เทศบาลตำบลสาวะถี","2568","72.068","72.068","100.000000"
"609","75000","องค์กรปกครองส่วนท้องถิ่น","751CU","เทศบาลตำบลบ้านค้อ","2568","64.6847","64.6847","100.000000"
"610","75000","องค์กรปกครองส่วนท้องถิ่น","751CY","เทศบาลเมืองศิลา","2568","145.028","129.6859","89.421000"
"611","75000","องค์กรปกครองส่วนท้องถิ่น","751CZ","เทศบาลตำบลบ้านเป็ด","2568","106.2631","99.2651","93.414000"
"612","75000","องค์กรปกครองส่วนท้องถิ่น","751D0","เทศบาลตำบลหนองตูม","2568","34.6389","34.6389","100.000000"
"613","75000","องค์กรปกครองส่วนท้องถิ่น","751D1","เทศบาลตำบลบึงเนียม","2568","34.8146","25.3286","72.753000"
"614","75000","องค์กรปกครองส่วนท้องถิ่น","751D2","เทศบาลตำบลโนนท่อน","2568","42.0156","42.0156","100.000000"
"615","75000","องค์กรปกครองส่วนท้องถิ่น","751D3","เทศบาลตำบลหนองบัว","2568","38.244","36.154","94.535000"
"616","75000","องค์กรปกครองส่วนท้องถิ่น","751D5","เทศบาลตำบลโนนฆ้อง","2568","31.8842","31.8842","100.000000"
"617","75000","องค์กรปกครองส่วนท้องถิ่น","751D7","เทศบาลตำบลป่ามะนาว","2568","33.6755","33.6755","100.000000"
"618","75000","องค์กรปกครองส่วนท้องถิ่น","751D8","เทศบาลตำบลบ้านฝาง","2568","28.7557","28.7557","100.000000"
"619","75000","องค์กรปกครองส่วนท้องถิ่น","751D9","เทศบาลตำบลแก่นฝาง","2568","27.9397","27.9397","100.000000"
"620","75000","องค์กรปกครองส่วนท้องถิ่น","751DA","เทศบาลตำบลโคกงาม","2568","31.8883","28.1983","88.428000"
"621","75000","องค์กรปกครองส่วนท้องถิ่น","751DB","เทศบาลตำบลพระยืน","2568","18.091","17.822292","98.515000"
"622","75000","องค์กรปกครองส่วนท้องถิ่น","751DC","เทศบาลตำบลพระยืนมิ่งมงคล","2568","47.7928","39.6328","82.926000"
"623","75000","องค์กรปกครองส่วนท้องถิ่น","751DD","เทศบาลตำบลพระบุ","2568","24.7463","23.8003","96.177000"
"624","75000","องค์กรปกครองส่วนท้องถิ่น","751DE","เทศบาลตำบลบ้านโต้น","2568","32.9296","32.01713","97.229000"
"625","75000","องค์กรปกครองส่วนท้องถิ่น","751DH","เทศบาลตำบลหนองเรือ","2568","35.6444","35.6444","100.000000"
"626","75000","องค์กรปกครองส่วนท้องถิ่น","751DL","เทศบาลตำบลดอนโมง","2568","21.8416","20.0536","91.814000"
"627","75000","องค์กรปกครองส่วนท้องถิ่น","751DN","เทศบาลตำบลยางคำ","2568","48.1574","38.2074","79.339000"
"628","75000","องค์กรปกครองส่วนท้องถิ่น","751DQ","เทศบาลตำบลโนนทอง","2568","54.1925","48.2434","89.022000"
"629","75000","องค์กรปกครองส่วนท้องถิ่น","751DR","เทศบาลตำบลกุดกว้าง","2568","45.7281","45.7281","100.000000"
"630","75000","องค์กรปกครองส่วนท้องถิ่น","751DT","เทศบาลตำบลหนองแก","2568","19.2495","19.0585","99.008000"
"631","75000","องค์กรปกครองส่วนท้องถิ่น","751DU","เทศบาลตำบลโนนสะอาด","2568","39.282","39.1398","99.638000"
"632","75000","องค์กรปกครองส่วนท้องถิ่น","751DV","เทศบาลตำบลบ้านผือ","2568","26.7555","26.7098","99.829000"
"633","75000","องค์กรปกครองส่วนท้องถิ่น","751DW","เทศบาลเมืองชุมแพ","2568","166.691","153.515","92.096000"
"634","75000","องค์กรปกครองส่วนท้องถิ่น","751E0","เทศบาลตำบลโคกสูงสัมพันธ์","2568","25.0899","24.0596","95.894000"
"635","75000","องค์กรปกครองส่วนท้องถิ่น","751E3","เทศบาลตำบลหนองไผ่","2568","43.9183","35.08837","79.895000"
"636","75000","องค์กรปกครองส่วนท้องถิ่น","751E6","เทศบาลตำบลนาเพียง","2568","40.799","39.065499","95.751000"
"637","75000","องค์กรปกครองส่วนท้องถิ่น","751E8","เทศบาลตำบลหนองเสาเล้า","2568","32.6062","32.6062","100.000000"
"638","75000","องค์กรปกครองส่วนท้องถิ่น","751E9","เทศบาลตำบลโนนสะอาด","2568","32.1837","27.3542","84.994000"
"639","75000","องค์กรปกครองส่วนท้องถิ่น","751EA","เทศบาลตำบลโนนหัน","2568","30.6357","30.6357","100.000000"
"640","75000","องค์กรปกครองส่วนท้องถิ่น","751ED","เทศบาลตำบลนาจาน","2568","46.5544","41.7494","89.679000"
"641","75000","องค์กรปกครองส่วนท้องถิ่น","751EE","เทศบาลตำบลวังเพิ่ม","2568","30.4475","30.4445","99.990000"
"642","75000","องค์กรปกครองส่วนท้องถิ่น","751EF","เทศบาลตำบลสีชมพู","2568","22.9887","22.9852","99.985000"
"643","75000","องค์กรปกครองส่วนท้องถิ่น","751EN","เทศบาลตำบลน้ำพอง","2568","32.9949","32.9949","100.000000"
"644","75000","องค์กรปกครองส่วนท้องถิ่น","751EP","เทศบาลตำบลลำน้ำพอง","2568","51.0544","51.052195","99.996000"
"645","75000","องค์กรปกครองส่วนท้องถิ่น","751EQ","เทศบาลตำบลวังชัย","2568","32.3687","32.3687","100.000000"
"646","75000","องค์กรปกครองส่วนท้องถิ่น","751EU","เทศบาลตำบลสะอาด","2568","56.575","56.575","100.000000"
"647","75000","องค์กรปกครองส่วนท้องถิ่น","751EV","เทศบาลตำบลม่วงหวาน","2568","55.6259","55.6206","99.990000"
"648","75000","องค์กรปกครองส่วนท้องถิ่น","751F1","เทศบาลตำบลกุดน้ำใส","2568","76.7134","72.7434","94.825000"
"649","75000","องค์กรปกครองส่วนท้องถิ่น","751F2","เทศบาลตำบลโคกสูง","2568","41.8904","35.0504","83.672000"
"650","75000","องค์กรปกครองส่วนท้องถิ่น","751F4","เทศบาลตำบลเขื่อนอุบลรัตน์","2568","29.543","28.389","96.094000"
"651","75000","องค์กรปกครองส่วนท้องถิ่น","751F6","เทศบาลตำบลนาคำ","2568","31.9317","22.5476","70.612000"
"652","75000","องค์กรปกครองส่วนท้องถิ่น","751F9","เทศบาลเมืองกระนวน","2568","59.6323","50.21504","84.208000"
"653","75000","องค์กรปกครองส่วนท้องถิ่น","751FD","เทศบาลตำบลห้วยยาง","2568","24.4305","24.4305","100.000000"
"654","75000","องค์กรปกครองส่วนท้องถิ่น","751FG","เทศบาลตำบลหนองโน","2568","32.8926","32.8926","100.000000"
"655","75000","องค์กรปกครองส่วนท้องถิ่น","751FH","เทศบาลตำบลน้ำอ้อม","2568","17.8509","17.8509","100.000000"
"656","75000","องค์กรปกครองส่วนท้องถิ่น","751FL","เทศบาลเมืองบ้านไผ่","2568","152.7248","138.9268","90.965000"
"657","75000","องค์กรปกครองส่วนท้องถิ่น","751FM","เทศบาลตำบลในเมือง","2568","42.0962","42.0962","100.000000"
"658","75000","องค์กรปกครองส่วนท้องถิ่น","751FW","เทศบาลตำบลเปือยน้อย","2568","33.766","33.766","100.000000"
"659","75000","องค์กรปกครองส่วนท้องถิ่น","751FZ","เทศบาลตำบลสระแก้ว","2568","20.4237","20.4237","100.000000"
"660","75000","องค์กรปกครองส่วนท้องถิ่น","751G0","เทศบาลเมืองเมืองพล","2568","195.2522","187.8622","96.215000"
"661","75000","องค์กรปกครองส่วนท้องถิ่น","751GG","เทศบาลตำบลแวงใหญ่","2568","30.145","28.6725","95.115000"
"662","75000","องค์กรปกครองส่วนท้องถิ่น","751GJ","เทศบาลตำบลแวงน้อย","2568","28.0987","28.0987","100.000000"
"663","75000","องค์กรปกครองส่วนท้องถิ่น","751GL","เทศบาลตำบลก้านเหลือง","2568","56.3649","47.4249","84.139000"
"664","75000","องค์กรปกครองส่วนท้องถิ่น","751GR","เทศบาลตำบลหนองสองห้อง","2568","43.2665","43.2665","100.000000"
"665","75000","องค์กรปกครองส่วนท้องถิ่น","751HE","เทศบาลตำบลภูเวียง","2568","31.1762","30.30145","97.194000"
"666","75000","องค์กรปกครองส่วนท้องถิ่น","751HG","เทศบาลตำบลมัญจาคีรี","2568","39.2147","35.7167","91.080000"
"667","75000","องค์กรปกครองส่วนท้องถิ่น","751HN","เทศบาลตำบลนาข่า","2568","45.945","45.945","100.000000"
"668","75000","องค์กรปกครองส่วนท้องถิ่น","751HR","เทศบาลตำบลชนบท","2568","33.7083","29.5057","87.532000"
"669","75000","องค์กรปกครองส่วนท้องถิ่น","751HS","เทศบาลตำบลชลบถวิบูลย์","2568","19.4805","18.3915","94.410000"
"670","75000","องค์กรปกครองส่วนท้องถิ่น","751J3","เทศบาลตำบลโนนสมบูรณ์","2568","38.5809","37.2832","96.636000"
"671","75000","องค์กรปกครองส่วนท้องถิ่น","751J4","เทศบาลตำบลเขาสวนกวาง","2568","50.0173","50.0153","99.996000"
"672","75000","องค์กรปกครองส่วนท้องถิ่น","751J6","เทศบาลตำบลโนนคอม","2568","19.355","19.355","100.000000"
"673","75000","องค์กรปกครองส่วนท้องถิ่น","751J8","เทศบาลตำบลภูผาม่าน","2568","26.1321","18.6511","71.372000"
"674","75000","องค์กรปกครองส่วนท้องถิ่น","751JC","เทศบาลตำบลซำสูง","2568","29.4072","24.1974","82.284000"
"675","75000","องค์กรปกครองส่วนท้องถิ่น","751JH","เทศบาลตำบลบ้านโคก","2568","21.3482","21.3481","100.000000"
"676","75000","องค์กรปกครองส่วนท้องถิ่น","751JJ","เทศบาลตำบลภูผาแดง","2568","20.4146","19.3379","94.726000"
"677","75000","องค์กรปกครองส่วนท้องถิ่น","751JK","เทศบาลตำบลโพธิ์ไชย","2568","44.6169","43.3519","97.165000"
"678","75000","องค์กรปกครองส่วนท้องถิ่น","751JM","เทศบาลตำบลนาแพง","2568","25.6942","20.0782","78.143000"
"679","75000","องค์กรปกครองส่วนท้องถิ่น","751JP","เทศบาลตำบลหนองนาคำ","2568","31.8061","31.8061","100.000000"
"680","75000","องค์กรปกครองส่วนท้องถิ่น","751JQ","เทศบาลตำบลขนวน","2568","40.7197","40.7197","100.000000"
"681","75000","องค์กรปกครองส่วนท้องถิ่น","751JR","เทศบาลตำบลบ้านแฮด","2568","44.366","35.503","80.023000"
"682","75000","องค์กรปกครองส่วนท้องถิ่น","751JS","เทศบาลตำบลวังสวรรค์","2568","22.8494","21.6942","94.944000"
"683","75000","องค์กรปกครองส่วนท้องถิ่น","751JT","เทศบาลตำบลโคกสำราญ","2568","50.3526","49.1266","97.565000"
"684","75000","องค์กรปกครองส่วนท้องถิ่น","751JW","เทศบาลตำบลโนนศิลา","2568","31.1786","31.1786","100.000000"
"685","75000","องค์กรปกครองส่วนท้องถิ่น","751K1","เทศบาลตำบลในเมือง","2568","46.9251","44.5625","94.965000"
"686","75000","องค์กรปกครองส่วนท้องถิ่น","751K4","เทศบาลเมืองจันทบุรี","2568","273.6613","273.0413","99.773000"
"687","75000","องค์กรปกครองส่วนท้องถิ่น","751K5","เทศบาลตำบลพลับพลานารายณ์","2568","44.0642","44.0642","100.000000"
"688","75000","องค์กรปกครองส่วนท้องถิ่น","751K7","เทศบาลตำบลเกาะขวาง","2568","52.0884","46.1484","88.596000"
"689","75000","องค์กรปกครองส่วนท้องถิ่น","751K9","องค์การบริหารส่วนจังหวัดจันทบุรี","2568","331.0731","326.7831","98.704000"
"690","75000","องค์กรปกครองส่วนท้องถิ่น","751KA","เทศบาลเมืองท่าช้าง","2568","69.3358","69.3358","100.000000"
"691","75000","องค์กรปกครองส่วนท้องถิ่น","751KC","เทศบาลเมืองจันทนิมิต","2568","78.8465","62.39","79.128000"
"692","75000","องค์กรปกครองส่วนท้องถิ่น","751KD","เทศบาลตำบลค่ายเนินวง","2568","25.7464","25.7464","100.000000"
"693","75000","องค์กรปกครองส่วนท้องถิ่น","751KE","เทศบาลตำบลบางกะจะ","2568","23.0519","23.0519","100.000000"
"694","75000","องค์กรปกครองส่วนท้องถิ่น","751KF","เทศบาลตำบลแสลง","2568","23.9905","23.9905","100.000000"
"695","75000","องค์กรปกครองส่วนท้องถิ่น","751KG","เทศบาลตำบลหนองบัว","2568","17.8516","17.8516","100.000000"
"696","75000","องค์กรปกครองส่วนท้องถิ่น","751KJ","เทศบาลตำบลพลับพลา","2568","32.6141","32.6141","100.000000"
"697","75000","องค์กรปกครองส่วนท้องถิ่น","751KK","เทศบาลเมืองขลุง","2568","119.3777","119.3777","100.000000"
"698","75000","องค์กรปกครองส่วนท้องถิ่น","751KL","เทศบาลตำบลบ่อ","2568","38.6067","38.5941","99.967000"
"699","75000","องค์กรปกครองส่วนท้องถิ่น","751KM","เทศบาลตำบลเกวียนหัก","2568","23.045","23.045","100.000000"
"700","75000","องค์กรปกครองส่วนท้องถิ่น","751KQ","เทศบาลตำบลวันยาว","2568","21.8432","21.35187687","97.751000"
"701","75000","องค์กรปกครองส่วนท้องถิ่น","751KR","เทศบาลตำบลซึ้ง","2568","23.6591","23.6591","100.000000"
"702","75000","องค์กรปกครองส่วนท้องถิ่น","751KV","เทศบาลตำบลตกพรม","2568","27.6855","27.4202","99.042000"
"703","75000","องค์กรปกครองส่วนท้องถิ่น","751KW","เทศบาลตำบลบ่อเวฬุ","2568","20.347","20.347","100.000000"
"704","75000","องค์กรปกครองส่วนท้องถิ่น","751KX","เทศบาลเมืองท่าใหม่","2568","112.9433","98.4563","87.173000"
"705","75000","องค์กรปกครองส่วนท้องถิ่น","751KZ","เทศบาลตำบลเขาวัว-พลอยแหวน","2568","17.4873","17.4873","100.000000"
"706","75000","องค์กรปกครองส่วนท้องถิ่น","751L0","เทศบาลตำบลเนินสูง","2568","21.0424","21.0424","100.000000"
"707","75000","องค์กรปกครองส่วนท้องถิ่น","751L1","เทศบาลตำบลเขาบายศรี","2568","36.0544","35.4284","98.264000"
"708","75000","องค์กรปกครองส่วนท้องถิ่น","751L2","เทศบาลตำบลสองพี่น้อง","2568","35.1765","35.1765","100.000000"
"709","75000","องค์กรปกครองส่วนท้องถิ่น","751L3","เทศบาลตำบลหนองคล้า","2568","26.5716","22.1156","83.230000"
"710","75000","องค์กรปกครองส่วนท้องถิ่น","751LA","เทศบาลตำบลทับไทร","2568","26.6289","26.6289","100.000000"
"711","75000","องค์กรปกครองส่วนท้องถิ่น","751LB","เทศบาลตำบลโป่งน้ำร้อน","2568","48.2705","48.2705","100.000000"
"712","75000","องค์กรปกครองส่วนท้องถิ่น","751LD","เทศบาลตำบลหนองตาคง","2568","46.441","45.207999","97.345000"
"713","75000","องค์กรปกครองส่วนท้องถิ่น","751LF","เทศบาลตำบลคลองใหญ่","2568","32.2834","32.2834","100.000000"
"714","75000","องค์กรปกครองส่วนท้องถิ่น","751LG","เทศบาลตำบลมะขาม","2568","14.2335","14.2335","100.000000"
"715","75000","องค์กรปกครองส่วนท้องถิ่น","751LH","เทศบาลตำบลมะขามเมืองใหม่","2568","29.728","29.728","100.000000"
"716","75000","องค์กรปกครองส่วนท้องถิ่น","751LJ","เทศบาลตำบลท่าหลวง","2568","15.8659","14.2059","89.537000"
"717","75000","องค์กรปกครองส่วนท้องถิ่น","751LK","เทศบาลตำบลปัถวี","2568","35.5259","35.5259","100.000000"
"718","75000","องค์กรปกครองส่วนท้องถิ่น","751LL","เทศบาลตำบลวังแซ้ม","2568","27.1688","26.0038","95.712000"
"719","75000","องค์กรปกครองส่วนท้องถิ่น","751LM","เทศบาลตำบลฉมัน","2568","21.9307","21.502366","98.047000"
"720","75000","องค์กรปกครองส่วนท้องถิ่น","751LN","เทศบาลตำบลอ่างคีรี","2568","27.7447","27.7447","100.000000"
"721","75000","องค์กรปกครองส่วนท้องถิ่น","751LP","เทศบาลตำบลปากน้ำแหลมสิงห์","2568","41.9451","41.9451","100.000000"
"722","75000","องค์กรปกครองส่วนท้องถิ่น","751LS","เทศบาลตำบลพลิ้ว","2568","37.914","37.914","100.000000"
"723","75000","องค์กรปกครองส่วนท้องถิ่น","751LX","เทศบาลตำบลทับช้าง","2568","75.8428","75.8428","100.000000"
"724","75000","องค์กรปกครองส่วนท้องถิ่น","751LY","เทศบาลตำบลสอยดาว","2568","41.5201","41.0581","98.887000"
"725","75000","องค์กรปกครองส่วนท้องถิ่น","751M4","เทศบาลตำบลพวา","2568","36.4345","36.4345","100.000000"
"726","75000","องค์กรปกครองส่วนท้องถิ่น","751M6","เทศบาลตำบลนายายอาม","2568","16.6123","16.6123","100.000000"
"727","75000","องค์กรปกครองส่วนท้องถิ่น","751MA","เทศบาลตำบลสนามไชย","2568","21.5704","21.5704","100.000000"
"728","75000","องค์กรปกครองส่วนท้องถิ่น","751MB","เทศบาลตำบลช้างข้าม","2568","24.6841","24.3351","98.586000"
"729","75000","องค์กรปกครองส่วนท้องถิ่น","751MD","เทศบาลตำบลชากไทย","2568","27.8715","27.557899","98.875000"
"730","75000","องค์กรปกครองส่วนท้องถิ่น","751ME","เทศบาลตำบลพลวง","2568","40.9057","40.9057","100.000000"
"731","75000","องค์กรปกครองส่วนท้องถิ่น","751MF","เทศบาลตำบลตะเคียนทอง","2568","27.5823","27.5597","99.918000"
"732","75000","องค์กรปกครองส่วนท้องถิ่น","751MG","เทศบาลตำบลคลองพลู","2568","42.906","33.246","77.486000"
"733","75000","องค์กรปกครองส่วนท้องถิ่น","751MH","เทศบาลตำบลจันทเขลม","2568","42.513","41.786","98.290000"
"734","75000","องค์กรปกครองส่วนท้องถิ่น","751MJ","เทศบาลเมืองฉะเชิงเทรา","2568","275.3815","275.3815","100.000000"
"735","75000","องค์กรปกครองส่วนท้องถิ่น","751MR","องค์การบริหารส่วนจังหวัดฉะเชิงเทรา","2568","142.3044","141.4649214","99.410000"
"736","75000","องค์กรปกครองส่วนท้องถิ่น","751MU","เทศบาลตำบลนครเนื่องเขต","2568","17.0294","17.0294","100.000000"
"737","75000","องค์กรปกครองส่วนท้องถิ่น","751N5","เทศบาลตำบลบางคล้า","2568","94.2325","94.2325","100.000000"
"738","75000","องค์กรปกครองส่วนท้องถิ่น","751N8","เทศบาลตำบลปากน้ำ","2568","22.173","22.173","100.000000"
"739","75000","องค์กรปกครองส่วนท้องถิ่น","751NE","เทศบาลตำบลบางน้ำเปรี้ยว","2568","18.1761","18.1761","100.000000"
"740","75000","องค์กรปกครองส่วนท้องถิ่น","751NH","เทศบาลตำบลคลองแสนแสบ","2568","24.1655","23.6677","97.940000"
"741","75000","องค์กรปกครองส่วนท้องถิ่น","751NJ","เทศบาลตำบลบางขนาก","2568","21.456","19.5023","90.894000"
"742","75000","องค์กรปกครองส่วนท้องถิ่น","751NN","เทศบาลตำบลดอนเกาะกา","2568","48.2506","44.7396","92.723000"
"743","75000","องค์กรปกครองส่วนท้องถิ่น","751NP","เทศบาลตำบลดอนฉิมพลี","2568","15.7312","15.7312","100.000000"
"744","75000","องค์กรปกครองส่วนท้องถิ่น","751NR","เทศบาลตำบลศาลาแดง","2568","18.3955","18.3179","99.578000"
"745","75000","องค์กรปกครองส่วนท้องถิ่น","751NU","เทศบาลตำบลบางปะกง","2568","34.4261","26.4376","76.795000"
"746","75000","องค์กรปกครองส่วนท้องถิ่น","751NV","เทศบาลตำบลบางปะกงพรหมเทพรังสรรค์","2568","23.5834","23.5834","100.000000"
"747","75000","องค์กรปกครองส่วนท้องถิ่น","751NW","เทศบาลตำบลท่าสะอ้าน","2568","17.1716","17.1716","100.000000"
"748","75000","องค์กรปกครองส่วนท้องถิ่น","751NY","เทศบาลตำบลบางวัว","2568","40.1535","40.1535","100.000000"
"749","75000","องค์กรปกครองส่วนท้องถิ่น","751NZ","เทศบาลตำบลบางวัวคณารักษ์","2568","39.4325","39.4325","100.000000"
"750","75000","องค์กรปกครองส่วนท้องถิ่น","751P0","เทศบาลตำบลบางสมัคร","2568","28.7831","28.7831","100.000000"
"751","75000","องค์กรปกครองส่วนท้องถิ่น","751P1","เทศบาลตำบลบางผึ้ง","2568","15.9433","13.03863051","81.781000"
"752","75000","องค์กรปกครองส่วนท้องถิ่น","751P5","เทศบาลตำบลพิมพา","2568","16.2206","16.2206","100.000000"
"753","75000","องค์กรปกครองส่วนท้องถิ่น","751P6","เทศบาลตำบลท่าข้าม","2568","32.0006","32.0006","100.000000"
"754","75000","องค์กรปกครองส่วนท้องถิ่น","751P7","เทศบาลตำบลหอมศีล","2568","11.5395","11.5395","100.000000"
"755","75000","องค์กรปกครองส่วนท้องถิ่น","751PA","เทศบาลตำบลบ้านโพธิ์","2568","15.9142","15.9142","100.000000"
"756","75000","องค์กรปกครองส่วนท้องถิ่น","751PG","เทศบาลตำบลเทพราช","2568","40.6923","40.6923","100.000000"
"757","75000","องค์กรปกครองส่วนท้องถิ่น","751PN","เทศบาลตำบลลาดขวาง","2568","19.6487","19.6452","99.982000"
"758","75000","องค์กรปกครองส่วนท้องถิ่น","751PQ","เทศบาลตำบลแสนภูดาษ","2568","12.7036","12.7036","100.000000"
"759","75000","องค์กรปกครองส่วนท้องถิ่น","751PS","เทศบาลตำบลเกาะขนุน","2568","16.7052","16.7052","100.000000"
"760","75000","องค์กรปกครองส่วนท้องถิ่น","751PU","เทศบาลตำบลบ้านซ่อง","2568","46.5362","44.0362","94.628000"
"761","75000","องค์กรปกครองส่วนท้องถิ่น","751PV","เทศบาลตำบลพนมสารคาม","2568","36.2204","36.2204","100.000000"
"762","75000","องค์กรปกครองส่วนท้องถิ่น","751PZ","เทศบาลตำบลท่าถ่าน","2568","34.3992","30.8024","89.544000"
"763","75000","องค์กรปกครองส่วนท้องถิ่น","751Q1","เทศบาลตำบลเขาหินซ้อน","2568","19.3106","16.7452","86.715000"
"764","75000","องค์กรปกครองส่วนท้องถิ่น","751Q6","เทศบาลตำบลสนามชัยเขต","2568","39.5564","31.9154","80.683000"
"765","75000","องค์กรปกครองส่วนท้องถิ่น","751QB","เทศบาลตำบลแปลงยาว","2568","34.712","33.563","96.690000"
"766","75000","องค์กรปกครองส่วนท้องถิ่น","751QD","เทศบาลตำบลทุ่งสะเดา","2568","15.1304","15.1304","100.000000"
"767","75000","องค์กรปกครองส่วนท้องถิ่น","751QE","เทศบาลตำบลวังเย็น","2568","60.1423","60.1423","100.000000"
"768","75000","องค์กรปกครองส่วนท้องถิ่น","751QF","เทศบาลตำบลหัวสำโรง","2568","30.652","30.652","100.000000"
"769","75000","องค์กรปกครองส่วนท้องถิ่น","751QR","เทศบาลเมืองชลบุรี","2568","287.4154","284.94672","99.141000"
"770","75000","องค์กรปกครองส่วนท้องถิ่น","751QS","เทศบาลเมืองบ้านสวน","2568","181.1251","173.6251","95.859000"
"771","75000","องค์กรปกครองส่วนท้องถิ่น","751QT","เทศบาลเมืองแสนสุข","2568","157.5719","153.7447","97.571000"
"772","75000","องค์กรปกครองส่วนท้องถิ่น","751QV","เทศบาลตำบลนาป่า","2568","92.9333","92.9333","100.000000"
"773","75000","องค์กรปกครองส่วนท้องถิ่น","751QX","เทศบาลตำบลดอนหัวฬ่อ","2568","140.8604","140.8604","100.000000"
"774","75000","องค์กรปกครองส่วนท้องถิ่น","751QY","เทศบาลตำบลหนองไม้แดง","2568","35.8179","35.8179","100.000000"
"775","75000","องค์กรปกครองส่วนท้องถิ่น","751QZ","เทศบาลตำบลบางทราย","2568","35.1645","35.1645","100.000000"
"776","75000","องค์กรปกครองส่วนท้องถิ่น","751R0","เทศบาลตำบลคลองตำหรุ","2568","57.7607","57.7607","100.000000"
"777","75000","องค์กรปกครองส่วนท้องถิ่น","751R2","เทศบาลตำบลเหมือง","2568","13.424","13.424","100.000000"
"778","75000","องค์กรปกครองส่วนท้องถิ่น","751R3","เทศบาลตำบลห้วยกะปิ","2568","52.7113","52.7113","100.000000"
"779","75000","องค์กรปกครองส่วนท้องถิ่น","751R4","องค์การบริหารส่วนจังหวัดชลบุรี","2568","810.3311","790.03722","97.496000"
"780","75000","องค์กรปกครองส่วนท้องถิ่น","751R5","เทศบาลเมืองอ่างศิลา","2568","81.6749","81.6749","100.000000"
"781","75000","องค์กรปกครองส่วนท้องถิ่น","751R6","เทศบาลตำบลเสม็ด","2568","54.3307","54.3307","100.000000"
"782","75000","องค์กรปกครองส่วนท้องถิ่น","751R8","เทศบาลเมืองบ้านบึง","2568","131.9301","126.7616","96.082000"
"783","75000","องค์กรปกครองส่วนท้องถิ่น","751R9","เทศบาลตำบลบ้านบึง","2568","23.8995","23.8995","100.000000"
"784","75000","องค์กรปกครองส่วนท้องถิ่น","751RA","เทศบาลตำบลหัวกุญแจ","2568","24.5472","19.0472","77.594000"
"785","75000","องค์กรปกครองส่วนท้องถิ่น","751RD","เทศบาลตำบลหนองซ้ำซาก","2568","19.2074","19.2074","100.000000"
"786","75000","องค์กรปกครองส่วนท้องถิ่น","751RF","เทศบาลตำบลหนองชาก","2568","53.3622","48.3437","90.595000"
"787","75000","องค์กรปกครองส่วนท้องถิ่น","751RH","เทศบาลตำบลหนองไผ่แก้ว","2568","12.6022","12.6022","100.000000"
"788","75000","องค์กรปกครองส่วนท้องถิ่น","751RK","เทศบาลตำบลหนองใหญ่","2568","35.5025","35.5025","100.000000"
"789","75000","องค์กรปกครองส่วนท้องถิ่น","751RQ","เทศบาลตำบลบางละมุง","2568","43.2304","39.634","91.681000"
"790","75000","องค์กรปกครองส่วนท้องถิ่น","751RR","เทศบาลเมืองหนองปรือ","2568","244.4995","236.771","96.839000"
"791","75000","องค์กรปกครองส่วนท้องถิ่น","751RS","เทศบาลตำบลหนองปลาไหล","2568","62.9905","62.9905","100.000000"
"792","75000","องค์กรปกครองส่วนท้องถิ่น","751RT","เทศบาลตำบลโป่ง","2568","37.5244","37.5244","100.000000"
"793","75000","องค์กรปกครองส่วนท้องถิ่น","751RV","เทศบาลตำบลห้วยใหญ่","2568","103.3856","94.1494","91.066000"
"794","75000","องค์กรปกครองส่วนท้องถิ่น","751RW","เทศบาลตำบลตะเคียนเตี้ย","2568","62.8842","62.8842","100.000000"
"795","75000","องค์กรปกครองส่วนท้องถิ่น","751RY","เทศบาลตำบลพานทอง","2568","31.5758","31.5758","100.000000"
"796","75000","องค์กรปกครองส่วนท้องถิ่น","751S0","เทศบาลตำบลหนองตำลึง","2568","45.2581","45.2581","100.000000"
"797","75000","องค์กรปกครองส่วนท้องถิ่น","751S8","เทศบาลเมืองพนัสนิคม","2568","140.7832","134.2832","95.383000"
"798","75000","องค์กรปกครองส่วนท้องถิ่น","751SD","เทศบาลตำบลหมอนนาง","2568","59.0499","56.5499","95.766000"
"799","75000","องค์กรปกครองส่วนท้องถิ่น","751SG","เทศบาลตำบลกุฎโง้ง","2568","36.5585","36.5585","100.000000"
"800","75000","องค์กรปกครองส่วนท้องถิ่น","751SH","เทศบาลตำบลหัวถนน","2568","25.3216","22.0216","86.968000"
"801","75000","องค์กรปกครองส่วนท้องถิ่น","751SU","เทศบาลเมืองศรีราชา","2568","220.7351","220.7351","100.000000"
"802","75000","องค์กรปกครองส่วนท้องถิ่น","751SV","เทศบาลนครแหลมฉบัง","2568","667.5406","667.5406","100.000000"
"803","75000","องค์กรปกครองส่วนท้องถิ่น","751SW","เทศบาลนครเจ้าพระยาสุรศักดิ์","2568","559.3805","559.3805","100.000000"
"804","75000","องค์กรปกครองส่วนท้องถิ่น","751SZ","เทศบาลตำบลบางพระ","2568","39.7366","39.7366","100.000000"
"805","75000","องค์กรปกครองส่วนท้องถิ่น","751T2","เทศบาลตำบลเกาะสีชัง","2568","31.0378","31.0378","100.000000"
"806","75000","องค์กรปกครองส่วนท้องถิ่น","751T3","เทศบาลเมืองสัตหีบ","2568","83.6501","74.4565","89.009000"
"807","75000","องค์กรปกครองส่วนท้องถิ่น","751T4","เทศบาลตำบลเขตรอุดมศักดิ์","2568","71.712","71.712","100.000000"
"808","75000","องค์กรปกครองส่วนท้องถิ่น","751T5","เทศบาลตำบลนาจอมเทียน","2568","41.1877","41.1877","100.000000"
"809","75000","องค์กรปกครองส่วนท้องถิ่น","751T6","เทศบาลตำบลเขาชีจรรย์","2568","35.2924","29.6452","83.999000"
"810","75000","องค์กรปกครองส่วนท้องถิ่น","751T8","เทศบาลตำบลบางเสร่","2568","32.2324","32.2324","100.000000"
"811","75000","องค์กรปกครองส่วนท้องถิ่น","751T9","เทศบาลตำบลเกล็ดแก้ว","2568","33.5597","24.5129","73.043000"
"812","75000","องค์กรปกครองส่วนท้องถิ่น","751TB","เทศบาลตำบลบ่อทอง","2568","28.1718","25.6718","91.126000"
"813","75000","องค์กรปกครองส่วนท้องถิ่น","751TE","เทศบาลตำบลบ่อกวางทอง","2568","30.4387","23.888722","78.481000"
"814","75000","องค์กรปกครองส่วนท้องถิ่น","751TF","เทศบาลตำบลธาตุทอง","2568","28.599","28.599","100.000000"
"815","75000","องค์กรปกครองส่วนท้องถิ่น","751TJ","เทศบาลเมืองปรกฟ้า","2568","77.6878","77.6878","100.000000"
"816","75000","องค์กรปกครองส่วนท้องถิ่น","751TK","เทศบาลตำบลเกาะจันทร์","2568","21.2998","21.2998","100.000000"
"817","75000","องค์กรปกครองส่วนท้องถิ่น","751TL","เทศบาลตำบลท่าบุญมี","2568","26.4627","26.4627","100.000000"
"818","75000","องค์กรปกครองส่วนท้องถิ่น","751TN","เทศบาลเมืองชัยนาท","2568","193.1632","189.1137","97.904000"
"819","75000","องค์กรปกครองส่วนท้องถิ่น","751TP","เทศบาลตำบลบ้านกล้วย","2568","32.9607","32.9607","100.000000"
"820","75000","องค์กรปกครองส่วนท้องถิ่น","751TR","เทศบาลตำบลชัยนาท","2568","44.8507","39.4622","87.986000"
"821","75000","องค์กรปกครองส่วนท้องถิ่น","751TS","องค์การบริหารส่วนจังหวัดชัยนาท","2568","152.2285","152.2285","100.000000"
"822","75000","องค์กรปกครองส่วนท้องถิ่น","751TU","เทศบาลตำบลหาดท่าเสา","2568","25.6642","25.6642","100.000000"
"823","75000","องค์กรปกครองส่วนท้องถิ่น","751TV","เทศบาลตำบลธรรมามูล","2568","33.2135","33.2135","100.000000"
"824","75000","องค์กรปกครองส่วนท้องถิ่น","751TW","เทศบาลตำบลเสือโฮก","2568","41.1266","41.1266","100.000000"
"825","75000","องค์กรปกครองส่วนท้องถิ่น","751TX","เทศบาลตำบลนางลือ","2568","40.8599","40.8599","100.000000"
"826","75000","องค์กรปกครองส่วนท้องถิ่น","751TY","เทศบาลตำบลคุ้งสำเภา","2568","21.9194","21.9194","100.000000"
"827","75000","องค์กรปกครองส่วนท้องถิ่น","751TZ","เทศบาลตำบลมโนรมย์","2568","16.5311","16.5311","100.000000"
"828","75000","องค์กรปกครองส่วนท้องถิ่น","751U1","เทศบาลตำบลศิลาดาน","2568","17.1624","17.1624","100.000000"
"829","75000","องค์กรปกครองส่วนท้องถิ่น","751U3","เทศบาลตำบลหางน้ำสาคร","2568","46.2264","46.2264","100.000000"
"830","75000","องค์กรปกครองส่วนท้องถิ่น","751U6","เทศบาลตำบลวัดสิงห์","2568","46.1756","46.1756","100.000000"
"831","75000","องค์กรปกครองส่วนท้องถิ่น","751U8","เทศบาลตำบลหนองน้อย","2568","28.6809","28.6809","100.000000"
"832","75000","องค์กรปกครองส่วนท้องถิ่น","751UA","เทศบาลตำบลหนองขุ่น","2568","37.7327","37.7327","100.000000"
"833","75000","องค์กรปกครองส่วนท้องถิ่น","751UD","เทศบาลตำบลสรรพยา","2568","29.1239","28.6259","98.290000"
"834","75000","องค์กรปกครองส่วนท้องถิ่น","751UE","เทศบาลตำบลเจ้าพระยา","2568","17.2314","17.2314","100.000000"
"835","75000","องค์กรปกครองส่วนท้องถิ่น","751UF","เทศบาลตำบลตลุก","2568","38.293","38.293","100.000000"
"836","75000","องค์กรปกครองส่วนท้องถิ่น","751UH","เทศบาลตำบลโพธิ์พิทักษ์","2568","16.6807","16.6807","100.000000"
"837","75000","องค์กรปกครองส่วนท้องถิ่น","751UJ","เทศบาลตำบลโพนางดำตก","2568","23.595","23.595","100.000000"
"838","75000","องค์กรปกครองส่วนท้องถิ่น","751UK","เทศบาลตำบลโพนางดำออก","2568","40.6352","40.6352","100.000000"
"839","75000","องค์กรปกครองส่วนท้องถิ่น","751UL","เทศบาลตำบลบางหลวง","2568","31.3394","31.3394","100.000000"
"840","75000","องค์กรปกครองส่วนท้องถิ่น","751UM","เทศบาลตำบลหาดอาษา","2568","38.0568","38.0568","100.000000"
"841","75000","องค์กรปกครองส่วนท้องถิ่น","751UN","เทศบาลตำบลสรรคบุรี","2568","57.6504","57.6504","100.000000"
"842","75000","องค์กรปกครองส่วนท้องถิ่น","751UP","เทศบาลตำบลแพรกศรีราชา","2568","14.6096","14.6096","100.000000"
"843","75000","องค์กรปกครองส่วนท้องถิ่น","751UR","เทศบาลตำบลห้วยกรด","2568","40.7852","40.7852","100.000000"
"844","75000","องค์กรปกครองส่วนท้องถิ่น","751US","เทศบาลตำบลโพงาม","2568","38.8068","38.8068","100.000000"
"845","75000","องค์กรปกครองส่วนท้องถิ่น","751UT","เทศบาลตำบลบางขุด","2568","41.1387","41.1387","100.000000"
"846","75000","องค์กรปกครองส่วนท้องถิ่น","751UU","เทศบาลตำบลดงคอน","2568","54.8454","54.8454","100.000000"
"847","75000","องค์กรปกครองส่วนท้องถิ่น","751UV","เทศบาลตำบลดอนกำ","2568","18.7601","18.7601","100.000000"
"848","75000","องค์กรปกครองส่วนท้องถิ่น","751UW","เทศบาลตำบลห้วยกรดพัฒนา","2568","30.594","30.594","100.000000"
"849","75000","องค์กรปกครองส่วนท้องถิ่น","751UX","เทศบาลตำบลหันคา","2568","34.1109","34.1109","100.000000"
"850","75000","องค์กรปกครองส่วนท้องถิ่น","751UZ","เทศบาลตำบลบ้านเชี่ยน","2568","41.0169","41.0169","100.000000"
"851","75000","องค์กรปกครองส่วนท้องถิ่น","751V1","เทศบาลตำบลหนองแซง","2568","43.3835","43.3835","100.000000"
"852","75000","องค์กรปกครองส่วนท้องถิ่น","751V2","เทศบาลตำบลห้วยงู","2568","31.3028","25.11929821","80.246000"
"853","75000","องค์กรปกครองส่วนท้องถิ่น","751V5","เทศบาลตำบลสามง่ามท่าโบสถ์","2568","17.5299","17.5299","100.000000"
"854","75000","องค์กรปกครองส่วนท้องถิ่น","751V6","เทศบาลตำบลสามง่ามพัฒนา","2568","24.9216","24.9216","100.000000"
"855","75000","องค์กรปกครองส่วนท้องถิ่น","751V7","เทศบาลตำบลหนองมะโมง","2568","26.728","26.728","100.000000"
"856","75000","องค์กรปกครองส่วนท้องถิ่น","751V8","เทศบาลตำบลวังตะเคียน","2568","48.1435","48.1435","100.000000"
"857","75000","องค์กรปกครองส่วนท้องถิ่น","751VB","เทศบาลตำบลเนินขาม","2568","38.5933","38.5933","100.000000"
"858","75000","องค์กรปกครองส่วนท้องถิ่น","751VE","องค์การบริหารส่วนจังหวัดชัยภูมิ","2568","933.0795","878.3725","94.137000"
"859","75000","องค์กรปกครองส่วนท้องถิ่น","751VF","เทศบาลเมืองชัยภูมิ","2568","252.3931","247.2131","97.948000"
"860","75000","องค์กรปกครองส่วนท้องถิ่น","751VK","เทศบาลตำบลบ้านค่ายหมื่นแผ้ว","2568","27.7126","27.7076","99.982000"
"861","75000","องค์กรปกครองส่วนท้องถิ่น","751VN","เทศบาลตำบลชีลอง","2568","60.2626","49.2036","81.649000"
"862","75000","องค์กรปกครองส่วนท้องถิ่น","751VS","เทศบาลตำบลลาดใหญ่","2568","31.146","29.941","96.131000"
"863","75000","องค์กรปกครองส่วนท้องถิ่น","751VZ","เทศบาลตำบลโคกสูง","2568","29.6897","13.4368","45.257000"
"864","75000","องค์กรปกครองส่วนท้องถิ่น","751W2","เทศบาลตำบลทุ่งทอง","2568","42.8543","42.3343","98.787000"
"865","75000","องค์กรปกครองส่วนท้องถิ่น","751W3","เทศบาลตำบลบ้านเขว้า","2568","39.1161","39.1161","100.000000"
"866","75000","องค์กรปกครองส่วนท้องถิ่น","751W4","เทศบาลตำบลตลาดแร้ง","2568","57.1178","54.377294","95.202000"
"867","75000","องค์กรปกครองส่วนท้องถิ่น","751W5","เทศบาลตำบลลุ่มลำชี","2568","65.0234","62.15023","95.581000"
"868","75000","องค์กรปกครองส่วนท้องถิ่น","751W9","เทศบาลตำบลคอนสวรรค์","2568","27.525","26.6989","96.999000"
"869","75000","องค์กรปกครองส่วนท้องถิ่น","751WK","เทศบาลตำบลเกษตรสมบูรณ์","2568","23.1613","17.0476","73.604000"
"870","75000","องค์กรปกครองส่วนท้องถิ่น","751WN","เทศบาลตำบลบ้านเดื่อ","2568","69.108","61.329","88.744000"
"871","75000","องค์กรปกครองส่วนท้องถิ่น","751WP","เทศบาลตำบลบ้านเป้า","2568","38.3734","35.8734","93.485000"
"872","75000","องค์กรปกครองส่วนท้องถิ่น","751WY","เทศบาลตำบลหนองบัวแดง","2568","67.1991","66.3181","98.689000"
"873","75000","องค์กรปกครองส่วนท้องถิ่น","751WZ","เทศบาลตำบลหลวงศิริ","2568","42.667","40.626","95.216000"
"874","75000","องค์กรปกครองส่วนท้องถิ่น","751X7","เทศบาลตำบลจัตุรัส","2568","29.488","28.4185","96.373000"
"875","75000","องค์กรปกครองส่วนท้องถิ่น","751XE","เทศบาลตำบลหนองบัวใหญ่","2568","40.3267","40.3267","100.000000"
"876","75000","องค์กรปกครองส่วนท้องถิ่น","751XF","เทศบาลตำบลหนองบัวโคก","2568","13.2544","13.2544","100.000000"
"877","75000","องค์กรปกครองส่วนท้องถิ่น","751XJ","เทศบาลตำบลบำเหน็จณรงค์","2568","41.0982","40.3822","98.258000"
"878","75000","องค์กรปกครองส่วนท้องถิ่น","751XL","เทศบาลตำบลบ้านเพชร","2568","36.6027","35.87597984","98.015000"
"879","75000","องค์กรปกครองส่วนท้องถิ่น","751XT","เทศบาลตำบลหนองบัวระเหว","2568","46.8078","44.3538","94.757000"
"880","75000","องค์กรปกครองส่วนท้องถิ่น","751XV","เทศบาลตำบลห้วยแย้","2568","44.3929","42.9779","96.813000"
"881","75000","องค์กรปกครองส่วนท้องถิ่น","751XW","เทศบาลตำบลโคกสะอาด","2568","41.5244","40.58885","97.747000"
"882","75000","องค์กรปกครองส่วนท้องถิ่น","751XY","เทศบาลตำบลเทพสถิต","2568","24.5813","24.5613","99.919000"
"883","75000","องค์กรปกครองส่วนท้องถิ่น","751Y4","เทศบาลตำบลภูเขียว","2568","38.4724","35.8364","93.148000"
"884","75000","องค์กรปกครองส่วนท้องถิ่น","751Y8","เทศบาลตำบลบ้านแก้ง","2568","68.6901","62.4111","90.859000"
"885","75000","องค์กรปกครองส่วนท้องถิ่น","751YA","เทศบาลตำบลบ้านเพชรภูเขียว","2568","36.0723","28.2723","78.377000"
"886","75000","องค์กรปกครองส่วนท้องถิ่น","751YF","เทศบาลตำบลธาตุทอง","2568","55.4721","55.4721","100.000000"
"887","75000","องค์กรปกครองส่วนท้องถิ่น","751YH","เทศบาลตำบลบ้านแท่น","2568","25.9555","25.9555","100.000000"
"888","75000","องค์กรปกครองส่วนท้องถิ่น","751YM","เทศบาลตำบลบ้านเต่า","2568","43.4495","43.4495","100.000000"
"889","75000","องค์กรปกครองส่วนท้องถิ่น","751YP","เทศบาลตำบลแก้งคร้อ","2568","52.1152","52.1152","100.000000"
"890","75000","องค์กรปกครองส่วนท้องถิ่น","751YS","เทศบาลตำบลนาหนองทุ่ม","2568","50.675","50.675","100.000000"
"891","75000","องค์กรปกครองส่วนท้องถิ่น","751YV","เทศบาลตำบลหนองสังข์","2568","50.4736","50.4736","100.000000"
"892","75000","องค์กรปกครองส่วนท้องถิ่น","751Z1","เทศบาลตำบลคอนสาร","2568","48.5462","43.4043","89.408000"
"893","75000","องค์กรปกครองส่วนท้องถิ่น","751Z5","เทศบาลตำบลห้วยยาง","2568","65.7682","63.6122","96.722000"
"894","75000","องค์กรปกครองส่วนท้องถิ่น","751Z6","เทศบาลตำบลทุ่งลุยลาย","2568","37.3966","37.3966","100.000000"
"895","75000","องค์กรปกครองส่วนท้องถิ่น","751ZM","องค์การบริหารส่วนจังหวัดชุมพร","2568","212.1786","212.1786","100.000000"
"896","75000","องค์กรปกครองส่วนท้องถิ่น","751ZN","เทศบาลเมืองชุมพร","2568","233.0905","233.0905","100.000000"
"897","75000","องค์กรปกครองส่วนท้องถิ่น","751ZP","เทศบาลตำบลปากน้ำชุมพร","2568","30.2258","30.2258","100.000000"
"898","75000","องค์กรปกครองส่วนท้องถิ่น","751ZR","เทศบาลตำบลท่ายาง","2568","45.5277","6.2504","13.729000"
"899","75000","องค์กรปกครองส่วนท้องถิ่น","751ZS","เทศบาลตำบลบางหมาก","2568","35.7828","35.7828","100.000000"
"900","75000","องค์กรปกครองส่วนท้องถิ่น","751ZU","เทศบาลตำบลนาชะอัง","2568","29.123","23.126","79.408000"
"901","75000","องค์กรปกครองส่วนท้องถิ่น","751ZW","เทศบาลตำบลบางลึก","2568","36.9728","36.9728","100.000000"
"902","75000","องค์กรปกครองส่วนท้องถิ่น","751ZY","เทศบาลตำบลวังไผ่","2568","48.0844","36.3065","75.506000"
"903","75000","องค์กรปกครองส่วนท้องถิ่น","75200","เทศบาลตำบลวังใหม่","2568","41.8947","33.2727","79.420000"
"904","75000","องค์กรปกครองส่วนท้องถิ่น","75202","เทศบาลตำบลขุนกระทิง","2568","14.2054","11.7054","82.401000"
"905","75000","องค์กรปกครองส่วนท้องถิ่น","75205","เทศบาลตำบลหาดทรายรี","2568","35.452","35.452","100.000000"
"906","75000","องค์กรปกครองส่วนท้องถิ่น","75207","เทศบาลตำบลท่าแซะ","2568","24.0043","17.03655346","70.973000"
"907","75000","องค์กรปกครองส่วนท้องถิ่น","75208","เทศบาลตำบลเนินสันติ","2568","24.4225","18.9325","77.521000"
"908","75000","องค์กรปกครองส่วนท้องถิ่น","7520K","เทศบาลตำบลบางสน","2568","24.2858","24.2858","100.000000"
"909","75000","องค์กรปกครองส่วนท้องถิ่น","7520L","เทศบาลตำบลปะทิว","2568","17.8892","16.6442","93.040000"
"910","75000","องค์กรปกครองส่วนท้องถิ่น","7520M","เทศบาลตำบลทะเลทรัพย์","2568","30.3497","30.3497","100.000000"
"911","75000","องค์กรปกครองส่วนท้องถิ่น","7520N","เทศบาลตำบลสะพลี","2568","14.5791","14.5791","100.000000"
"912","75000","องค์กรปกครองส่วนท้องถิ่น","7520Q","เทศบาลตำบลชุมโค","2568","48.0426","47.3426","98.543000"
"913","75000","องค์กรปกครองส่วนท้องถิ่น","7520R","เทศบาลตำบลมาบอำมฤต","2568","39.097","25.115","64.238000"
"914","75000","องค์กรปกครองส่วนท้องถิ่น","7520V","เทศบาลเมืองหลังสวน","2568","99.7427","99.7427","100.000000"
"915","75000","องค์กรปกครองส่วนท้องถิ่น","7520W","เทศบาลตำบลท่ามะพลา","2568","29.5154","29.5154","100.000000"
"916","75000","องค์กรปกครองส่วนท้องถิ่น","75212","เทศบาลตำบลปากน้ำหลังสวน","2568","28.3235","28.3235","100.000000"
"917","75000","องค์กรปกครองส่วนท้องถิ่น","75215","เทศบาลตำบลวังตะกอ","2568","40.5197","40.5197","100.000000"
"918","75000","องค์กรปกครองส่วนท้องถิ่น","75217","เทศบาลตำบลละแม","2568","28.5642","28.5642","100.000000"
"919","75000","องค์กรปกครองส่วนท้องถิ่น","7521C","เทศบาลตำบลพะโต๊ะ","2568","20.8298","20.8298","100.000000"
"920","75000","องค์กรปกครองส่วนท้องถิ่น","7521H","เทศบาลตำบลนาโพธิ์","2568","26.0047","26.0047","100.000000"
"921","75000","องค์กรปกครองส่วนท้องถิ่น","7521J","เทศบาลตำบลนาโพธิ์พัฒนา","2568","27.0215","27.0215","100.000000"
"922","75000","องค์กรปกครองส่วนท้องถิ่น","7521U","เทศบาลตำบลปากตะโก","2568","23.4391","23.4391","100.000000"
"923","75000","องค์กรปกครองส่วนท้องถิ่น","7521V","เทศบาลตำบลทุ่งตะไคร","2568","40.0088","40.0088","100.000000"
"924","75000","องค์กรปกครองส่วนท้องถิ่น","7521Y","เทศบาลนครเชียงราย","2568","646.6248","618.1248","95.592000"
"925","75000","องค์กรปกครองส่วนท้องถิ่น","75220","เทศบาลตำบลบ้านดู่","2568","81.7686","81.7686","100.000000"
"926","75000","องค์กรปกครองส่วนท้องถิ่น","75221","เทศบาลตำบลนางแล","2568","52.3452","52.3452","100.000000"
"927","75000","องค์กรปกครองส่วนท้องถิ่น","75223","เทศบาลตำบลแม่ยาว","2568","75.7381","75.7381","100.000000"
"928","75000","องค์กรปกครองส่วนท้องถิ่น","75224","เทศบาลตำบลสันทราย","2568","41.1581","37.7861","91.807000"
"929","75000","องค์กรปกครองส่วนท้องถิ่น","75227","เทศบาลตำบลห้วยสัก","2568","77.2977","77.2977","100.000000"
"930","75000","องค์กรปกครองส่วนท้องถิ่น","75228","องค์การบริหารส่วนจังหวัดเชียงราย","2568","701.872","685.25","97.632000"
"931","75000","องค์กรปกครองส่วนท้องถิ่น","7522A","เทศบาลตำบลดอยลาน","2568","50.1565","49.0245","97.743000"
"932","75000","องค์กรปกครองส่วนท้องถิ่น","7522B","เทศบาลตำบลป่าอ้อดอนชัย","2568","53.9877","48.88911013","90.556000"
"933","75000","องค์กรปกครองส่วนท้องถิ่น","7522C","เทศบาลตำบลท่าสาย","2568","34.028","33.5565","98.614000"
"934","75000","องค์กรปกครองส่วนท้องถิ่น","7522D","เทศบาลตำบลดอยฮาง","2568","28.4021","28.4021","100.000000"
"935","75000","องค์กรปกครองส่วนท้องถิ่น","7522E","เทศบาลตำบลท่าสุด","2568","49.7979","49.3577","99.116000"
"936","75000","องค์กรปกครองส่วนท้องถิ่น","7522F","เทศบาลตำบลสิริเวียงชัย","2568","36.6969","36.5579","99.621000"
"937","75000","องค์กรปกครองส่วนท้องถิ่น","7522G","เทศบาลตำบลเวียงชัย","2568","39.2129","38.9129","99.235000"
"938","75000","องค์กรปกครองส่วนท้องถิ่น","7522J","เทศบาลตำบลเวียงเหนือ","2568","39.9172","33.12406397","82.982000"
"939","75000","องค์กรปกครองส่วนท้องถิ่น","7522K","เทศบาลตำบลดอนศิลา","2568","48.5325","47.4265","97.721000"
"940","75000","องค์กรปกครองส่วนท้องถิ่น","7522L","เทศบาลตำบลเมืองชุม","2568","31.7024","31.7024","100.000000"
"941","75000","องค์กรปกครองส่วนท้องถิ่น","7522M","เทศบาลตำบลเวียง","2568","47.8804","46.9554","98.068000"
"942","75000","องค์กรปกครองส่วนท้องถิ่น","7522N","เทศบาลตำบลเวียงเชียงของ","2568","37.9384","28.8774","76.117000"
"943","75000","องค์กรปกครองส่วนท้องถิ่น","7522P","เทศบาลตำบลสถาน","2568","50.5411","48.4684","95.899000"
"944","75000","องค์กรปกครองส่วนท้องถิ่น","7522Q","เทศบาลตำบลครึ่ง","2568","42.4846","40.9776","96.453000"
"945","75000","องค์กรปกครองส่วนท้องถิ่น","7522R","เทศบาลตำบลบุญเรือง","2568","38.0721","38.0721","100.000000"
"946","75000","องค์กรปกครองส่วนท้องถิ่น","7522S","เทศบาลตำบลห้วยซ้อ","2568","60.5959","59.3609","97.962000"
"947","75000","องค์กรปกครองส่วนท้องถิ่น","7522T","เทศบาลตำบลศรีดอนชัย","2568","46.9496","46.9496","100.000000"
"948","75000","องค์กรปกครองส่วนท้องถิ่น","7522V","เทศบาลตำบลเวียงเทิง","2568","43.4146","42.9636","98.961000"
"949","75000","องค์กรปกครองส่วนท้องถิ่น","7522X","เทศบาลตำบลงิ้ว","2568","62.4015","62.4015","100.000000"
"950","75000","องค์กรปกครองส่วนท้องถิ่น","7522Y","เทศบาลตำบลบ้านปล้อง","2568","28.5105","28.5105","100.000000"
"951","75000","องค์กรปกครองส่วนท้องถิ่น","75231","เทศบาลตำบลเชียงเคี่ยน","2568","23.8483","22.4908","94.308000"
"952","75000","องค์กรปกครองส่วนท้องถิ่น","75233","เทศบาลตำบลหงาว","2568","48.0646","48.0646","100.000000"
"953","75000","องค์กรปกครองส่วนท้องถิ่น","75234","เทศบาลตำบลสันทรายงาม","2568","31.6939","24.593901","77.598000"
"954","75000","องค์กรปกครองส่วนท้องถิ่น","75237","เทศบาลตำบลสันมะเค็ด","2568","55.3366","55.3366","100.000000"
"955","75000","องค์กรปกครองส่วนท้องถิ่น","7523K","เทศบาลตำบลเมืองพาน","2568","62.4517","59.9517","95.997000"
"956","75000","องค์กรปกครองส่วนท้องถิ่น","7523P","เทศบาลตำบลป่าแดด","2568","43.9838","42.317","96.210000"
"957","75000","องค์กรปกครองส่วนท้องถิ่น","7523Q","เทศบาลตำบลป่าแงะ","2568","64.6389","64.6389","100.000000"
"958","75000","องค์กรปกครองส่วนท้องถิ่น","7523R","เทศบาลตำบลสันมะค่า","2568","29.2487","29.2487","100.000000"
"959","75000","องค์กรปกครองส่วนท้องถิ่น","7523S","เทศบาลตำบลโรงช้าง","2568","25.3765","24.9655","98.380000"
"960","75000","องค์กรปกครองส่วนท้องถิ่น","7523T","เทศบาลตำบลศรีโพธิ์เงิน","2568","16.4921","9.2921","56.343000"
"961","75000","องค์กรปกครองส่วนท้องถิ่น","7523U","เทศบาลตำบลแม่จัน","2568","36.3763","36.3763","100.000000"
"962","75000","องค์กรปกครองส่วนท้องถิ่น","7523W","เทศบาลตำบลสายน้ำคำ","2568","33.2372","33.2372","100.000000"
"963","75000","องค์กรปกครองส่วนท้องถิ่น","7523X","เทศบาลตำบลแม่คำ","2568","46.1649","46.1649","100.000000"
"964","75000","องค์กรปกครองส่วนท้องถิ่น","7523Y","เทศบาลตำบลป่าซาง","2568","58.0706","45.9636","79.151000"
"965","75000","องค์กรปกครองส่วนท้องถิ่น","7523Z","เทศบาลตำบลสันทราย","2568","20.7776","18.2776","87.968000"
"966","75000","องค์กรปกครองส่วนท้องถิ่น","75241","เทศบาลตำบลท่าข้าวเปลือก","2568","43.0336","43.0336","100.000000"
"967","75000","องค์กรปกครองส่วนท้องถิ่น","75243","เทศบาลตำบลแม่ไร่","2568","42.5342","41.1312","96.701000"
"968","75000","องค์กรปกครองส่วนท้องถิ่น","75245","เทศบาลตำบลจันจว้า","2568","89.8099","87.8191","97.783000"
"969","75000","องค์กรปกครองส่วนท้องถิ่น","75247","เทศบาลตำบลเวียง","2568","27.8706","27.8706","100.000000"
"970","75000","องค์กรปกครองส่วนท้องถิ่น","75248","เทศบาลตำบลเวียงเชียงแสน","2568","35.9648","33.9921","94.515000"
"971","75000","องค์กรปกครองส่วนท้องถิ่น","7524A","เทศบาลตำบลบ้านแซว","2568","54.2509","53.313","98.271000"
"972","75000","องค์กรปกครองส่วนท้องถิ่น","7524C","เทศบาลตำบลแม่เงิน","2568","43.6094","43.6094","100.000000"
"973","75000","องค์กรปกครองส่วนท้องถิ่น","7524D","เทศบาลตำบลโยนก","2568","26.2375","25.2215","96.128000"
"974","75000","องค์กรปกครองส่วนท้องถิ่น","7524E","เทศบาลตำบลแม่สาย","2568","117.0704","109.86326","93.844000"
"975","75000","องค์กรปกครองส่วนท้องถิ่น","7524F","เทศบาลตำบลแม่สายมิตรภาพ","2568","34.5342","29.5942","85.695000"
"976","75000","องค์กรปกครองส่วนท้องถิ่น","7524G","เทศบาลตำบลห้วยไคร้","2568","31.7811","31.7711","99.969000"
"977","75000","องค์กรปกครองส่วนท้องถิ่น","7524M","เทศบาลตำบลเวียงพางคำ","2568","48.621","48.621","100.000000"
"978","75000","องค์กรปกครองส่วนท้องถิ่น","7524Q","เทศบาลตำบลเวียงสรวย","2568","39.9124","34.693241","86.923000"
"979","75000","องค์กรปกครองส่วนท้องถิ่น","7524R","เทศบาลตำบลแม่สรวย","2568","22.6879","20.1979","89.025000"
"980","75000","องค์กรปกครองส่วนท้องถิ่น","7524X","เทศบาลตำบลเจดีย์หลวง","2568","35.1464","28.0464","79.799000"
"981","75000","องค์กรปกครองส่วนท้องถิ่น","75250","เทศบาลตำบลเวียงป่าเป้า","2568","39.0321","39.0321","100.000000"
"982","75000","องค์กรปกครองส่วนท้องถิ่น","75253","เทศบาลตำบลป่างิ้ว","2568","49.7548","47.30341","95.073000"
"983","75000","องค์กรปกครองส่วนท้องถิ่น","75254","เทศบาลตำบลเวียงกาหลง","2568","51.1087","50.8367","99.468000"
"984","75000","องค์กรปกครองส่วนท้องถิ่น","75255","เทศบาลตำบลแม่ขะจาน","2568","26.017","24.7279","95.045000"
"985","75000","องค์กรปกครองส่วนท้องถิ่น","7525A","เทศบาลตำบลไม้ยา","2568","55.7611","54.5811","97.884000"
"986","75000","องค์กรปกครองส่วนท้องถิ่น","7525B","เทศบาลตำบลพญาเม็งราย","2568","40.3232","34.8862007","86.516000"
"987","75000","องค์กรปกครองส่วนท้องถิ่น","7525C","เทศบาลตำบลเม็งราย","2568","36.2656","29.0491","80.101000"
"988","75000","องค์กรปกครองส่วนท้องถิ่น","7525E","เทศบาลตำบลม่วงยาย","2568","39.6531","38.2641","96.497000"
"989","75000","องค์กรปกครองส่วนท้องถิ่น","7525G","เทศบาลตำบลหล่ายงาว","2568","28.0755","28.0755","100.000000"
"990","75000","องค์กรปกครองส่วนท้องถิ่น","7525H","เทศบาลตำบลท่าข้าม","2568","30.6295","30.6295","100.000000"
"991","75000","องค์กรปกครองส่วนท้องถิ่น","7525J","เทศบาลตำบลบ้านต้า","2568","39.2961","29.5702","75.250000"
"992","75000","องค์กรปกครองส่วนท้องถิ่น","7525L","เทศบาลตำบลป่าตาล","2568","62.2521","52.3581","84.107000"
"993","75000","องค์กรปกครองส่วนท้องถิ่น","7525M","เทศบาลตำบลยางฮอม","2568","58.5299","49.0219","83.755000"
"994","75000","องค์กรปกครองส่วนท้องถิ่น","7525S","เทศบาลตำบลดงมะดะ","2568","36.3421","36.3421","100.000000"
"995","75000","องค์กรปกครองส่วนท้องถิ่น","7525T","เทศบาลตำบลแม่ลาว","2568","15.0072","13.4555","89.660000"
"996","75000","องค์กรปกครองส่วนท้องถิ่น","7525W","เทศบาลตำบลป่าก่อดำ","2568","44.8849","37.16453","82.800000"
"997","75000","องค์กรปกครองส่วนท้องถิ่น","7525Z","เทศบาลตำบลบ้านเหล่า","2568","30.205","30.205","100.000000"
"998","75000","องค์กรปกครองส่วนท้องถิ่น","75266","เทศบาลนครเชียงใหม่","2568","834.1774","808.9774","96.979000"
"999","75000","องค์กรปกครองส่วนท้องถิ่น","75267","องค์การบริหารส่วนจังหวัดเชียงใหม่","2568","513.2743","458.1828564","89.267000"
"1000","75000","องค์กรปกครองส่วนท้องถิ่น","75268","เทศบาลตำบลช้างเผือก","2568","54.1549","49.266012","90.972000"
"1001","75000","องค์กรปกครองส่วนท้องถิ่น","7526A","เทศบาลตำบลสุเทพ","2568","91.1209","82.107634","90.108000"
"1002","75000","องค์กรปกครองส่วนท้องถิ่น","7526B","เทศบาลเมืองแม่เหียะ","2568","81.6613","81.4363","99.724000"
"1003","75000","องค์กรปกครองส่วนท้องถิ่น","7526C","เทศบาลตำบลป่าแดด","2568","51.4208","46.4298","90.294000"
"1004","75000","องค์กรปกครองส่วนท้องถิ่น","7526D","เทศบาลตำบลหนองหอย","2568","30.1222","26.4432","87.786000"
"1005","75000","องค์กรปกครองส่วนท้องถิ่น","7526E","เทศบาลตำบลท่าศาลา","2568","24.2237","24.2237","100.000000"
"1006","75000","องค์กรปกครองส่วนท้องถิ่น","7526F","เทศบาลตำบลหนองป่าครั่ง","2568","44.5632","44.5632","100.000000"
"1007","75000","องค์กรปกครองส่วนท้องถิ่น","7526G","เทศบาลตำบลฟ้าฮ่าม","2568","32.5057","32.5057","100.000000"
"1008","75000","องค์กรปกครองส่วนท้องถิ่น","7526H","เทศบาลตำบลสันผีเสื้อ","2568","42.0754","42.0441","99.926000"
"1009","75000","องค์กรปกครองส่วนท้องถิ่น","7526J","เทศบาลตำบลจอมทอง","2568","68.9507","67.6047","98.048000"
"1010","75000","องค์กรปกครองส่วนท้องถิ่น","7526K","เทศบาลตำบลบ้านหลวง","2568","72.5901","60.96457186","83.985000"
"1011","75000","องค์กรปกครองส่วนท้องถิ่น","7526M","เทศบาลตำบลสบเตี๊ยะ","2568","62.1907","61.4557","98.818000"
"1012","75000","องค์กรปกครองส่วนท้องถิ่น","7526N","เทศบาลตำบลบ้านแปะ","2568","78.6971","78.1266","99.275000"
"1013","75000","องค์กรปกครองส่วนท้องถิ่น","7526P","เทศบาลตำบลดอยแก้ว","2568","25.4902","22.923962","89.932000"
"1014","75000","องค์กรปกครองส่วนท้องถิ่น","7526Q","เทศบาลตำบลแม่สอย","2568","64.348","63.405","98.535000"
"1015","75000","องค์กรปกครองส่วนท้องถิ่น","7526R","เทศบาลตำบลแม่แจ่ม","2568","27.3941","25.3481","92.531000"
"1016","75000","องค์กรปกครองส่วนท้องถิ่น","7526T","เทศบาลตำบลท่าผา","2568","44.2398","40.1815","90.827000"
"1017","75000","องค์กรปกครองส่วนท้องถิ่น","7526Z","เทศบาลตำบลเชียงดาว","2568","38.3845","32.70625","85.207000"
"1018","75000","องค์กรปกครองส่วนท้องถิ่น","75271","เทศบาลตำบลเมืองนะ","2568","95.3346","95.1256","99.781000"
"1019","75000","องค์กรปกครองส่วนท้องถิ่น","75272","เทศบาลตำบลพระธาตุปู่ก่ำ","2568","19.4856","19.484364","99.994000"
"1020","75000","องค์กรปกครองส่วนท้องถิ่น","75273","เทศบาลตำบลเมืองงาย","2568","31.539","31.539","100.000000"
"1021","75000","องค์กรปกครองส่วนท้องถิ่น","75274","เทศบาลตำบลแม่นะ","2568","42.009","42.009","100.000000"
"1022","75000","องค์กรปกครองส่วนท้องถิ่น","75276","เทศบาลตำบลปิงโค้ง","2568","42.7301","42.7301","100.000000"
"1023","75000","องค์กรปกครองส่วนท้องถิ่น","75277","เทศบาลตำบลทุ่งข้าวพวง","2568","46.2602","44.2967","95.756000"
"1024","75000","องค์กรปกครองส่วนท้องถิ่น","75278","เทศบาลตำบลดอยสะเก็ด","2568","24.5811","24.5811","100.000000"
"1025","75000","องค์กรปกครองส่วนท้องถิ่น","75279","เทศบาลตำบลเชิงดอย","2568","39.8184","39.8184","100.000000"
"1026","75000","องค์กรปกครองส่วนท้องถิ่น","7527A","เทศบาลตำบลสันปูเลย","2568","56.2512","51.2878","91.176000"
"1027","75000","องค์กรปกครองส่วนท้องถิ่น","7527B","เทศบาลตำบลลวงเหนือ","2568","35.3619","34.1684","96.625000"
"1028","75000","องค์กรปกครองส่วนท้องถิ่น","7527C","เทศบาลตำบลป่าป้อง","2568","21.7359","20.112","92.529000"
"1029","75000","องค์กรปกครองส่วนท้องถิ่น","7527D","เทศบาลตำบลสง่าบ้าน","2568","28.5233","22.84094","80.078000"
"1030","75000","องค์กรปกครองส่วนท้องถิ่น","7527E","เทศบาลตำบลตลาดขวัญ","2568","16.7766","15.8055","94.212000"
"1031","75000","องค์กรปกครองส่วนท้องถิ่น","7527F","เทศบาลตำบลสำราญราษฎร์","2568","20.0306","17.3426","86.581000"
"1032","75000","องค์กรปกครองส่วนท้องถิ่น","7527G","เทศบาลตำบลแม่คือ","2568","30.5825","23.7286","77.589000"
"1033","75000","องค์กรปกครองส่วนท้องถิ่น","7527H","เทศบาลตำบลตลาดใหญ่","2568","22.4585","18.43425","82.081000"
"1034","75000","องค์กรปกครองส่วนท้องถิ่น","7527J","เทศบาลตำบลแม่ฮ้อยเงิน","2568","20.8845","19.6805","94.235000"
"1035","75000","องค์กรปกครองส่วนท้องถิ่น","7527K","เทศบาลตำบลแม่โป่ง","2568","37.4873","30.0533","80.169000"
"1036","75000","องค์กรปกครองส่วนท้องถิ่น","7527L","เทศบาลตำบลป่าเมี่ยง","2568","23.9191","23.9191","100.000000"
"1037","75000","องค์กรปกครองส่วนท้องถิ่น","7527N","เทศบาลตำบลสันมหาพน","2568","47.9476","47.9476","100.000000"
"1038","75000","องค์กรปกครองส่วนท้องถิ่น","7527P","เทศบาลตำบลแม่แตง","2568","21.6257","21.4327","99.108000"
"1039","75000","องค์กรปกครองส่วนท้องถิ่น","7527Q","เทศบาลตำบลจอมแจ้ง","2568","34.0617","32.5817","95.655000"
"1040","75000","องค์กรปกครองส่วนท้องถิ่น","7527R","เทศบาลตำบลแม่หอพระ","2568","31.8807","31.8807","100.000000"
"1041","75000","องค์กรปกครองส่วนท้องถิ่น","7527Z","เทศบาลเมืองเมืองแกนพัฒนา","2568","95.2455","79.16","83.112000"
"1042","75000","องค์กรปกครองส่วนท้องถิ่น","75280","เทศบาลตำบลอินทขิล","2568","13.9538","13.9538","100.000000"
"1043","75000","องค์กรปกครองส่วนท้องถิ่น","75281","เทศบาลตำบลแม่ริม","2568","40.0698","40.0698","100.000000"
"1044","75000","องค์กรปกครองส่วนท้องถิ่น","75282","เทศบาลตำบลริมเหนือ","2568","13.5426","13.4154","99.061000"
"1045","75000","องค์กรปกครองส่วนท้องถิ่น","75283","เทศบาลตำบลสันโป่ง","2568","48.0769","42.5878","88.583000"
"1046","75000","องค์กรปกครองส่วนท้องถิ่น","75284","เทศบาลตำบลขี้เหล็ก","2568","33.2498","27.0813","81.448000"
"1047","75000","องค์กรปกครองส่วนท้องถิ่น","75287","เทศบาลตำบลแม่แรม","2568","31.5088","31.5088","100.000000"
"1048","75000","องค์กรปกครองส่วนท้องถิ่น","7528B","เทศบาลตำบลเหมืองแก้ว","2568","20.1057","20.1057","100.000000"
"1049","75000","องค์กรปกครองส่วนท้องถิ่น","7528C","เทศบาลตำบลสะเมิงใต้","2568","39.82","35.3103","88.675000"
"1050","75000","องค์กรปกครองส่วนท้องถิ่น","7528H","เทศบาลตำบลเวียงฝาง","2568","48.8037","48.8037","100.000000"
"1051","75000","องค์กรปกครองส่วนท้องถิ่น","7528N","เทศบาลตำบลสันทราย","2568","55.5887","55.5887","100.000000"
"1052","75000","องค์กรปกครองส่วนท้องถิ่น","7528Q","เทศบาลตำบลบ้านแม่ข่า","2568","14.9304","14.9304","100.000000"
"1053","75000","องค์กรปกครองส่วนท้องถิ่น","7528R","เทศบาลตำบลแม่ข่า","2568","47.8646","46.6426","97.447000"
"1054","75000","องค์กรปกครองส่วนท้องถิ่น","7528T","เทศบาลตำบลแม่อาย","2568","50.8706","50.8706","100.000000"
"1055","75000","องค์กรปกครองส่วนท้องถิ่น","75290","เทศบาลตำบลเวียงพร้าว","2568","36.1516","36.1516","100.000000"
"1056","75000","องค์กรปกครองส่วนท้องถิ่น","75291","เทศบาลตำบลป่าตุ้ม","2568","28.7674","28.5524","99.253000"
"1057","75000","องค์กรปกครองส่วนท้องถิ่น","75292","เทศบาลตำบลป่าไหน่","2568","27.8038","20.6528","74.280000"
"1058","75000","องค์กรปกครองส่วนท้องถิ่น","75294","เทศบาลตำบลบ้านโป่ง","2568","15.7429","15.7429","100.000000"
"1059","75000","องค์กรปกครองส่วนท้องถิ่น","75295","เทศบาลตำบลน้ำแพร่","2568","21.953","16.5525","75.400000"
"1060","75000","องค์กรปกครองส่วนท้องถิ่น","75298","เทศบาลตำบลแม่ปั๋ง","2568","34.5343","34.5343","100.000000"
"1061","75000","องค์กรปกครองส่วนท้องถิ่น","7529A","เทศบาลตำบลยุหว่า","2568","55.1994","51.0868","92.550000"
"1062","75000","องค์กรปกครองส่วนท้องถิ่น","7529B","เทศบาลตำบลสันป่าตอง","2568","35.5069","31.2179","87.921000"
"1063","75000","องค์กรปกครองส่วนท้องถิ่น","7529G","เทศบาลตำบลบ้านแม","2568","29.8452","29.8452","100.000000"
"1064","75000","องค์กรปกครองส่วนท้องถิ่น","7529H","เทศบาลตำบลบ้านกลาง","2568","77.7928","75.2928","96.786000"
"1065","75000","องค์กรปกครองส่วนท้องถิ่น","7529K","เทศบาลตำบลทุ่งสะโตก","2568","36.8074","36.7965","99.970000"
"1066","75000","องค์กรปกครองส่วนท้องถิ่น","7529L","เทศบาลตำบลทุ่งต้อม","2568","28.9955","28.9955","100.000000"
"1067","75000","องค์กรปกครองส่วนท้องถิ่น","7529P","เทศบาลตำบลสันกำแพง","2568","91.6053","79.3653","86.638000"
"1068","75000","องค์กรปกครองส่วนท้องถิ่น","7529S","เทศบาลตำบลบวกค้าง","2568","42.5219","39.5834","93.089000"
"1069","75000","องค์กรปกครองส่วนท้องถิ่น","7529U","เทศบาลตำบลออนใต้","2568","35.7451","35.7451","100.000000"
"1070","75000","องค์กรปกครองส่วนท้องถิ่น","7529V","เทศบาลตำบลแม่ปูคา","2568","33.2582","33.2582","100.000000"
"1071","75000","องค์กรปกครองส่วนท้องถิ่น","7529W","เทศบาลตำบลห้วยทราย","2568","27.7069","26.9769","97.365000"
"1072","75000","องค์กรปกครองส่วนท้องถิ่น","7529X","เทศบาลเมืองต้นเปา","2568","75.645","67.83","89.669000"
"1073","75000","องค์กรปกครองส่วนท้องถิ่น","7529Y","เทศบาลตำบลสันกลาง","2568","30.0337","30.0337","100.000000"
"1074","75000","องค์กรปกครองส่วนท้องถิ่น","7529Z","เทศบาลตำบลสันทรายหลวง","2568","78.8094","78.8094","100.000000"
"1075","75000","องค์กรปกครองส่วนท้องถิ่น","752A0","เทศบาลตำบลสันพระเนตร","2568","30.4939","27.3989","89.850000"
"1076","75000","องค์กรปกครองส่วนท้องถิ่น","752A1","เทศบาลตำบลสันนาเม็ง","2568","39.0981","39.0981","100.000000"
"1077","75000","องค์กรปกครองส่วนท้องถิ่น","752A2","เทศบาลตำบลสันป่าเปา","2568","19.9906","16.396981","82.023000"
"1078","75000","องค์กรปกครองส่วนท้องถิ่น","752A3","เทศบาลตำบลหนองแหย่ง","2568","31.7441","29.1511","91.832000"
"1079","75000","องค์กรปกครองส่วนท้องถิ่น","752A4","เทศบาลตำบลหนองจ๊อม","2568","45.3564","45.3564","100.000000"
"1080","75000","องค์กรปกครองส่วนท้องถิ่น","752A5","เทศบาลเมืองแม่โจ้","2568","94.2003","91.6158","97.256000"
"1081","75000","องค์กรปกครองส่วนท้องถิ่น","752A6","เทศบาลตำบลหนองหาร","2568","24.1142","22.38218932","92.817000"
"1082","75000","องค์กรปกครองส่วนท้องถิ่น","752A7","เทศบาลตำบลแม่แฝก","2568","44.6253","44.6253","100.000000"
"1083","75000","องค์กรปกครองส่วนท้องถิ่น","752A8","เทศบาลตำบลเจดีย์แม่ครัว","2568","48.4729","45.3222","93.500000"
"1084","75000","องค์กรปกครองส่วนท้องถิ่น","752A9","เทศบาลตำบลเมืองเล็น","2568","13.0974","13.0974","100.000000"
"1085","75000","องค์กรปกครองส่วนท้องถิ่น","752AA","เทศบาลตำบลป่าไผ่","2568","50.9814","48.6314","95.390000"
"1086","75000","องค์กรปกครองส่วนท้องถิ่น","752AB","เทศบาลตำบลหางดง","2568","60.0782","60.0782","100.000000"
"1087","75000","องค์กรปกครองส่วนท้องถิ่น","752AC","เทศบาลตำบลแม่ท่าช้าง","2568","17.4001","16.8551","96.868000"
"1088","75000","องค์กรปกครองส่วนท้องถิ่น","752AD","เทศบาลตำบลหนองแก๋ว","2568","20.315","20.315","100.000000"
"1089","75000","องค์กรปกครองส่วนท้องถิ่น","752AE","เทศบาลตำบลหารแก้ว","2568","26.0177","26.0177","100.000000"
"1090","75000","องค์กรปกครองส่วนท้องถิ่น","752AF","เทศบาลตำบลหนองตองพัฒนา","2568","42.945","42.9437","99.997000"
"1091","75000","องค์กรปกครองส่วนท้องถิ่น","752AJ","เทศบาลตำบลบ้านแหวน","2568","37.734","37.734","100.000000"
"1092","75000","องค์กรปกครองส่วนท้องถิ่น","752AK","เทศบาลตำบลสันผักหวาน","2568","42.4847","40.6847","95.763000"
"1093","75000","องค์กรปกครองส่วนท้องถิ่น","752AL","เทศบาลตำบลหนองควาย","2568","41.1044","38.5994","93.906000"
"1094","75000","องค์กรปกครองส่วนท้องถิ่น","752AM","เทศบาลตำบลบ้านปง","2568","28.8592","27.0362","93.683000"
"1095","75000","องค์กรปกครองส่วนท้องถิ่น","752AN","เทศบาลตำบลน้ำแพร่พัฒนา","2568","29.9458","22.89297652","76.448000"
"1096","75000","องค์กรปกครองส่วนท้องถิ่น","752AP","เทศบาลตำบลท่าข้าม","2568","34.3436","31.8436","92.721000"
"1097","75000","องค์กรปกครองส่วนท้องถิ่น","752AS","เทศบาลตำบลบ้านตาล","2568","42.3467","40.6467","95.986000"
"1098","75000","องค์กรปกครองส่วนท้องถิ่น","752AT","เทศบาลตำบลบ่อหลวง","2568","72.9766","71.5986","98.112000"
"1099","75000","องค์กรปกครองส่วนท้องถิ่น","752AX","เทศบาลตำบลท่าเดื่อ-มืดกา","2568","33.7446","32.6126","96.645000"
"1100","75000","องค์กรปกครองส่วนท้องถิ่น","752B2","เทศบาลตำบลอมก๋อย","2568","17.1752","17.171","99.976000"
"1101","75000","องค์กรปกครองส่วนท้องถิ่น","752B9","เทศบาลตำบลยางเนิ้ง","2568","63.2621","63.2621","100.000000"
"1102","75000","องค์กรปกครองส่วนท้องถิ่น","752BA","เทศบาลตำบลสารภี","2568","31.6519","31.6519","100.000000"
"1103","75000","องค์กรปกครองส่วนท้องถิ่น","752BB","เทศบาลตำบลชมภู","2568","43.9","41.8683","95.372000"
"1104","75000","องค์กรปกครองส่วนท้องถิ่น","752BC","เทศบาลตำบลไชยสถาน","2568","23.3779","19.2815","82.477000"
"1105","75000","องค์กรปกครองส่วนท้องถิ่น","752BD","เทศบาลตำบลขัวมุง","2568","27.1866","26.5686","97.727000"
"1106","75000","องค์กรปกครองส่วนท้องถิ่น","752BE","เทศบาลตำบลหนองแฝก","2568","35.7911","26.8784","75.098000"
"1107","75000","องค์กรปกครองส่วนท้องถิ่น","752BF","เทศบาลตำบลหนองผึ้ง","2568","51.4729","50.8409","98.772000"
"1108","75000","องค์กรปกครองส่วนท้องถิ่น","752BG","เทศบาลตำบลท่ากว้าง","2568","24.3471","24.3471","100.000000"
"1109","75000","องค์กรปกครองส่วนท้องถิ่น","752BH","เทศบาลตำบลดอนแก้ว","2568","17.992","17.8422","99.167000"
"1110","75000","องค์กรปกครองส่วนท้องถิ่น","752BJ","เทศบาลตำบลท่าวังตาล","2568","36.501","36.501","100.000000"
"1111","75000","องค์กรปกครองส่วนท้องถิ่น","752BK","เทศบาลตำบลสันทรายมหาวงศ์","2568","39.0647","36.5529","93.570000"
"1112","75000","องค์กรปกครองส่วนท้องถิ่น","752BL","เทศบาลตำบลป่าบง","2568","21.7374","21.3974","98.436000"
"1113","75000","องค์กรปกครองส่วนท้องถิ่น","752BP","เทศบาลตำบลแสนไห","2568","28.0191","28.0191","100.000000"
"1114","75000","องค์กรปกครองส่วนท้องถิ่น","752BQ","เทศบาลตำบลไชยปราการ","2568","79.6048","79.5798","99.969000"
"1115","75000","องค์กรปกครองส่วนท้องถิ่น","752BT","เทศบาลตำบลหนองบัว","2568","39.1242","39.1242","100.000000"
"1116","75000","องค์กรปกครองส่วนท้องถิ่น","752BU","เทศบาลตำบลแม่วาง","2568","39.2395","39.2395","100.000000"
"1117","75000","องค์กรปกครองส่วนท้องถิ่น","752C7","เทศบาลตำบลสองแคว","2568","30.0437","29.3297","97.623000"
"1118","75000","องค์กรปกครองส่วนท้องถิ่น","752C8","เทศบาลตำบลยางคราม","2568","35.2698","35.2698","100.000000"
"1119","75000","องค์กรปกครองส่วนท้องถิ่น","752C9","เทศบาลตำบลสันติสุข","2568","18.0974","18.0954","99.989000"
"1120","75000","องค์กรปกครองส่วนท้องถิ่น","752CD","องค์การบริหารส่วนจังหวัดตรัง","2568","226.0575","191.3355","84.640000"
"1121","75000","องค์กรปกครองส่วนท้องถิ่น","752CE","เทศบาลนครตรัง","2568","511.7291","507.042454","99.084000"
"1122","75000","องค์กรปกครองส่วนท้องถิ่น","752CM","เทศบาลตำบลโคกหล่อ","2568","58.3288","53.9758","92.537000"
"1123","75000","องค์กรปกครองส่วนท้องถิ่น","752CR","เทศบาลตำบลนาตาล่วง","2568","29.7909","29.7909","100.000000"
"1124","75000","องค์กรปกครองส่วนท้องถิ่น","752CT","เทศบาลตำบลคลองเต็ง","2568","28.0123","28.0123","100.000000"
"1125","75000","องค์กรปกครองส่วนท้องถิ่น","752CW","เทศบาลเมืองกันตัง","2568","115.5285","115.5285","100.000000"
"1126","75000","องค์กรปกครองส่วนท้องถิ่น","752CX","เทศบาลตำบลควนธานี","2568","18.4216","18.4216","100.000000"
"1127","75000","องค์กรปกครองส่วนท้องถิ่น","752CZ","เทศบาลตำบลบางเป้า","2568","36.5641","36.5641","100.000000"
"1128","75000","องค์กรปกครองส่วนท้องถิ่น","752DA","เทศบาลตำบลควนโพธิ์","2568","17.9538","17.9538","100.000000"
"1129","75000","องค์กรปกครองส่วนท้องถิ่น","752DB","เทศบาลตำบลย่านตาขาว","2568","44.7227","44.7227","100.000000"
"1130","75000","องค์กรปกครองส่วนท้องถิ่น","752DG","เทศบาลตำบลทุ่งกระบือ","2568","38.4928","38.4928","100.000000"
"1131","75000","องค์กรปกครองส่วนท้องถิ่น","752DK","เทศบาลตำบลท่าข้าม","2568","12.1089","12.1089","100.000000"
"1132","75000","องค์กรปกครองส่วนท้องถิ่น","752DM","เทศบาลตำบลทุ่งยาว","2568","19.0716","19.0716","100.000000"
"1133","75000","องค์กรปกครองส่วนท้องถิ่น","752DV","เทศบาลตำบลท่าพญา","2568","17.6079","17.6079","100.000000"
"1134","75000","องค์กรปกครองส่วนท้องถิ่น","752DX","เทศบาลตำบลสิเกา","2568","15.1204","12.6454","83.631000"
"1135","75000","องค์กรปกครองส่วนท้องถิ่น","752E0","เทศบาลตำบลควนกุน","2568","32.8021","32.03185","97.652000"
"1136","75000","องค์กรปกครองส่วนท้องถิ่น","752E3","เทศบาลตำบลนาเมืองเพชร","2568","27.4414","27.4414","100.000000"
"1137","75000","องค์กรปกครองส่วนท้องถิ่น","752E4","เทศบาลตำบลห้วยยอด","2568","72.0388","68.0048","94.400000"
"1138","75000","องค์กรปกครองส่วนท้องถิ่น","752EE","เทศบาลตำบลท่างิ้ว","2568","29.708","29.708","100.000000"
"1139","75000","องค์กรปกครองส่วนท้องถิ่น","752EF","เทศบาลตำบลลำภูรา","2568","19.0242","19.0242","100.000000"
"1140","75000","องค์กรปกครองส่วนท้องถิ่น","752EJ","เทศบาลตำบลห้วยนาง","2568","34.881","32.088","91.993000"
"1141","75000","องค์กรปกครองส่วนท้องถิ่น","752EM","เทศบาลตำบลนาวง","2568","28.943","28.943","100.000000"
"1142","75000","องค์กรปกครองส่วนท้องถิ่น","752ET","เทศบาลตำบลวังวิเศษ","2568","24.1023","18.4873","76.703000"
"1143","75000","องค์กรปกครองส่วนท้องถิ่น","752EV","เทศบาลตำบลนาโยงเหนือ","2568","27.4592","24.401312","88.864000"
"1144","75000","องค์กรปกครองส่วนท้องถิ่น","752F3","เทศบาลตำบลคลองปาง","2568","21.9485","19.4485","88.610000"
"1145","75000","องค์กรปกครองส่วนท้องถิ่น","752FB","เทศบาลเมืองตราด","2568","127.1016","122.58337865","96.445000"
"1146","75000","องค์กรปกครองส่วนท้องถิ่น","752FC","เทศบาลตำบลหนองเสม็ด","2568","34.2874","34.2874","100.000000"
"1147","75000","องค์กรปกครองส่วนท้องถิ่น","752FH","องค์การบริหารส่วนจังหวัดตราด","2568","101.9943","98.84229992","96.910000"
"1148","75000","องค์กรปกครองส่วนท้องถิ่น","752FL","เทศบาลตำบลท่าพริกเนินทราย","2568","36.8027","36.5557","99.329000"
"1149","75000","องค์กรปกครองส่วนท้องถิ่น","752FP","เทศบาลตำบลตะกาง","2568","23.2556","23.2556","100.000000"
"1150","75000","องค์กรปกครองส่วนท้องถิ่น","752FQ","เทศบาลตำบลชำราก","2568","24.9434","24.54127563","98.388000"
"1151","75000","องค์กรปกครองส่วนท้องถิ่น","752FS","เทศบาลตำบลคลองใหญ่","2568","34.8391","24.843378","71.309000"
"1152","75000","องค์กรปกครองส่วนท้องถิ่น","752FV","เทศบาลตำบลหาดเล็ก","2568","22.3468","22.3468","100.000000"
"1153","75000","องค์กรปกครองส่วนท้องถิ่น","752FW","เทศบาลตำบลเขาสมิง","2568","12.7409","12.7409","100.000000"
"1154","75000","องค์กรปกครองส่วนท้องถิ่น","752FY","เทศบาลตำบลแสนตุ้ง","2568","15.619","15.619","100.000000"
"1155","75000","องค์กรปกครองส่วนท้องถิ่น","752G6","เทศบาลตำบลบ่อพลอย","2568","41.1932","41.1932","100.000000"
"1156","75000","องค์กรปกครองส่วนท้องถิ่น","752GA","เทศบาลตำบลหนองบอน","2568","31.68","31.68","100.000000"
"1157","75000","องค์กรปกครองส่วนท้องถิ่น","752GC","เทศบาลตำบลแหลมงอบ","2568","22.2435","22.2435","100.000000"
"1158","75000","องค์กรปกครองส่วนท้องถิ่น","752GE","เทศบาลตำบลน้ำเชี่ยว","2568","27.9233","18.7968","67.316000"
"1159","75000","องค์กรปกครองส่วนท้องถิ่น","752GK","เทศบาลตำบลเกาะช้าง","2568","29.7425","29.7425","100.000000"
"1160","75000","องค์กรปกครองส่วนท้องถิ่น","752GL","เทศบาลตำบลเกาะช้างใต้","2568","19.2369","14.024012","72.902000"
"1161","75000","องค์กรปกครองส่วนท้องถิ่น","752GM","เทศบาลเมืองตาก","2568","224.1549","212.2289","94.680000"
"1162","75000","องค์กรปกครองส่วนท้องถิ่น","752GP","เทศบาลตำบลไม้งาม","2568","35.3438","34.4198","97.386000"
"1163","75000","องค์กรปกครองส่วนท้องถิ่น","752GR","องค์การบริหารส่วนจังหวัดตาก","2568","202.3617","197.6718","97.682000"
"1164","75000","องค์กรปกครองส่วนท้องถิ่น","752GW","เทศบาลตำบลหนองบัวใต้","2568","32.1379","22.83","71.038000"
"1165","75000","องค์กรปกครองส่วนท้องถิ่น","752GZ","เทศบาลตำบลบ้านตาก","2568","36.7219","36.7219","100.000000"
"1166","75000","องค์กรปกครองส่วนท้องถิ่น","752H5","เทศบาลตำบลทุ่งกระเชาะ","2568","34.2207","34.2207","100.000000"
"1167","75000","องค์กรปกครองส่วนท้องถิ่น","752H7","เทศบาลตำบลสามเงา","2568","30.8214","30.8214","100.000000"
"1168","75000","องค์กรปกครองส่วนท้องถิ่น","752HE","เทศบาลตำบลแม่ระมาด","2568","30.4228","25.5322","83.925000"
"1169","75000","องค์กรปกครองส่วนท้องถิ่น","752HG","เทศบาลตำบลทุ่งหลวง","2568","35.6479","35.6479","100.000000"
"1170","75000","องค์กรปกครองส่วนท้องถิ่น","752HH","เทศบาลตำบลแม่จะเรา","2568","29.7545","29.7545","100.000000"
"1171","75000","องค์กรปกครองส่วนท้องถิ่น","752HP","เทศบาลตำบลแม่ต้าน","2568","20.8484","20.8434","99.976000"
"1172","75000","องค์กรปกครองส่วนท้องถิ่น","752HV","เทศบาลนครแม่สอด","2568","395.4647","395.4647","100.000000"
"1173","75000","องค์กรปกครองส่วนท้องถิ่น","752HW","เทศบาลตำบลแม่กุ","2568","57.2906","54.00529","94.266000"
"1174","75000","องค์กรปกครองส่วนท้องถิ่น","752HZ","เทศบาลตำบลแม่ตาว","2568","30.3155","30.3155","100.000000"
"1175","75000","องค์กรปกครองส่วนท้องถิ่น","752J1","เทศบาลตำบลท่าสายลวด","2568","30.1299","30.1289","99.997000"
"1176","75000","องค์กรปกครองส่วนท้องถิ่น","752J7","เทศบาลตำบลพบพระ","2568","42.4971","42.4971","100.000000"
"1177","75000","องค์กรปกครองส่วนท้องถิ่น","752JD","เทศบาลตำบลอุ้มผาง","2568","16.5736","16.5736","100.000000"
"1178","75000","องค์กรปกครองส่วนท้องถิ่น","752JG","เทศบาลตำบลแม่จัน","2568","60.334","60.334","100.000000"
"1179","75000","องค์กรปกครองส่วนท้องถิ่น","752JH","เทศบาลตำบลแม่กลอง","2568","51.8092","51.8092","100.000000"
"1180","75000","องค์กรปกครองส่วนท้องถิ่น","752JJ","เทศบาลตำบลวังเจ้า","2568","19.3396","19.3396","100.000000"
"1181","75000","องค์กรปกครองส่วนท้องถิ่น","752JN","เทศบาลเมืองนครนายก","2568","168.0629","165.66503","98.573000"
"1182","75000","องค์กรปกครองส่วนท้องถิ่น","752JP","เทศบาลตำบลท่าช้าง","2568","11.0087","11.0087","100.000000"
"1183","75000","องค์กรปกครองส่วนท้องถิ่น","752K1","องค์การบริหารส่วนจังหวัดนครนายก","2568","104.2354","98.60097999","94.595000"
"1184","75000","องค์กรปกครองส่วนท้องถิ่น","752K3","เทศบาลตำบลเกาะหวาย","2568","12.7135","12.7135","100.000000"
"1185","75000","องค์กรปกครองส่วนท้องถิ่น","752KB","เทศบาลตำบลบ้านนา","2568","30.5945","30.5945","100.000000"
"1186","75000","องค์กรปกครองส่วนท้องถิ่น","752KJ","เทศบาลตำบลพิกุลออก","2568","26.4878","23.9918","90.577000"
"1187","75000","องค์กรปกครองส่วนท้องถิ่น","752KW","เทศบาลตำบลองครักษ์","2568","26.1187","26.1187","100.000000"
"1188","75000","องค์กรปกครองส่วนท้องถิ่น","752L2","เทศบาลตำบลธรรมศาลา","2568","28.0758","28.0758","100.000000"
"1189","75000","องค์กรปกครองส่วนท้องถิ่น","752L4","เทศบาลตำบลตาก้อง","2568","24.9229","22.4229","89.969000"
"1190","75000","องค์กรปกครองส่วนท้องถิ่น","752L5","เทศบาลตำบลมาบแค","2568","26.8528","22.3528","83.242000"
"1191","75000","องค์กรปกครองส่วนท้องถิ่น","752L6","องค์การบริหารส่วนจังหวัดนครปฐม","2568","190.0078","189.205","99.577000"
"1192","75000","องค์กรปกครองส่วนท้องถิ่น","752L8","เทศบาลตำบลดอนยายหอม","2568","28.8954","28.8954","100.000000"
"1193","75000","องค์กรปกครองส่วนท้องถิ่น","752LB","เทศบาลนครนครปฐม","2568","651.1392","651.1392","100.000000"
"1194","75000","องค์กรปกครองส่วนท้องถิ่น","752LC","เทศบาลตำบลบ่อพลับ","2568","27.0049","27.0049","100.000000"
"1195","75000","องค์กรปกครองส่วนท้องถิ่น","752LD","เทศบาลเมืองนครปฐม","2568","68.6661","56.1239","81.735000"
"1196","75000","องค์กรปกครองส่วนท้องถิ่น","752LG","เทศบาลเมืองสามควายเผือก","2568","70.6221","63.1877","89.473000"
"1197","75000","องค์กรปกครองส่วนท้องถิ่น","752LL","เทศบาลตำบลโพรงมะเดื่อ","2568","36.688","36.688","100.000000"
"1198","75000","องค์กรปกครองส่วนท้องถิ่น","752LV","เทศบาลตำบลกำแพงแสน","2568","30.7942","30.7942","100.000000"
"1199","75000","องค์กรปกครองส่วนท้องถิ่น","752MB","เทศบาลตำบลนครชัยศรี","2568","31.5801","31.5801","100.000000"
"1200","75000","องค์กรปกครองส่วนท้องถิ่น","752MH","เทศบาลตำบลขุนแก้ว","2568","22.0087","22.0087","100.000000"
"1201","75000","องค์กรปกครองส่วนท้องถิ่น","752MN","เทศบาลตำบลศีรษะทอง","2568","24.3275","24.3275","100.000000"
"1202","75000","องค์กรปกครองส่วนท้องถิ่น","752MU","เทศบาลตำบลห้วยพลู","2568","48.9219","48.9219","100.000000"
"1203","75000","องค์กรปกครองส่วนท้องถิ่น","752N2","เทศบาลตำบลสามง่าม","2568","75.2914","74.8559","99.422000"
"1204","75000","องค์กรปกครองส่วนท้องถิ่น","752N9","เทศบาลตำบลบางเลน","2568","42.6235","41.72417","97.890000"
"1205","75000","องค์กรปกครองส่วนท้องถิ่น","752NA","เทศบาลตำบลรางกระทุ่ม","2568","14.2763","14.2763","100.000000"
"1206","75000","องค์กรปกครองส่วนท้องถิ่น","752ND","เทศบาลตำบลบางหลวง","2568","16.9576","16.9576","100.000000"
"1207","75000","องค์กรปกครองส่วนท้องถิ่น","752NR","เทศบาลตำบลลำพญา","2568","12.2884","12.2884","100.000000"
"1208","75000","องค์กรปกครองส่วนท้องถิ่น","752NX","เทศบาลตำบลบางกระทึก","2568","49.4345","49.4345","100.000000"
"1209","75000","องค์กรปกครองส่วนท้องถิ่น","752NZ","เทศบาลเมืองสามพราน","2568","92.1827","87.7277","95.167000"
"1210","75000","องค์กรปกครองส่วนท้องถิ่น","752P2","เทศบาลเมืองไร่ขิง","2568","132.0786","124.7786","94.473000"
"1211","75000","องค์กรปกครองส่วนท้องถิ่น","752P4","เทศบาลเมืองกระทุ่มล้ม","2568","88.9326","88.9326","100.000000"
"1212","75000","องค์กรปกครองส่วนท้องถิ่น","752PA","เทศบาลตำบลอ้อมใหญ่","2568","105.6275","105.6195","99.992000"
"1213","75000","องค์กรปกครองส่วนท้องถิ่น","752PB","เทศบาลตำบลศาลายา","2568","54.9968","54.9968","100.000000"
"1214","75000","องค์กรปกครองส่วนท้องถิ่น","752PD","เทศบาลตำบลคลองโยง","2568","39.4295","39.4295","100.000000"
"1215","75000","องค์กรปกครองส่วนท้องถิ่น","752PF","เทศบาลเมืองนครพนม","2568","272.4607","266.6656","97.873000"
"1216","75000","องค์กรปกครองส่วนท้องถิ่น","752PL","องค์การบริหารส่วนจังหวัดนครพนม","2568","192.1094","192.1094","100.000000"
"1217","75000","องค์กรปกครองส่วนท้องถิ่น","752PS","เทศบาลตำบลหนองญาติ","2568","38.3836","36.8156","95.915000"
"1218","75000","องค์กรปกครองส่วนท้องถิ่น","752PW","เทศบาลตำบลปลาปาก","2568","27.7637","24.9197","89.756000"
"1219","75000","องค์กรปกครองส่วนท้องถิ่น","752Q5","เทศบาลตำบลท่าอุเทน","2568","28.3294","26.9895","95.270000"
"1220","75000","องค์กรปกครองส่วนท้องถิ่น","752QB","เทศบาลตำบลเวินพระบาท","2568","30.9733","28.1354","90.838000"
"1221","75000","องค์กรปกครองส่วนท้องถิ่น","752QE","เทศบาลตำบลบ้านแพง","2568","42.7607","41.9217","98.038000"
"1222","75000","องค์กรปกครองส่วนท้องถิ่น","752QL","เทศบาลตำบลธาตุพนม","2568","49.8652","46.7152","93.683000"
"1223","75000","องค์กรปกครองส่วนท้องถิ่น","752QM","เทศบาลตำบลธาตุพนมใต้","2568","23.0427","23.0427","100.000000"
"1224","75000","องค์กรปกครองส่วนท้องถิ่น","752QN","เทศบาลตำบลฝั่งแดง","2568","31.0329","31.0329","100.000000"
"1225","75000","องค์กรปกครองส่วนท้องถิ่น","752QU","เทศบาลตำบลน้ำก่ำ","2568","67.1816","67.1816","100.000000"
"1226","75000","องค์กรปกครองส่วนท้องถิ่น","752QW","เทศบาลตำบลนาหนาด","2568","23.9153","21.4203","89.567000"
"1227","75000","องค์กรปกครองส่วนท้องถิ่น","752QZ","เทศบาลตำบลเรณูนคร","2568","31.4882","31.4882","100.000000"
"1228","75000","องค์กรปกครองส่วนท้องถิ่น","752R7","เทศบาลตำบลนาแก","2568","29.2969","27.5479","94.030000"
"1229","75000","องค์กรปกครองส่วนท้องถิ่น","752R9","เทศบาลตำบลพระซอง","2568","38.1768","38.1768","100.000000"
"1230","75000","องค์กรปกครองส่วนท้องถิ่น","752RL","เทศบาลตำบลศรีสงคราม","2568","35.0887","33.6546","95.913000"
"1231","75000","องค์กรปกครองส่วนท้องถิ่น","752RQ","เทศบาลตำบลสามผง","2568","47.7498","43.2008","90.473000"
"1232","75000","องค์กรปกครองส่วนท้องถิ่น","752RS","เทศบาลตำบลบ้านข่า","2568","41.0964","41.0964","100.000000"
"1233","75000","องค์กรปกครองส่วนท้องถิ่น","752RT","เทศบาลตำบลนาคำ","2568","50.1429","49.7879","99.292000"
"1234","75000","องค์กรปกครองส่วนท้องถิ่น","752RV","เทศบาลตำบลหาดแพง","2568","32.3997","32.3997","100.000000"
"1235","75000","องค์กรปกครองส่วนท้องถิ่น","752RX","เทศบาลตำบลนาหว้า","2568","52.116","52.116","100.000000"
"1236","75000","องค์กรปกครองส่วนท้องถิ่น","752S2","เทศบาลตำบลท่าเรือ","2568","32.5439","32.5439","100.000000"
"1237","75000","องค์กรปกครองส่วนท้องถิ่น","752S3","เทศบาลตำบลโพนสวรรค์","2568","31.8252","27.0427","84.973000"
"1238","75000","องค์กรปกครองส่วนท้องถิ่น","752SH","องค์การบริหารส่วนจังหวัดนครราชสีมา","2568","2417.1488","2387.1488","98.759000"
"1239","75000","องค์กรปกครองส่วนท้องถิ่น","752SJ","เทศบาลนครนครราชสีมา","2568","960.1136","784.3566","81.694000"
"1240","75000","องค์กรปกครองส่วนท้องถิ่น","752SK","เทศบาลตำบลโพธิ์กลาง","2568","59.658","59.658","100.000000"
"1241","75000","องค์กรปกครองส่วนท้องถิ่น","752SM","เทศบาลตำบลโคกสูง","2568","43.8396","42.3084","96.507000"
"1242","75000","องค์กรปกครองส่วนท้องถิ่น","752SQ","เทศบาลตำบลปรุใหญ่","2568","25.1281","25.1281","100.000000"
"1243","75000","องค์กรปกครองส่วนท้องถิ่น","752ST","เทศบาลตำบลหนองไผ่ล้อม","2568","55.5583","55.5583","100.000000"
"1244","75000","องค์กรปกครองส่วนท้องถิ่น","752SU","เทศบาลตำบลหัวทะเล","2568","70.3874","65.0754","92.453000"
"1245","75000","องค์กรปกครองส่วนท้องถิ่น","752SW","เทศบาลตำบลบ้านใหม่","2568","51.8199","48.6359","93.856000"
"1246","75000","องค์กรปกครองส่วนท้องถิ่น","752SX","เทศบาลตำบลพุดซา","2568","54.4836","36.507","67.005000"
"1247","75000","องค์กรปกครองส่วนท้องถิ่น","752SY","เทศบาลตำบลบ้านโพธิ์","2568","33.7507","33.7507","100.000000"
"1248","75000","องค์กรปกครองส่วนท้องถิ่น","752SZ","เทศบาลตำบลจอหอ","2568","39.624","37.23","93.958000"
"1249","75000","องค์กรปกครองส่วนท้องถิ่น","752T1","เทศบาลตำบลเมืองใหม่โคกกรวด","2568","42.0797","40.9712","97.366000"
"1250","75000","องค์กรปกครองส่วนท้องถิ่น","752T2","เทศบาลตำบลโคกกรวด","2568","31.946","31.946","100.000000"
"1251","75000","องค์กรปกครองส่วนท้องถิ่น","752T3","เทศบาลตำบลไชยมงคล","2568","25.3053","25.3053","100.000000"
"1252","75000","องค์กรปกครองส่วนท้องถิ่น","752T5","เทศบาลตำบลสุรนารี","2568","56.6304","51.7504","91.383000"
"1253","75000","องค์กรปกครองส่วนท้องถิ่น","752T7","เทศบาลตำบลตลาด","2568","27.6353","23.1353","83.716000"
"1254","75000","องค์กรปกครองส่วนท้องถิ่น","752TA","เทศบาลตำบลหนองไข่น้ำ","2568","33.9191","30.8441","90.934000"
"1255","75000","องค์กรปกครองส่วนท้องถิ่น","752TB","เทศบาลตำบลแชะ","2568","32.7462","32.7462","100.000000"
"1256","75000","องค์กรปกครองส่วนท้องถิ่น","752TE","เทศบาลตำบลไทรโยง-ไชยวาล","2568","22.8349","22.8349","100.000000"
"1257","75000","องค์กรปกครองส่วนท้องถิ่น","752TH","เทศบาลตำบลจระเข้หิน","2568","32.5137","32.0157","98.468000"
"1258","75000","องค์กรปกครองส่วนท้องถิ่น","752TL","เทศบาลตำบลอรพิมพ์","2568","36.2818","36.0568","99.380000"
"1259","75000","องค์กรปกครองส่วนท้องถิ่น","752TP","เทศบาลตำบลครบุรีใต้","2568","39.1026","39.1026","100.000000"
"1260","75000","องค์กรปกครองส่วนท้องถิ่น","752TS","เทศบาลตำบลเสิงสาง","2568","34.1513","32.9673","96.533000"
"1261","75000","องค์กรปกครองส่วนท้องถิ่น","752TV","เทศบาลตำบลโนนสมบูรณ์","2568","20.989","20.989","100.000000"
"1262","75000","องค์กรปกครองส่วนท้องถิ่น","752U0","เทศบาลตำบลเมืองคง","2568","53.3288","40.8936","76.682000"
"1263","75000","องค์กรปกครองส่วนท้องถิ่น","752U3","เทศบาลตำบลเทพาลัย","2568","18.6874","16.1954","86.665000"
"1264","75000","องค์กรปกครองส่วนท้องถิ่น","752UC","เทศบาลตำบลบ้านเหลื่อม","2568","19.3444","19.3444","100.000000"
"1265","75000","องค์กรปกครองส่วนท้องถิ่น","752UH","เทศบาลตำบลจักราช","2568","42.2544","39.7962","94.182000"
"1266","75000","องค์กรปกครองส่วนท้องถิ่น","752UY","เทศบาลตำบลท่าเยี่ยม","2568","43.1972","43.1972","100.000000"
"1267","75000","องค์กรปกครองส่วนท้องถิ่น","752UZ","เทศบาลตำบลโชคชัย","2568","47.2547","47.2547","100.000000"
"1268","75000","องค์กรปกครองส่วนท้องถิ่น","752V2","เทศบาลตำบลด่านเกวียน","2568","43.896","43.886723","99.979000"
"1269","75000","องค์กรปกครองส่วนท้องถิ่น","752V5","เทศบาลตำบลด่านขุนทด","2568","34.9141","34.9141","100.000000"
"1270","75000","องค์กรปกครองส่วนท้องถิ่น","752VE","เทศบาลตำบลหนองกราด","2568","26.0687","22.8187","87.533000"
"1271","75000","องค์กรปกครองส่วนท้องถิ่น","752VG","เทศบาลตำบลหนองบัวตะเกียด","2568","39.8834","39.8834","100.000000"
"1272","75000","องค์กรปกครองส่วนท้องถิ่น","752VN","เทศบาลตำบลโนนไทย","2568","16.6565","16.6565","100.000000"
"1273","75000","องค์กรปกครองส่วนท้องถิ่น","752VV","เทศบาลตำบลบัลลังก์","2568","73.4161","73.4161","100.000000"
"1274","75000","องค์กรปกครองส่วนท้องถิ่น","752VW","เทศบาลตำบลโคกสวาย","2568","30.8265","29.3055","95.066000"
"1275","75000","องค์กรปกครองส่วนท้องถิ่น","752W0","เทศบาลตำบลโนนสูง","2568","87.3878","87.3878","100.000000"
"1276","75000","องค์กรปกครองส่วนท้องถิ่น","752W1","เทศบาลตำบลใหม่","2568","52.9305","50.6145","95.624000"
"1277","75000","องค์กรปกครองส่วนท้องถิ่น","752W5","เทศบาลตำบลตลาดแค","2568","32.8238","32.8238","100.000000"
"1278","75000","องค์กรปกครองส่วนท้องถิ่น","752W8","เทศบาลตำบลมะค่า","2568","13.5917","13.5917","100.000000"
"1279","75000","องค์กรปกครองส่วนท้องถิ่น","752WD","เทศบาลตำบลด่านคล้า","2568","41.3308","39.511523","95.598000"
"1280","75000","องค์กรปกครองส่วนท้องถิ่น","752WG","เทศบาลตำบลดอนหวาย","2568","22.7591","22.2891","97.935000"
"1281","75000","องค์กรปกครองส่วนท้องถิ่น","752WJ","เทศบาลตำบลขามสะแกแสง","2568","32.7037","32.7037","100.000000"
"1282","75000","องค์กรปกครองส่วนท้องถิ่น","752WL","เทศบาลตำบลโนนเมือง","2568","28.6187","28.6187","100.000000"
"1283","75000","องค์กรปกครองส่วนท้องถิ่น","752WQ","เทศบาลตำบลหนองหัวฟาน","2568","34.9388","33.8208","96.800000"
"1284","75000","องค์กรปกครองส่วนท้องถิ่น","752WT","เทศบาลเมืองบัวใหญ่","2568","142.9386","142.9386","100.000000"
"1285","75000","องค์กรปกครองส่วนท้องถิ่น","752WY","เทศบาลตำบลหนองบัวสะอาด","2568","34.0926","34.0926","100.000000"
"1286","75000","องค์กรปกครองส่วนท้องถิ่น","752X4","เทศบาลตำบลประทาย","2568","31.9862","27.9289","87.315000"
"1287","75000","องค์กรปกครองส่วนท้องถิ่น","752XJ","เทศบาลเมืองเมืองปัก","2568","77.5427","61.8527","79.766000"
"1288","75000","องค์กรปกครองส่วนท้องถิ่น","752XK","เทศบาลตำบลปักธงชัย","2568","22.1435","21.9005","98.903000"
"1289","75000","องค์กรปกครองส่วนท้องถิ่น","752XP","เทศบาลตำบลตะขบ","2568","31.113","31.113","100.000000"
"1290","75000","องค์กรปกครองส่วนท้องถิ่น","752XR","เทศบาลตำบลนกออก","2568","24.5033","24.5033","100.000000"
"1291","75000","องค์กรปกครองส่วนท้องถิ่น","752XW","เทศบาลตำบลลำนางแก้ว","2568","30.4754","30.4754","100.000000"
"1292","75000","องค์กรปกครองส่วนท้องถิ่น","752Y1","เทศบาลตำบลบ่อปลาทอง","2568","23.5793","22.6493","96.056000"
"1293","75000","องค์กรปกครองส่วนท้องถิ่น","752Y2","เทศบาลตำบลพิมาย","2568","47.4662","38.4162","80.934000"
"1294","75000","องค์กรปกครองส่วนท้องถิ่น","752Y8","เทศบาลตำบลรังกาใหญ่","2568","53.7396","53.7396","100.000000"
"1295","75000","องค์กรปกครองส่วนท้องถิ่น","752YF","เทศบาลตำบลห้วยแถลง","2568","19.4382","19.4382","100.000000"
"1296","75000","องค์กรปกครองส่วนท้องถิ่น","752YL","เทศบาลตำบลหินดาด","2568","15.8829","15.8829","100.000000"
"1297","75000","องค์กรปกครองส่วนท้องถิ่น","752YP","เทศบาลตำบลกงรถ","2568","25.6187","25.6187","100.000000"
"1298","75000","องค์กรปกครองส่วนท้องถิ่น","752YT","เทศบาลตำบลชุมพวง","2568","43.8704","43.8704","100.000000"
"1299","75000","องค์กรปกครองส่วนท้องถิ่น","752Z3","เทศบาลตำบลสูงเนิน","2568","39.5118","39.5118","100.000000"
"1300","75000","องค์กรปกครองส่วนท้องถิ่น","752ZC","เทศบาลตำบลกุดจิก","2568","20.3145","16.5145","81.294000"
"1301","75000","องค์กรปกครองส่วนท้องถิ่น","752ZG","เทศบาลตำบลขามทะเลสอ","2568","29.6299","29.6299","100.000000"
"1302","75000","องค์กรปกครองส่วนท้องถิ่น","752ZK","เทศบาลตำบลพันดุง","2568","31.0724","31.0724","100.000000"
"1303","75000","องค์กรปกครองส่วนท้องถิ่น","752ZR","เทศบาลตำบลลาดบัวขาว","2568","19.7386","19.7386","100.000000"
"1304","75000","องค์กรปกครองส่วนท้องถิ่น","752ZV","เทศบาลตำบลหนองน้ำใส","2568","50.7556","43.0656","84.849000"
"1305","75000","องค์กรปกครองส่วนท้องถิ่น","752ZX","เทศบาลเมืองสีคิ้ว","2568","79.9121","79.9121","100.000000"
"1306","75000","องค์กรปกครองส่วนท้องถิ่น","752ZZ","เทศบาลตำบลคลองไผ่","2568","20.6966","17.3466","83.814000"
"1307","75000","องค์กรปกครองส่วนท้องถิ่น","75303","เทศบาลเมืองปากช่อง","2568","134.5723","134.5723","100.000000"
"1308","75000","องค์กรปกครองส่วนท้องถิ่น","75306","เทศบาลตำบลกลางดง","2568","24.4866","24.4866","100.000000"
"1309","75000","องค์กรปกครองส่วนท้องถิ่น","75307","เทศบาลตำบลสีมามงคล","2568","37.6187","37.6187","100.000000"
"1310","75000","องค์กรปกครองส่วนท้องถิ่น","7530A","เทศบาลตำบลหมูสี","2568","48.5886","48.5886","100.000000"
"1311","75000","องค์กรปกครองส่วนท้องถิ่น","7530F","เทศบาลตำบลวังไทร","2568","42.9576","42.9576","100.000000"
"1312","75000","องค์กรปกครองส่วนท้องถิ่น","7530L","เทศบาลตำบลหนองหัวแรต","2568","36.1352","33.4232","92.495000"
"1313","75000","องค์กรปกครองส่วนท้องถิ่น","7530M","เทศบาลตำบลแหลมทอง","2568","47.667","47.667","100.000000"
"1314","75000","องค์กรปกครองส่วนท้องถิ่น","7530W","เทศบาลตำบลบึงสำโรง","2568","26.5499","22.67869924","85.419000"
"1315","75000","องค์กรปกครองส่วนท้องถิ่น","7530X","เทศบาลตำบลโนนแดง","2568","40.9746","40.9746","100.000000"
"1316","75000","องค์กรปกครองส่วนท้องถิ่น","75311","เทศบาลตำบลวังหิน","2568","44.5108","44.5108","100.000000"
"1317","75000","องค์กรปกครองส่วนท้องถิ่น","75317","เทศบาลตำบลศาลเจ้าพ่อ","2568","13.3661","13.3661","100.000000"
"1318","75000","องค์กรปกครองส่วนท้องถิ่น","7531D","เทศบาลตำบลเมืองยาง","2568","39.3025","39.3025","100.000000"
"1319","75000","องค์กรปกครองส่วนท้องถิ่น","7531H","เทศบาลตำบลพระทองคำ","2568","23.1918","22.9448","98.935000"
"1320","75000","องค์กรปกครองส่วนท้องถิ่น","7531J","เทศบาลตำบลสระพระ","2568","20.967","20.967","100.000000"
"1321","75000","องค์กรปกครองส่วนท้องถิ่น","7531P","เทศบาลตำบลขุย","2568","29.3264","29.3264","100.000000"
"1322","75000","องค์กรปกครองส่วนท้องถิ่น","7531Q","เทศบาลตำบลหนองบัววง","2568","29.9713","29.9713","100.000000"
"1323","75000","องค์กรปกครองส่วนท้องถิ่น","7531R","เทศบาลตำบลบ้านยาง","2568","37.3462","37.3462","100.000000"
"1324","75000","องค์กรปกครองส่วนท้องถิ่น","7531S","เทศบาลตำบลช่องแมว","2568","70.2347","65.0847","92.667000"
"1325","75000","องค์กรปกครองส่วนท้องถิ่น","7531T","เทศบาลตำบลไพล","2568","25.2536","25.2536","100.000000"
"1326","75000","องค์กรปกครองส่วนท้องถิ่น","7531W","เทศบาลตำบลหนองบัวลาย","2568","24.1931","24.1931","100.000000"
"1327","75000","องค์กรปกครองส่วนท้องถิ่น","7531Z","เทศบาลตำบลสีดา","2568","23.4598","18.2598","77.834000"
"1328","75000","องค์กรปกครองส่วนท้องถิ่น","75326","เทศบาลตำบลท่าช้าง","2568","28.1071","28.1071","100.000000"
"1329","75000","องค์กรปกครองส่วนท้องถิ่น","7532B","เทศบาลนครนครศรีธรรมราช","2568","899.8552","870.6222","96.751000"
"1330","75000","องค์กรปกครองส่วนท้องถิ่น","7532D","เทศบาลตำบลปากนคร","2568","33.0504","28.7524","86.996000"
"1331","75000","องค์กรปกครองส่วนท้องถิ่น","7532L","เทศบาลตำบลท่างิ้ว","2568","44.5755","36.8869","82.752000"
"1332","75000","องค์กรปกครองส่วนท้องถิ่น","7532M","องค์การบริหารส่วนจังหวัดนครศรีธรรมราช","2568","339.132","339.129","99.999000"
"1333","75000","องค์กรปกครองส่วนท้องถิ่น","7532N","เทศบาลตำบลโพธิ์เสด็จ","2568","36.6857","36.6857","100.000000"
"1334","75000","องค์กรปกครองส่วนท้องถิ่น","7532P","เทศบาลตำบลบางจาก","2568","13.5805","13.5805","100.000000"
"1335","75000","องค์กรปกครองส่วนท้องถิ่น","7532R","เทศบาลเมืองปากพูน","2568","132.0804","118.8201","89.960000"
"1336","75000","องค์กรปกครองส่วนท้องถิ่น","7532S","เทศบาลตำบลท่าแพ","2568","30.4844","27.221677","89.297000"
"1337","75000","องค์กรปกครองส่วนท้องถิ่น","7532V","เทศบาลตำบลพรหมคีรี","2568","31.0523","28.7023","92.432000"
"1338","75000","องค์กรปกครองส่วนท้องถิ่น","7532W","เทศบาลตำบลพรหมโลก","2568","34.0682","34.0682","100.000000"
"1339","75000","องค์กรปกครองส่วนท้องถิ่น","7532Z","เทศบาลตำบลทอนหงส์","2568","31.5767","28.8033","91.217000"
"1340","75000","องค์กรปกครองส่วนท้องถิ่น","75332","เทศบาลตำบลลานสกา","2568","16.0658","16.0658","100.000000"
"1341","75000","องค์กรปกครองส่วนท้องถิ่น","75337","เทศบาลตำบลขุนทะเล","2568","46.5822","46.5822","100.000000"
"1342","75000","องค์กรปกครองส่วนท้องถิ่น","75338","เทศบาลตำบลฉวาง","2568","16.2367","14.4617","89.068000"
"1343","75000","องค์กรปกครองส่วนท้องถิ่น","75339","เทศบาลตำบลปากน้ำฉวาง","2568","20.7529","19.5419","94.165000"
"1344","75000","องค์กรปกครองส่วนท้องถิ่น","7533C","เทศบาลตำบลไม้เรียง","2568","24.5706","24.5706","100.000000"
"1345","75000","องค์กรปกครองส่วนท้องถิ่น","7533K","เทศบาลตำบลจันดี","2568","30.9785","30.9785","100.000000"
"1346","75000","องค์กรปกครองส่วนท้องถิ่น","7533L","เทศบาลตำบลพิปูน","2568","17.102","17.102","100.000000"
"1347","75000","องค์กรปกครองส่วนท้องถิ่น","7533N","เทศบาลตำบลกะทูน","2568","43.0996","39.17645","90.897000"
"1348","75000","องค์กรปกครองส่วนท้องถิ่น","7533P","เทศบาลตำบลเขาพระ","2568","45.446","45.446","100.000000"
"1349","75000","องค์กรปกครองส่วนท้องถิ่น","7533R","เทศบาลตำบลควนกลาง","2568","26.6979","26.6979","100.000000"
"1350","75000","องค์กรปกครองส่วนท้องถิ่น","7533S","เทศบาลตำบลเชียรใหญ่","2568","17.5622","14.954089","85.149000"
"1351","75000","องค์กรปกครองส่วนท้องถิ่น","7533Z","เทศบาลตำบลการะเกด","2568","34.6115","29.42354757","85.011000"
"1352","75000","องค์กรปกครองส่วนท้องถิ่น","75342","เทศบาลตำบลชะอวด","2568","33.5162","29.85234695","89.068000"
"1353","75000","องค์กรปกครองส่วนท้องถิ่น","75345","เทศบาลตำบลท่าประจะ","2568","39.1422","31.945345","81.614000"
"1354","75000","องค์กรปกครองส่วนท้องถิ่น","7534E","เทศบาลตำบลท่าศาลา","2568","33.6208","33.1528","98.608000"
"1355","75000","องค์กรปกครองส่วนท้องถิ่น","7534R","เทศบาลเมืองทุ่งสง","2568","330.3383","318.0735","96.287000"
"1356","75000","องค์กรปกครองส่วนท้องถิ่น","7534S","เทศบาลตำบลชะมาย","2568","57.3627","49.1727","85.722000"
"1357","75000","องค์กรปกครองส่วนท้องถิ่น","7534Y","เทศบาลตำบลกะปาง","2568","44.9545","40.3745","89.812000"
"1358","75000","องค์กรปกครองส่วนท้องถิ่น","7534Z","เทศบาลตำบลที่วัง","2568","62.9418","62.9418","100.000000"
"1359","75000","องค์กรปกครองส่วนท้องถิ่น","75351","เทศบาลตำบลถ้ำใหญ่","2568","46.5969","41.679012","89.446000"
"1360","75000","องค์กรปกครองส่วนท้องถิ่น","75354","เทศบาลตำบลนาบอน","2568","20.3595","16.6815","81.935000"
"1361","75000","องค์กรปกครองส่วนท้องถิ่น","75358","เทศบาลตำบลท่ายาง","2568","29.6481","29.5081","99.528000"
"1362","75000","องค์กรปกครองส่วนท้องถิ่น","7535A","เทศบาลตำบลทุ่งสัง","2568","36.5461","36.5461","100.000000"
"1363","75000","องค์กรปกครองส่วนท้องถิ่น","7535G","เทศบาลเมืองปากพนัง","2568","262.4456","252.5308","96.222000"
"1364","75000","องค์กรปกครองส่วนท้องถิ่น","7535K","เทศบาลตำบลชะเมา","2568","25.1529","22.2192","88.337000"
"1365","75000","องค์กรปกครองส่วนท้องถิ่น","7535M","เทศบาลตำบลเกาะทวด","2568","32.9609","32.9609","100.000000"
"1366","75000","องค์กรปกครองส่วนท้องถิ่น","7535T","เทศบาลตำบลบางพระ","2568","21.5292","19.0962","88.699000"
"1367","75000","องค์กรปกครองส่วนท้องถิ่น","7535Z","เทศบาลตำบลร่อนพิบูลย์","2568","32.3701","32.3701","100.000000"
"1368","75000","องค์กรปกครองส่วนท้องถิ่น","75361","เทศบาลตำบลหินตก","2568","45.8295","42.8555","93.511000"
"1369","75000","องค์กรปกครองส่วนท้องถิ่น","75364","เทศบาลตำบลเขาชุมทอง","2568","28.0103","23.4553","83.738000"
"1370","75000","องค์กรปกครองส่วนท้องถิ่น","75367","เทศบาลตำบลสิชล","2568","44.6913","44.6913","100.000000"
"1371","75000","องค์กรปกครองส่วนท้องถิ่น","7536G","เทศบาลตำบลทุ่งใส","2568","53.3813","53.3813","100.000000"
"1372","75000","องค์กรปกครองส่วนท้องถิ่น","7536H","เทศบาลตำบลขนอม","2568","19.8996","19.8996","100.000000"
"1373","75000","องค์กรปกครองส่วนท้องถิ่น","7536J","เทศบาลตำบลอ่าวขนอม","2568","51.9579","50.1429","96.507000"
"1374","75000","องค์กรปกครองส่วนท้องถิ่น","7536L","เทศบาลตำบลท้องเนียน","2568","34.9654","34.9654","100.000000"
"1375","75000","องค์กรปกครองส่วนท้องถิ่น","7536M","เทศบาลตำบลหัวไทร","2568","33.5901","32.1421","95.689000"
"1376","75000","องค์กรปกครองส่วนท้องถิ่น","7536P","เทศบาลตำบลหน้าสตน","2568","43.5843","43.5843","100.000000"
"1377","75000","องค์กรปกครองส่วนท้องถิ่น","7536Y","เทศบาลตำบลเกาะเพชร","2568","35.9584","31.91949","88.768000"
"1378","75000","องค์กรปกครองส่วนท้องถิ่น","7537C","เทศบาลตำบลนาสาร","2568","47.8864","38.107401","79.579000"
"1379","75000","องค์กรปกครองส่วนท้องถิ่น","7537J","เทศบาลตำบลนาเหรง","2568","41.1443","32.2673","78.425000"
"1380","75000","องค์กรปกครองส่วนท้องถิ่น","7537L","เทศบาลตำบลหลักช้าง","2568","30.7832","28.293312","91.912000"
"1381","75000","องค์กรปกครองส่วนท้องถิ่น","7537M","เทศบาลตำบลสวนขัน","2568","27.9386","27.9386","100.000000"
"1382","75000","องค์กรปกครองส่วนท้องถิ่น","7537P","เทศบาลตำบลดอนตรอ","2568","27.8573","25.2493","90.638000"
"1383","75000","องค์กรปกครองส่วนท้องถิ่น","7537R","เทศบาลตำบลทางพูน","2568","44.7228","44.7228","100.000000"
"1384","75000","องค์กรปกครองส่วนท้องถิ่น","7537S","เทศบาลนครนครสวรรค์","2568","673.226","662.1762","98.359000"
"1385","75000","องค์กรปกครองส่วนท้องถิ่น","7537X","องค์การบริหารส่วนจังหวัดนครสวรรค์","2568","462.2181","462.2181","100.000000"
"1386","75000","องค์กรปกครองส่วนท้องถิ่น","75386","เทศบาลตำบลหนองเบน","2568","46.2819","46.2819","100.000000"
"1387","75000","องค์กรปกครองส่วนท้องถิ่น","7538B","เทศบาลตำบลโกรกพระ","2568","16.3219","16.3219","100.000000"
"1388","75000","องค์กรปกครองส่วนท้องถิ่น","7538E","เทศบาลตำบลบางมะฝ่อ","2568","18.8797","18.8797","100.000000"
"1389","75000","องค์กรปกครองส่วนท้องถิ่น","7538F","เทศบาลตำบลบางประมุง","2568","37.0818","36.6393","98.807000"
"1390","75000","องค์กรปกครองส่วนท้องถิ่น","7538M","เทศบาลเมืองชุมแสง","2568","115.5349","115.5349","100.000000"
"1391","75000","องค์กรปกครองส่วนท้องถิ่น","7538N","เทศบาลตำบลทับกฤช","2568","17.3163","17.3163","100.000000"
"1392","75000","องค์กรปกครองส่วนท้องถิ่น","75391","เทศบาลตำบลหนองบัว","2568","54.8862","51.3662","93.587000"
"1393","75000","องค์กรปกครองส่วนท้องถิ่น","7539A","เทศบาลตำบลบรรพตพิสัย","2568","24.011","22.1822","92.383000"
"1394","75000","องค์กรปกครองส่วนท้องถิ่น","7539F","เทศบาลตำบลบ้านแดน","2568","36.2876","30.2911","83.475000"
"1395","75000","องค์กรปกครองส่วนท้องถิ่น","7539R","เทศบาลตำบลเก้าเลี้ยว","2568","33.2229","32.4939","97.806000"
"1396","75000","องค์กรปกครองส่วนท้องถิ่น","7539V","เทศบาลเมืองตาคลี","2568","123.8767","117.372","94.749000"
"1397","75000","องค์กรปกครองส่วนท้องถิ่น","7539X","เทศบาลตำบลช่องแค","2568","21.0589","17.76969","84.381000"
"1398","75000","องค์กรปกครองส่วนท้องถิ่น","753A7","เทศบาลตำบลท่าตะโก","2568","38.6897","35.9447","92.905000"
"1399","75000","องค์กรปกครองส่วนท้องถิ่น","753AR","เทศบาลตำบลไพศาลี","2568","47.9172","47.9172","100.000000"
"1400","75000","องค์กรปกครองส่วนท้องถิ่น","753AT","เทศบาลตำบลพยุหะ","2568","33.1119","28.3119","85.504000"
"1401","75000","องค์กรปกครองส่วนท้องถิ่น","753AX","เทศบาลตำบลท่าน้ำอ้อยม่วงหัก","2568","26.0313","26.0313","100.000000"
"1402","75000","องค์กรปกครองส่วนท้องถิ่น","753B4","เทศบาลตำบลลาดยาว","2568","41.9165","37.7935","90.164000"
"1403","75000","องค์กรปกครองส่วนท้องถิ่น","753BF","เทศบาลตำบลศาลเจ้าไก่ต่อ","2568","20.4808","20.4808","100.000000"
"1404","75000","องค์กรปกครองส่วนท้องถิ่น","753BJ","เทศบาลตำบลตากฟ้า","2568","31.0465","29.57652","95.265000"
"1405","75000","องค์กรปกครองส่วนท้องถิ่น","753BQ","เทศบาลตำบลอุดมธัญญา","2568","61.2619","59.8319","97.666000"
"1406","75000","องค์กรปกครองส่วนท้องถิ่น","753BZ","องค์การบริหารส่วนจังหวัดนนทบุรี","2568","674.3851","674.3851","100.000000"
"1407","75000","องค์กรปกครองส่วนท้องถิ่น","753C0","เทศบาลนครนนทบุรี","2568","1033.3444","1033.3444","100.000000"
"1408","75000","องค์กรปกครองส่วนท้องถิ่น","753C2","เทศบาลเมืองบางศรีเมือง","2568","100.9667","100.9667","100.000000"
"1409","75000","องค์กรปกครองส่วนท้องถิ่น","753C3","เทศบาลเมืองบางกร่าง","2568","61.8543","61.8543","100.000000"
"1410","75000","องค์กรปกครองส่วนท้องถิ่น","753C4","เทศบาลเมืองไทรม้า","2568","85.1291","75.0491","88.159000"
"1411","75000","องค์กรปกครองส่วนท้องถิ่น","753C6","เทศบาลเมืองบางกรวย","2568","153.7487","142.03025","92.378000"
"1412","75000","องค์กรปกครองส่วนท้องถิ่น","753C7","เทศบาลตำบลบางสีทอง","2568","29.0332","29.0332","100.000000"
"1413","75000","องค์กรปกครองส่วนท้องถิ่น","753CA","เทศบาลตำบลปลายบาง","2568","155.2488","155.2488","100.000000"
"1414","75000","องค์กรปกครองส่วนท้องถิ่น","753CC","เทศบาลตำบลศาลากลาง","2568","41.789","41.789","100.000000"
"1415","75000","องค์กรปกครองส่วนท้องถิ่น","753CD","เทศบาลตำบลบางม่วง","2568","30.1816","27.7416","91.916000"
"1416","75000","องค์กรปกครองส่วนท้องถิ่น","753CE","เทศบาลตำบลบ้านบางม่วง","2568","36.1481","36.1481","100.000000"
"1417","75000","องค์กรปกครองส่วนท้องถิ่น","753CF","เทศบาลเมืองบางแม่นาง","2568","96.7304","96.7304","100.000000"
"1418","75000","องค์กรปกครองส่วนท้องถิ่น","753CG","เทศบาลตำบลบางเลน","2568","31.7836","18.4819","58.149000"
"1419","75000","องค์กรปกครองส่วนท้องถิ่น","753CH","เทศบาลตำบลเสาธงหิน","2568","148.6373","91.0464","61.254000"
"1420","75000","องค์กรปกครองส่วนท้องถิ่น","753CJ","เทศบาลตำบลบางใหญ่","2568","36.9012","23.7557","64.376000"
"1421","75000","องค์กรปกครองส่วนท้องถิ่น","753CM","เทศบาลเมืองบางบัวทอง","2568","211.6018","128.8127","60.875000"
"1422","75000","องค์กรปกครองส่วนท้องถิ่น","753CN","เทศบาลเมืองใหม่บางบัวทอง","2568","135.6229","135.6229","100.000000"
"1423","75000","องค์กรปกครองส่วนท้องถิ่น","753CQ","เทศบาลเมืองบางคูรัด","2568","86.1675","86.1675","100.000000"
"1424","75000","องค์กรปกครองส่วนท้องถิ่น","753CT","เทศบาลเมืองพิมลราช","2568","95.8568","95.8568","100.000000"
"1425","75000","องค์กรปกครองส่วนท้องถิ่น","753CU","เทศบาลเมืองบางรักพัฒนา","2568","130.5101","130.5101","100.000000"
"1426","75000","องค์กรปกครองส่วนท้องถิ่น","753D0","เทศบาลตำบลไทรน้อย","2568","38.3496","38.3496","100.000000"
"1427","75000","องค์กรปกครองส่วนท้องถิ่น","753D3","เทศบาลนครปากเกร็ด","2568","705.0893","705.0893","100.000000"
"1428","75000","องค์กรปกครองส่วนท้องถิ่น","753DA","เทศบาลตำบลบางพลับ","2568","39.0855","25.3349","64.819000"
"1429","75000","องค์กรปกครองส่วนท้องถิ่น","753DB","องค์การบริหารส่วนจังหวัดนราธิวาส","2568","505.7835","505.7835","100.000000"
"1430","75000","องค์กรปกครองส่วนท้องถิ่น","753DC","เทศบาลเมืองนราธิวาส","2568","342.6704","326.3039","95.224000"
"1431","75000","องค์กรปกครองส่วนท้องถิ่น","753DH","เทศบาลตำบลกะลุวอเหนือ","2568","83.9081","66.421","79.159000"
"1432","75000","องค์กรปกครองส่วนท้องถิ่น","753DK","เทศบาลเมืองตากใบ","2568","96.991","96.976","99.985000"
"1433","75000","องค์กรปกครองส่วนท้องถิ่น","753DT","เทศบาลตำบลบาเจาะ","2568","48.1243","48.1243","100.000000"
"1434","75000","องค์กรปกครองส่วนท้องถิ่น","753DX","เทศบาลตำบลต้นไทร","2568","34.4132","31.8012","92.410000"
"1435","75000","องค์กรปกครองส่วนท้องถิ่น","753E1","เทศบาลตำบลยี่งอ","2568","22.6247","22.6247","100.000000"
"1436","75000","องค์กรปกครองส่วนท้องถิ่น","753E8","เทศบาลตำบลตันหยงมัส","2568","36.3763","36.3723","99.989000"
"1437","75000","องค์กรปกครองส่วนท้องถิ่น","753EF","เทศบาลตำบลมะรือโบตก","2568","42.7581","40.7141","95.220000"
"1438","75000","องค์กรปกครองส่วนท้องถิ่น","753EH","เทศบาลตำบลรือเสาะ","2568","65.6304","65.6304","100.000000"
"1439","75000","องค์กรปกครองส่วนท้องถิ่น","753ET","เทศบาลตำบลศรีสาคร","2568","39.751","39.751","100.000000"
"1440","75000","องค์กรปกครองส่วนท้องถิ่น","753F0","เทศบาลตำบลแว้ง","2568","32.8859","32.8859","100.000000"
"1441","75000","องค์กรปกครองส่วนท้องถิ่น","753F4","เทศบาลตำบลบูเก๊ะตา","2568","32.3757","32.3757","100.000000"
"1442","75000","องค์กรปกครองส่วนท้องถิ่น","753F9","เทศบาลตำบลสุคิริน","2568","24.5704","24.5704","100.000000"
"1443","75000","องค์กรปกครองส่วนท้องถิ่น","753FE","เทศบาลเมืองสุไหงโก-ลก","2568","324.9234","312.00663","96.025000"
"1444","75000","องค์กรปกครองส่วนท้องถิ่น","753FF","เทศบาลตำบลปาเสมัส","2568","78.531","78.134","99.494000"
"1445","75000","องค์กรปกครองส่วนท้องถิ่น","753FJ","เทศบาลตำบลปะลุรู","2568","38.3172","38.3172","100.000000"
"1446","75000","องค์กรปกครองส่วนท้องถิ่น","753FY","เทศบาลเมืองน่าน","2568","197.299","197.299","100.000000"
"1447","75000","องค์กรปกครองส่วนท้องถิ่น","753G1","องค์การบริหารส่วนจังหวัดน่าน","2568","447.2607","438.2617","97.988000"
"1448","75000","องค์กรปกครองส่วนท้องถิ่น","753G6","เทศบาลตำบลดู่ใต้","2568","42.7669","40.841901","95.499000"
"1449","75000","องค์กรปกครองส่วนท้องถิ่น","753G7","เทศบาลตำบลกองควาย","2568","36.2149","36.2149","100.000000"
"1450","75000","องค์กรปกครองส่วนท้องถิ่น","753GA","เทศบาลตำบลหนองแดง","2568","21.3079","20.2229","94.908000"
"1451","75000","องค์กรปกครองส่วนท้องถิ่น","753GK","เทศบาลตำบลนาน้อย","2568","21.7458","21.7458","100.000000"
"1452","75000","องค์กรปกครองส่วนท้องถิ่น","753GN","เทศบาลตำบลศรีษะเกษ","2568","42.5015","42.5015","100.000000"
"1453","75000","องค์กรปกครองส่วนท้องถิ่น","753GT","เทศบาลตำบลปัว","2568","62.7345","62.7345","100.000000"
"1454","75000","องค์กรปกครองส่วนท้องถิ่น","753GW","เทศบาลตำบลศิลาแลง","2568","30.7389","30.7389","100.000000"
"1455","75000","องค์กรปกครองส่วนท้องถิ่น","753HD","เทศบาลตำบลท่าวังผา","2568","36.4068","36.4068","100.000000"
"1456","75000","องค์กรปกครองส่วนท้องถิ่น","753HF","เทศบาลตำบลกลางเวียง","2568","59.8464","59.8464","100.000000"
"1457","75000","องค์กรปกครองส่วนท้องถิ่น","753HG","เทศบาลตำบลเวียงสา","2568","23.96","23.96","100.000000"
"1458","75000","องค์กรปกครองส่วนท้องถิ่น","753HH","เทศบาลตำบลขึ่ง","2568","28.87","28.87","100.000000"
"1459","75000","องค์กรปกครองส่วนท้องถิ่น","753HY","เทศบาลตำบลงอบ","2568","31.1139","22.46691","72.209000"
"1460","75000","องค์กรปกครองส่วนท้องถิ่น","753J0","เทศบาลตำบลทุ่งช้าง","2568","30.6452","27.7226","90.463000"
"1461","75000","องค์กรปกครองส่วนท้องถิ่น","753J2","เทศบาลตำบลเชียงกลาง","2568","57.1103","57.1103","100.000000"
"1462","75000","องค์กรปกครองส่วนท้องถิ่น","753J6","เทศบาลตำบลพระพุทธบาทเชียงคาน","2568","40.2102","40.2102","100.000000"
"1463","75000","องค์กรปกครองส่วนท้องถิ่น","753J8","เทศบาลตำบลบ่อแก้ว","2568","30.554","28.605","93.621000"
"1464","75000","องค์กรปกครองส่วนท้องถิ่น","753JF","เทศบาลตำบลบ่อเกลือใต้","2568","31.0724","31.0724","100.000000"
"1465","75000","องค์กรปกครองส่วนท้องถิ่น","753JL","เทศบาลตำบลยอด","2568","28.6612","21.3672105","74.551000"
"1466","75000","องค์กรปกครองส่วนท้องถิ่น","753JW","องค์การบริหารส่วนจังหวัดบึงกาฬ","2568","109.2405","90.0344","82.419000"
"1467","75000","องค์กรปกครองส่วนท้องถิ่น","753JX","เทศบาลเมืองบึงกาฬ","2568","121.7551","99.7791","81.951000"
"1468","75000","องค์กรปกครองส่วนท้องถิ่น","753K0","เทศบาลตำบลโนนสว่าง","2568","33.5813","32.1103","95.620000"
"1469","75000","องค์กรปกครองส่วนท้องถิ่น","753K1","เทศบาลตำบลหอคำ","2568","41.0335","37.86035488","92.267000"
"1470","75000","องค์กรปกครองส่วนท้องถิ่น","753K2","เทศบาลตำบลหนองเลิง","2568","41.0654","39.7604","96.822000"
"1471","75000","องค์กรปกครองส่วนท้องถิ่น","753K3","เทศบาลตำบลโคกก่อง","2568","40.6017","33.801701","83.252000"
"1472","75000","องค์กรปกครองส่วนท้องถิ่น","753K5","เทศบาลตำบลไคสี","2568","31.6225","30.54450184","96.591000"
"1473","75000","องค์กรปกครองส่วนท้องถิ่น","753KB","เทศบาลตำบลดอนหญ้านาง","2568","26.1253","26.1253","100.000000"
"1474","75000","องค์กรปกครองส่วนท้องถิ่น","753KC","เทศบาลตำบลพรเจริญ","2568","53.7657","53.7657","100.000000"
"1475","75000","องค์กรปกครองส่วนท้องถิ่น","753KG","เทศบาลตำบลศรีสำราญ","2568","27.5749","23.4419","85.012000"
"1476","75000","องค์กรปกครองส่วนท้องถิ่น","753KH","เทศบาลตำบลโซ่พิสัย","2568","30.4784","30.4784","100.000000"
"1477","75000","องค์กรปกครองส่วนท้องถิ่น","753KR","เทศบาลตำบลศรีพนา","2568","43.2725","40.6294","93.892000"
"1478","75000","องค์กรปกครองส่วนท้องถิ่น","753KT","เทศบาลตำบลซาง","2568","44.8718","39.6918","88.456000"
"1479","75000","องค์กรปกครองส่วนท้องถิ่น","753KW","เทศบาลตำบลป่งไฮ","2568","66.9511","66.9511","100.000000"
"1480","75000","องค์กรปกครองส่วนท้องถิ่น","753KY","เทศบาลตำบลท่าสะอาด","2568","39.3973","36.0063","91.393000"
"1481","75000","องค์กรปกครองส่วนท้องถิ่น","753L5","เทศบาลตำบลปากคาด","2568","37.3802","34.8802","93.312000"
"1482","75000","องค์กรปกครองส่วนท้องถิ่น","753L9","เทศบาลตำบลบึงงาม","2568","30.5921","25.8951","84.646000"
"1483","75000","องค์กรปกครองส่วนท้องถิ่น","753LA","เทศบาลตำบลบึงโขงหลง","2568","47.1781","46.9751","99.570000"
"1484","75000","องค์กรปกครองส่วนท้องถิ่น","753LE","เทศบาลตำบลศรีวิไล","2568","50.6048","50.479022","99.751000"
"1485","75000","องค์กรปกครองส่วนท้องถิ่น","753LN","เทศบาลเมืองบุรีรัมย์","2568","299.1962","287.1032","95.958000"
"1486","75000","องค์กรปกครองส่วนท้องถิ่น","753LP","เทศบาลตำบลอิสาณ","2568","65.183","64.848","99.486000"
"1487","75000","องค์กรปกครองส่วนท้องถิ่น","753LQ","องค์การบริหารส่วนจังหวัดบุรีรัมย์","2568","170.892","170.892","100.000000"
"1488","75000","องค์กรปกครองส่วนท้องถิ่น","753LS","เทศบาลตำบลบ้านบัว","2568","39.0262","39.0262","100.000000"
"1489","75000","องค์กรปกครองส่วนท้องถิ่น","753LY","เทศบาลตำบลหนองตาด","2568","49.5039","43.1989","87.264000"
"1490","75000","องค์กรปกครองส่วนท้องถิ่น","753M2","เทศบาลเมืองชุมเห็ด","2568","84.3696","67.1551","79.596000"
"1491","75000","องค์กรปกครองส่วนท้องถิ่น","753M3","เทศบาลตำบลหลักเขต","2568","36.1413","36.1413","100.000000"
"1492","75000","องค์กรปกครองส่วนท้องถิ่น","753M8","เทศบาลตำบลคูเมือง","2568","24.3516","24.3516","100.000000"
"1493","75000","องค์กรปกครองส่วนท้องถิ่น","753MD","เทศบาลตำบลหินเหล็กไฟ","2568","26.1267","26.1267","100.000000"
"1494","75000","องค์กรปกครองส่วนท้องถิ่น","753MH","เทศบาลตำบลกระสัง","2568","25.3849","25.3849","100.000000"
"1495","75000","องค์กรปกครองส่วนท้องถิ่น","753MJ","เทศบาลตำบลอุดมธรรม","2568","51.1256","51.1256","100.000000"
"1496","75000","องค์กรปกครองส่วนท้องถิ่น","753ML","เทศบาลตำบลสองชั้น","2568","57.0427","57.0427","100.000000"
"1497","75000","องค์กรปกครองส่วนท้องถิ่น","753MN","เทศบาลตำบลหนองเต็ง","2568","57.3619","57.3619","100.000000"
"1498","75000","องค์กรปกครองส่วนท้องถิ่น","753MV","เทศบาลเมืองนางรอง","2568","173.85","172.805","99.399000"
"1499","75000","องค์กรปกครองส่วนท้องถิ่น","753N9","เทศบาลตำบลทุ่งแสงทอง","2568","18.1699","18.1699","100.000000"
"1500","75000","องค์กรปกครองส่วนท้องถิ่น","753NB","เทศบาลตำบลศาลเจ้าพ่อขุนศรี","2568","23.126","23.126","100.000000"
"1501","75000","องค์กรปกครองส่วนท้องถิ่น","753NC","เทศบาลตำบลหนองกี่","2568","41.4362","41.4327","99.992000"
"1502","75000","องค์กรปกครองส่วนท้องถิ่น","753NF","เทศบาลตำบลดอนอะราง","2568","42.4088","42.4088","100.000000"
"1503","75000","องค์กรปกครองส่วนท้องถิ่น","753NN","เทศบาลตำบลละหานทราย","2568","41.6773","41.6773","100.000000"
"1504","75000","องค์กรปกครองส่วนท้องถิ่น","753NQ","เทศบาลตำบลตาจง","2568","73.2389","73.2389","100.000000"
"1505","75000","องค์กรปกครองส่วนท้องถิ่น","753NR","เทศบาลตำบลสำโรงใหม่","2568","59.5816","49.619378","83.280000"
"1506","75000","องค์กรปกครองส่วนท้องถิ่น","753NS","เทศบาลตำบลหนองแวง","2568","71.5075","70.1755","98.137000"
"1507","75000","องค์กรปกครองส่วนท้องถิ่น","753NT","เทศบาลตำบลหนองตะครอง","2568","35.0809","35.0809","100.000000"
"1508","75000","องค์กรปกครองส่วนท้องถิ่น","753NV","เทศบาลตำบลประโคนชัย","2568","68.4929","58.190869","84.959000"
"1509","75000","องค์กรปกครองส่วนท้องถิ่น","753NX","เทศบาลตำบลแสลงโทน","2568","39.9198","30.089079","75.374000"
"1510","75000","องค์กรปกครองส่วนท้องถิ่น","753P3","เทศบาลตำบลโคกม้า","2568","38.6627","38.6627","100.000000"
"1511","75000","องค์กรปกครองส่วนท้องถิ่น","753P6","เทศบาลตำบลเขาคอก","2568","46.8331","46.8331","100.000000"
"1512","75000","องค์กรปกครองส่วนท้องถิ่น","753PC","เทศบาลตำบลบ้านกรวดปัญญาวัฒน์","2568","33.5255","33.5255","100.000000"
"1513","75000","องค์กรปกครองส่วนท้องถิ่น","753PD","เทศบาลตำบลโนนเจริญ","2568","35.5715","33.072905","92.976000"
"1514","75000","องค์กรปกครองส่วนท้องถิ่น","753PE","เทศบาลตำบลหนองไม้งาม","2568","47.1596","47.1596","100.000000"
"1515","75000","องค์กรปกครองส่วนท้องถิ่น","753PF","เทศบาลตำบลตลาดนิคมปราสาท","2568","29.5645","29.5645","100.000000"
"1516","75000","องค์กรปกครองส่วนท้องถิ่น","753PG","เทศบาลตำบลบ้านกรวด","2568","30.4709","30.4709","100.000000"
"1517","75000","องค์กรปกครองส่วนท้องถิ่น","753PH","เทศบาลตำบลปราสาท","2568","14.4274","14.4274","100.000000"
"1518","75000","องค์กรปกครองส่วนท้องถิ่น","753PL","เทศบาลตำบลบึงเจริญ","2568","28.3468","28.3468","100.000000"
"1519","75000","องค์กรปกครองส่วนท้องถิ่น","753PM","เทศบาลตำบลจันทบเพชร","2568","28.6539","28.6539","100.000000"
"1520","75000","องค์กรปกครองส่วนท้องถิ่น","753PP","เทศบาลตำบลพุทไธสง","2568","37.6779","37.6779","100.000000"
"1521","75000","องค์กรปกครองส่วนท้องถิ่น","753PX","เทศบาลตำบลลำปลายมาศ","2568","53.1723","53.1723","100.000000"
"1522","75000","องค์กรปกครองส่วนท้องถิ่น","753Q0","เทศบาลตำบลทะเมนชัย","2568","31.1427","22.7917","73.185000"
"1523","75000","องค์กรปกครองส่วนท้องถิ่น","753QE","เทศบาลตำบลศรีสตึก","2568","33.3846","33.3846","100.000000"
"1524","75000","องค์กรปกครองส่วนท้องถิ่น","753QF","เทศบาลตำบลสตึก","2568","53.1849","53.1804","99.992000"
"1525","75000","องค์กรปกครองส่วนท้องถิ่น","753QM","เทศบาลตำบลดอนมนต์","2568","28.1076","20.4966","72.922000"
"1526","75000","องค์กรปกครองส่วนท้องถิ่น","753QQ","เทศบาลตำบลสะแก","2568","36.2397","26.7207","73.733000"
"1527","75000","องค์กรปกครองส่วนท้องถิ่น","753QT","เทศบาลตำบลปะคำ","2568","37.7611","36.7581","97.344000"
"1528","75000","องค์กรปกครองส่วนท้องถิ่น","753QY","เทศบาลตำบลนาโพธิ์","2568","37.0215","37.0215","100.000000"
"1529","75000","องค์กรปกครองส่วนท้องถิ่น","753R4","เทศบาลตำบลหนองหงส์","2568","30.1705","30.1705","100.000000"
"1530","75000","องค์กรปกครองส่วนท้องถิ่น","753R6","เทศบาลตำบลห้วยหิน","2568","46.3449","46.3449","100.000000"
"1531","75000","องค์กรปกครองส่วนท้องถิ่น","753RC","เทศบาลตำบลจันดุม","2568","50.9774","45.2224","88.711000"
"1532","75000","องค์กรปกครองส่วนท้องถิ่น","753RD","เทศบาลตำบลโคกขมิ้น","2568","53.6254","45.662443","85.151000"
"1533","75000","องค์กรปกครองส่วนท้องถิ่น","753RF","เทศบาลตำบลพลับพลาชัย","2568","28.4963","28.4963","100.000000"
"1534","75000","องค์กรปกครองส่วนท้องถิ่น","753RJ","เทศบาลตำบลห้วยราช","2568","29.4035","29.4035","100.000000"
"1535","75000","องค์กรปกครองส่วนท้องถิ่น","753RL","เทศบาลตำบลสามแวง","2568","26.1426","18.7426","71.694000"
"1536","75000","องค์กรปกครองส่วนท้องถิ่น","753RQ","เทศบาลตำบลโคกเหล็ก","2568","36.0089","35.8939","99.681000"
"1537","75000","องค์กรปกครองส่วนท้องถิ่น","753RS","เทศบาลตำบลโนนสุวรรณ","2568","21.3353","21.3353","100.000000"
"1538","75000","องค์กรปกครองส่วนท้องถิ่น","753RV","เทศบาลตำบลโกรกแก้ว","2568","25.64","25.64","100.000000"
"1539","75000","องค์กรปกครองส่วนท้องถิ่น","753RX","เทศบาลตำบลชำนิ","2568","25.7635","25.7635","100.000000"
"1540","75000","องค์กรปกครองส่วนท้องถิ่น","753RY","เทศบาลตำบลหนองปล่อง","2568","29.7161","29.7161","100.000000"
"1541","75000","องค์กรปกครองส่วนท้องถิ่น","753S3","เทศบาลตำบลบ้านใหม่ไชยพจน์","2568","34.0563","29.8738","87.719000"
"1542","75000","องค์กรปกครองส่วนท้องถิ่น","753S9","เทศบาลตำบลโนนดินแดง","2568","65.8417","65.8417","100.000000"
"1543","75000","องค์กรปกครองส่วนท้องถิ่น","753SD","เทศบาลตำบลบ้านด่าน","2568","53.1789","49.0789","92.290000"
"1544","75000","องค์กรปกครองส่วนท้องถิ่น","753SE","เทศบาลตำบลปราสาท","2568","44.4358","44.4358","100.000000"
"1545","75000","องค์กรปกครองส่วนท้องถิ่น","753SH","เทศบาลตำบลแคนดง","2568","34.516","34.516","100.000000"
"1546","75000","องค์กรปกครองส่วนท้องถิ่น","753SP","เทศบาลตำบลพนมรุ้ง","2568","47.9679","47.9679","100.000000"
"1547","75000","องค์กรปกครองส่วนท้องถิ่น","753SR","เทศบาลตำบลถาวร","2568","44.3545","44.3545","100.000000"
"1548","75000","องค์กรปกครองส่วนท้องถิ่น","753SS","เทศบาลตำบลยายแย้มวัฒนา","2568","43.8657","43.8657","100.000000"
"1549","75000","องค์กรปกครองส่วนท้องถิ่น","753ST","เทศบาลเมืองปทุมธานี","2568","167.6789","167.4797088","99.881000"
"1550","75000","องค์กรปกครองส่วนท้องถิ่น","753SU","เทศบาลตำบลบ้านใหม่","2568","38.3846","38.3846","100.000000"
"1551","75000","องค์กรปกครองส่วนท้องถิ่น","753SV","เทศบาลตำบลบ้านกลาง","2568","26.369","26.369","100.000000"
"1552","75000","องค์กรปกครองส่วนท้องถิ่น","753SW","องค์การบริหารส่วนจังหวัดปทุมธานี","2568","247.013","226.286","91.609000"
"1553","75000","องค์กรปกครองส่วนท้องถิ่น","753SX","เทศบาลตำบลบางหลวง","2568","29.1268","29.1268","100.000000"
"1554","75000","องค์กรปกครองส่วนท้องถิ่น","753T0","เทศบาลตำบลบางขะแยง","2568","41.7461","41.7461","100.000000"
"1555","75000","องค์กรปกครองส่วนท้องถิ่น","753T1","เทศบาลเมืองบางคูวัด","2568","67.4793","67.4793","100.000000"
"1556","75000","องค์กรปกครองส่วนท้องถิ่น","753T3","เทศบาลตำบลบางเดื่อ","2568","40.2498","40.2498","100.000000"
"1557","75000","องค์กรปกครองส่วนท้องถิ่น","753T5","เทศบาลตำบลบางพูน","2568","61.711","61.711","100.000000"
"1558","75000","องค์กรปกครองส่วนท้องถิ่น","753T6","เทศบาลเมืองบางกะดี","2568","154.608","154.608","100.000000"
"1559","75000","องค์กรปกครองส่วนท้องถิ่น","753T8","เทศบาลตำบลหลักหก","2568","56.8027","56.8027","100.000000"
"1560","75000","องค์กรปกครองส่วนท้องถิ่น","753T9","เทศบาลเมืองท่าโขลง","2568","293.8778","293.8778","100.000000"
"1561","75000","องค์กรปกครองส่วนท้องถิ่น","753TA","เทศบาลเมืองคลองหลวง","2568","161.9527","151.10932","93.305000"
"1562","75000","องค์กรปกครองส่วนท้องถิ่น","753TG","เทศบาลนครรังสิต","2568","376.7625","376.7625","100.000000"
"1563","75000","องค์กรปกครองส่วนท้องถิ่น","753TH","เทศบาลเมืองบึงยี่โถ","2568","119.9883","105.7883","88.166000"
"1564","75000","องค์กรปกครองส่วนท้องถิ่น","753TJ","เทศบาลตำบลธัญบุรี","2568","129.1435","129.1435","100.000000"
"1565","75000","องค์กรปกครองส่วนท้องถิ่น","753TK","เทศบาลเมืองสนั่นรักษ์","2568","113.723","113.723","100.000000"
"1566","75000","องค์กรปกครองส่วนท้องถิ่น","753TL","เทศบาลตำบลหนองเสือ","2568","21.4915","18.9915","88.367000"
"1567","75000","องค์กรปกครองส่วนท้องถิ่น","753TR","เทศบาลตำบลหนองสามวัง","2568","47.7414","47.7414","100.000000"
"1568","75000","องค์กรปกครองส่วนท้องถิ่น","753TU","เทศบาลตำบลระแหง","2568","40.6487","40.6487","100.000000"
"1569","75000","องค์กรปกครองส่วนท้องถิ่น","753TY","เทศบาลตำบลคูขวาง","2568","38.3354","37.6754","98.278000"
"1570","75000","องค์กรปกครองส่วนท้องถิ่น","753TZ","เทศบาลตำบลคลองพระอุดม","2568","40.1927","40.1927","100.000000"
"1571","75000","องค์กรปกครองส่วนท้องถิ่น","753U2","เทศบาลเมืองคูคต","2568","198.1168","198.1168","100.000000"
"1572","75000","องค์กรปกครองส่วนท้องถิ่น","753U3","เทศบาลเมืองลำสามแก้ว","2568","157.5904","157.5904","100.000000"
"1573","75000","องค์กรปกครองส่วนท้องถิ่น","753U4","เทศบาลเมืองลาดสวาย","2568","156.7716","156.7716","100.000000"
"1574","75000","องค์กรปกครองส่วนท้องถิ่น","753U5","เทศบาลตำบลลำลูกกา","2568","46.5527","44.0527","94.630000"
"1575","75000","องค์กรปกครองส่วนท้องถิ่น","753U9","เทศบาลตำบลลำไทร","2568","14.9529","14.9529","100.000000"
"1576","75000","องค์กรปกครองส่วนท้องถิ่น","753UD","เทศบาลตำบลบางเตย","2568","31.5905","31.5905","100.000000"
"1577","75000","องค์กรปกครองส่วนท้องถิ่น","753UF","เทศบาลตำบลสามโคก","2568","20.9244","20.9244","100.000000"
"1578","75000","องค์กรปกครองส่วนท้องถิ่น","753UJ","เทศบาลตำบลเชียงรากใหญ่","2568","24.9588","24.384862","97.700000"
"1579","75000","องค์กรปกครองส่วนท้องถิ่น","753UQ","องค์การบริหารส่วนจังหวัดประจวบคีรีขันธ์","2568","202.9965","202.9965","100.000000"
"1580","75000","องค์กรปกครองส่วนท้องถิ่น","753UR","เทศบาลเมืองประจวบคีรีขันธ์","2568","180.7835","171.0569","94.620000"
"1581","75000","องค์กรปกครองส่วนท้องถิ่น","753UT","เทศบาลตำบลคลองวาฬ","2568","20.988","20.988","100.000000"
"1582","75000","องค์กรปกครองส่วนท้องถิ่น","753UW","เทศบาลตำบลกม.5","2568","49.518","49.486855","99.937000"
"1583","75000","องค์กรปกครองส่วนท้องถิ่น","753UZ","เทศบาลตำบลกุยบุรี","2568","42.1366","42.1366","100.000000"
"1584","75000","องค์กรปกครองส่วนท้องถิ่น","753V0","เทศบาลตำบลไร่ใหม่","2568","47.1078","47.1078","100.000000"
"1585","75000","องค์กรปกครองส่วนท้องถิ่น","753V7","เทศบาลตำบลทับสะแก","2568","33.4682","33.4585","99.971000"
"1586","75000","องค์กรปกครองส่วนท้องถิ่น","753VE","เทศบาลตำบลกำเนิดนพคุณ","2568","22.9173","22.9173","100.000000"
"1587","75000","องค์กรปกครองส่วนท้องถิ่น","753VH","เทศบาลตำบลร่อนทอง","2568","32.8677","32.8677","100.000000"
"1588","75000","องค์กรปกครองส่วนท้องถิ่น","753VK","เทศบาลตำบลบ้านกรูด","2568","28.4756","25.77750078","90.525000"
"1589","75000","องค์กรปกครองส่วนท้องถิ่น","753VR","เทศบาลตำบลบางสะพานน้อย","2568","22.8694","22.5454","98.583000"
"1590","75000","องค์กรปกครองส่วนท้องถิ่น","753VX","เทศบาลตำบลปราณบุรี","2568","88.5401","80.3421","90.741000"
"1591","75000","องค์กรปกครองส่วนท้องถิ่น","753VY","เทศบาลตำบลเขาน้อย","2568","44.5306","44.5306","100.000000"
"1592","75000","องค์กรปกครองส่วนท้องถิ่น","753VZ","เทศบาลตำบลปากน้ำปราณ","2568","28.3964","28.3964","100.000000"
"1593","75000","องค์กรปกครองส่วนท้องถิ่น","753W4","เทศบาลเมืองหัวหิน","2568","409.4822","399.7556","97.625000"
"1594","75000","องค์กรปกครองส่วนท้องถิ่น","753W6","เทศบาลตำบลหนองพลับ","2568","31.1114","31.1114","100.000000"
"1595","75000","องค์กรปกครองส่วนท้องถิ่น","753WE","เทศบาลตำบลไร่เก่า","2568","44.2396","44.2396","100.000000"
"1596","75000","องค์กรปกครองส่วนท้องถิ่น","753WH","องค์การบริหารส่วนจังหวัดปราจีนบุรี","2568","451.8799","451.8559","99.995000"
"1597","75000","องค์กรปกครองส่วนท้องถิ่น","753WJ","เทศบาลเมืองปราจีนบุรี","2568","242.9102","242.4582","99.814000"
"1598","75000","องค์กรปกครองส่วนท้องถิ่น","753WU","เทศบาลตำบลบ้านนาปรือ","2568","20.0058","20.0058","100.000000"
"1599","75000","องค์กรปกครองส่วนท้องถิ่น","753WW","เทศบาลตำบลโคกมะกอก","2568","12.6772","12.6772","100.000000"
"1600","75000","องค์กรปกครองส่วนท้องถิ่น","753WY","เทศบาลตำบลกบินทร์","2568","98.5772","98.1761","99.593000"
"1601","75000","องค์กรปกครองส่วนท้องถิ่น","753X0","เทศบาลตำบลเมืองเก่า","2568","32.8113","27.41905075","83.566000"
"1602","75000","องค์กรปกครองส่วนท้องถิ่น","753X7","เทศบาลตำบลสระบัว","2568","13.2005","13.2005","100.000000"
"1603","75000","องค์กรปกครองส่วนท้องถิ่น","753XB","เทศบาลเมืองหนองกี่","2568","87.2487","79.8761","91.550000"
"1604","75000","องค์กรปกครองส่วนท้องถิ่น","753XH","เทศบาลตำบลนาดี","2568","43.5063","40.7750255","93.722000"
"1605","75000","องค์กรปกครองส่วนท้องถิ่น","753XN","เทศบาลตำบลบ้านสร้าง","2568","24.8114","24.599","99.144000"
"1606","75000","องค์กรปกครองส่วนท้องถิ่น","753XW","เทศบาลตำบลประจันตคาม","2568","24.6721","24.6721","100.000000"
"1607","75000","องค์กรปกครองส่วนท้องถิ่น","753Y5","เทศบาลตำบลโพธิ์งาม","2568","54.3781","54.3781","100.000000"
"1608","75000","องค์กรปกครองส่วนท้องถิ่น","753Y6","เทศบาลตำบลศรีมหาโพธิ","2568","16.4203","16.4203","100.000000"
"1609","75000","องค์กรปกครองส่วนท้องถิ่น","753YD","เทศบาลตำบลกรอกสมบูรณ์","2568","19.9126","19.9126","100.000000"
"1610","75000","องค์กรปกครองส่วนท้องถิ่น","753YF","เทศบาลตำบลโคกปีบ","2568","22.3981","22.3981","100.000000"
"1611","75000","องค์กรปกครองส่วนท้องถิ่น","753YK","องค์การบริหารส่วนจังหวัดปัตตานี","2568","734.7455","734.7455","100.000000"
"1612","75000","องค์กรปกครองส่วนท้องถิ่น","753YL","เทศบาลเมืองปัตตานี","2568","342.6745","328.8868","95.976000"
"1613","75000","องค์กรปกครองส่วนท้องถิ่น","753YT","เทศบาลตำบลรูสะมิแล","2568","66.0135","66.0025","99.983000"
"1614","75000","องค์กรปกครองส่วนท้องถิ่น","753YX","เทศบาลตำบลโคกโพธิ์","2568","26.0514","26.0474","99.985000"
"1615","75000","องค์กรปกครองส่วนท้องถิ่น","753YZ","เทศบาลตำบลมะกรูด","2568","29.3417","29.33920015","99.991000"
"1616","75000","องค์กรปกครองส่วนท้องถิ่น","753Z3","เทศบาลตำบลนาประดู่","2568","23.3494","23.3444","99.979000"
"1617","75000","องค์กรปกครองส่วนท้องถิ่น","753ZF","เทศบาลตำบลหนองจิก","2568","26.1033","26.1033","100.000000"
"1618","75000","องค์กรปกครองส่วนท้องถิ่น","753ZK","เทศบาลตำบลบ่อทอง","2568","69.8177","69.8177","100.000000"
"1619","75000","องค์กรปกครองส่วนท้องถิ่น","753ZQ","เทศบาลตำบลปะนาเระ","2568","41.678","41.678","100.000000"
"1620","75000","องค์กรปกครองส่วนท้องถิ่น","753ZX","เทศบาลตำบลพ่อมิ่ง","2568","25.4117","21.4877","84.558000"
"1621","75000","องค์กรปกครองส่วนท้องถิ่น","75400","เทศบาลตำบลมายอ","2568","27.0944","27.0944","100.000000"
"1622","75000","องค์กรปกครองส่วนท้องถิ่น","7540F","เทศบาลเมืองตะลุบัน","2568","189.3191","186.1291","98.315000"
"1623","75000","องค์กรปกครองส่วนท้องถิ่น","7540L","เทศบาลตำบลเตราะบอน","2568","53.0536","53.0536","100.000000"
"1624","75000","องค์กรปกครองส่วนท้องถิ่น","7540X","เทศบาลตำบลตอหลัง","2568","18.7809","18.7809","100.000000"
"1625","75000","องค์กรปกครองส่วนท้องถิ่น","75410","เทศบาลตำบลยะหริ่ง","2568","30.1838","30.1838","100.000000"
"1626","75000","องค์กรปกครองส่วนท้องถิ่น","75412","เทศบาลตำบลบางปู","2568","39.7197","39.7197","100.000000"
"1627","75000","องค์กรปกครองส่วนท้องถิ่น","75417","เทศบาลตำบลตันหยง","2568","18.8455","18.8455","100.000000"
"1628","75000","องค์กรปกครองส่วนท้องถิ่น","7541C","เทศบาลตำบลยะรัง","2568","47.8595","28.4525","59.450000"
"1629","75000","องค์กรปกครองส่วนท้องถิ่น","7541X","เทศบาลนครพระนครศรีอยุธยา","2568","392.6746","374.403276","95.347000"
"1630","75000","องค์กรปกครองส่วนท้องถิ่น","7541Y","เทศบาลเมืองอโยธยา","2568","80.8783","76.1883","94.201000"
"1631","75000","องค์กรปกครองส่วนท้องถิ่น","75429","องค์การบริหารส่วนจังหวัดพระนครศรีอยุธยา","2568","163.792","163.792","100.000000"
"1632","75000","องค์กรปกครองส่วนท้องถิ่น","7542D","เทศบาลตำบลท่าเรือ","2568","111.2968","111.2968","100.000000"
"1633","75000","องค์กรปกครองส่วนท้องถิ่น","7542E","เทศบาลตำบลท่าหลวง","2568","35.3321","35.3321","100.000000"
"1634","75000","องค์กรปกครองส่วนท้องถิ่น","7542Q","เทศบาลตำบลนครหลวง","2568","33.9405","33.9405","100.000000"
"1635","75000","องค์กรปกครองส่วนท้องถิ่น","7542R","เทศบาลตำบลอรัญญิก","2568","40.679","40.679","100.000000"
"1636","75000","องค์กรปกครองส่วนท้องถิ่น","7542Y","เทศบาลตำบลบางไทร","2568","44.8708","44.8708","100.000000"
"1637","75000","องค์กรปกครองส่วนท้องถิ่น","75436","เทศบาลตำบลราชคราม","2568","41.9779","37.9829","90.483000"
"1638","75000","องค์กรปกครองส่วนท้องถิ่น","75439","เทศบาลตำบลมหาพราหมณ์","2568","31.7522","31.7522","100.000000"
"1639","75000","องค์กรปกครองส่วนท้องถิ่น","7543E","เทศบาลตำบลบางบาล","2568","51.4323","43.1323","83.862000"
"1640","75000","องค์กรปกครองส่วนท้องถิ่น","7543F","เทศบาลตำบลบางปะอิน","2568","37.0723","32.7994","88.474000"
"1641","75000","องค์กรปกครองส่วนท้องถิ่น","7543G","เทศบาลตำบลปราสาททอง","2568","22.1073","22.1073","100.000000"
"1642","75000","องค์กรปกครองส่วนท้องถิ่น","7543H","เทศบาลตำบลพระอินทราชา","2568","30.1955","23.49345347","77.804000"
"1643","75000","องค์กรปกครองส่วนท้องถิ่น","7543J","เทศบาลตำบลเชียงรากน้อย","2568","41.6497","41.6497","100.000000"
"1644","75000","องค์กรปกครองส่วนท้องถิ่น","7543L","เทศบาลเมืองบ้านกรด","2568","65.9814","57.4534","87.075000"
"1645","75000","องค์กรปกครองส่วนท้องถิ่น","7543M","เทศบาลตำบลบางกระสั้น","2568","49.6254","49.6254","100.000000"
"1646","75000","องค์กรปกครองส่วนท้องถิ่น","7543N","เทศบาลตำบลคลองจิก","2568","59.9272","59.9272","100.000000"
"1647","75000","องค์กรปกครองส่วนท้องถิ่น","7543X","เทศบาลตำบลบ้านสร้าง","2568","39.0825","39.0825","100.000000"
"1648","75000","องค์กรปกครองส่วนท้องถิ่น","7543Y","เทศบาลตำบลตลาดเกรียบ","2568","15.456","12.905","83.495000"
"1649","75000","องค์กรปกครองส่วนท้องถิ่น","7543Z","เทศบาลตำบลบางปะหัน","2568","25.9824","25.9824","100.000000"
"1650","75000","องค์กรปกครองส่วนท้องถิ่น","7544A","เทศบาลเมืองผักไห่","2568","43.8491","43.8491","100.000000"
"1651","75000","องค์กรปกครองส่วนท้องถิ่น","7544H","เทศบาลตำบลลาดชะโด","2568","38.2051","38.2051","100.000000"
"1652","75000","องค์กรปกครองส่วนท้องถิ่น","7544L","เทศบาลตำบลภาชี","2568","31.2882","31.2882","100.000000"
"1653","75000","องค์กรปกครองส่วนท้องถิ่น","7544U","เทศบาลตำบลลาดบัวหลวง","2568","20.432","20.416","99.922000"
"1654","75000","องค์กรปกครองส่วนท้องถิ่น","7544X","เทศบาลตำบลสามเมือง","2568","42.7919","42.7919","100.000000"
"1655","75000","องค์กรปกครองส่วนท้องถิ่น","75452","เทศบาลเมืองลำตาเสา","2568","91.1319","85.6767","94.014000"
"1656","75000","องค์กรปกครองส่วนท้องถิ่น","7545C","เทศบาลเมืองเสนา","2568","57.6176","42.0656","73.008000"
"1657","75000","องค์กรปกครองส่วนท้องถิ่น","7545E","เทศบาลตำบลเจ้าเจ็ด","2568","43.8516","43.8516","100.000000"
"1658","75000","องค์กรปกครองส่วนท้องถิ่น","7545F","เทศบาลตำบลสามกอ","2568","45.7866","41.9966","91.722000"
"1659","75000","องค์กรปกครองส่วนท้องถิ่น","7545G","เทศบาลตำบลบางนมโค","2568","75.0703","75.0703","100.000000"
"1660","75000","องค์กรปกครองส่วนท้องถิ่น","7545H","เทศบาลตำบลหัวเวียง","2568","39.1636","30.2706","77.293000"
"1661","75000","องค์กรปกครองส่วนท้องถิ่น","7545S","เทศบาลตำบลบางซ้าย","2568","28.3292","25.1232","88.683000"
"1662","75000","องค์กรปกครองส่วนท้องถิ่น","75462","เทศบาลตำบลอุทัย","2568","25.7664","25.7664","100.000000"
"1663","75000","องค์กรปกครองส่วนท้องถิ่น","75469","เทศบาลตำบลมหาราช","2568","23.7192","20.6936","87.244000"
"1664","75000","องค์กรปกครองส่วนท้องถิ่น","7546B","เทศบาลตำบลโรงช้าง","2568","28.4913","28.4913","100.000000"
"1665","75000","องค์กรปกครองส่วนท้องถิ่น","7546G","เทศบาลตำบลบ้านแพรก","2568","18.7544","18.7544","100.000000"
"1666","75000","องค์กรปกครองส่วนท้องถิ่น","7546K","เทศบาลเมืองพะเยา","2568","247.1895","242.1415","97.958000"
"1667","75000","องค์กรปกครองส่วนท้องถิ่น","7546N","เทศบาลตำบลบ้านต๊ำ","2568","43.209","42.04","97.295000"
"1668","75000","องค์กรปกครองส่วนท้องถิ่น","7546P","องค์การบริหารส่วนจังหวัดพะเยา","2568","272.5965","272.1055","99.820000"
"1669","75000","องค์กรปกครองส่วนท้องถิ่น","7546Q","เทศบาลตำบลบ้านต๋อม","2568","50.938","50.938","100.000000"
"1670","75000","องค์กรปกครองส่วนท้องถิ่น","7546R","เทศบาลตำบลแม่ปืม","2568","44.6407","44.1166","98.826000"
"1671","75000","องค์กรปกครองส่วนท้องถิ่น","7546S","เทศบาลตำบลแม่กา","2568","65.7237","57.7097","87.807000"
"1672","75000","องค์กรปกครองส่วนท้องถิ่น","7546T","เทศบาลตำบลบ้านใหม่","2568","27.9146","27.9146","100.000000"
"1673","75000","องค์กรปกครองส่วนท้องถิ่น","7546V","เทศบาลตำบลท่าวังทอง","2568","49.5037","49.5037","100.000000"
"1674","75000","องค์กรปกครองส่วนท้องถิ่น","7546X","เทศบาลตำบลบ้านสาง","2568","19.4306","19.4306","100.000000"
"1675","75000","องค์กรปกครองส่วนท้องถิ่น","7546Y","เทศบาลตำบลท่าจำปี","2568","22.9092","21.9513","95.819000"
"1676","75000","องค์กรปกครองส่วนท้องถิ่น","7546Z","เทศบาลตำบลสันป่าม่วง","2568","15.7361","12.9481","82.283000"
"1677","75000","องค์กรปกครองส่วนท้องถิ่น","75470","เทศบาลตำบลห้วยข้าวก่ำ","2568","45.2997","45.2997","100.000000"
"1678","75000","องค์กรปกครองส่วนท้องถิ่น","75471","เทศบาลตำบลจุน","2568","60.3232","59.8972","99.294000"
"1679","75000","องค์กรปกครองส่วนท้องถิ่น","75472","เทศบาลตำบลเวียงลอ","2568","47.1645","47.1645","100.000000"
"1680","75000","องค์กรปกครองส่วนท้องถิ่น","75473","เทศบาลตำบลหงส์หิน","2568","44.8159","44.8159","100.000000"
"1681","75000","องค์กรปกครองส่วนท้องถิ่น","75474","เทศบาลตำบลทุ่งรวงทอง","2568","41.4798","41.4798","100.000000"
"1682","75000","องค์กรปกครองส่วนท้องถิ่น","75477","เทศบาลตำบลหย่วน","2568","21.5756","21.5756","100.000000"
"1683","75000","องค์กรปกครองส่วนท้องถิ่น","75478","เทศบาลตำบลเชียงคำ","2568","36.9558","36.0988","97.681000"
"1684","75000","องค์กรปกครองส่วนท้องถิ่น","7547A","เทศบาลตำบลเวียง","2568","32.9498","32.9498","100.000000"
"1685","75000","องค์กรปกครองส่วนท้องถิ่น","7547B","เทศบาลตำบลฝายกวาง","2568","47.0922","44.3062","94.084000"
"1686","75000","องค์กรปกครองส่วนท้องถิ่น","7547J","เทศบาลตำบลเชียงม่วน","2568","54.4846","52.0696","95.568000"
"1687","75000","องค์กรปกครองส่วนท้องถิ่น","7547N","เทศบาลเมืองดอกคำใต้","2568","92.8996","92.8996","100.000000"
"1688","75000","องค์กรปกครองส่วนท้องถิ่น","7547Q","เทศบาลตำบลบ้านถ้ำ","2568","53.4446","53.4446","100.000000"
"1689","75000","องค์กรปกครองส่วนท้องถิ่น","7547S","เทศบาลตำบลห้วยลาน","2568","43.029","43.029","100.000000"
"1690","75000","องค์กรปกครองส่วนท้องถิ่น","7547V","เทศบาลตำบลหนองหล่ม","2568","37.7653","37.7653","100.000000"
"1691","75000","องค์กรปกครองส่วนท้องถิ่น","7547Y","เทศบาลตำบลปง","2568","35.0727","35.0727","100.000000"
"1692","75000","องค์กรปกครองส่วนท้องถิ่น","7547Z","เทศบาลตำบลแม่ยม","2568","32.2498","32.2498","100.000000"
"1693","75000","องค์กรปกครองส่วนท้องถิ่น","75482","เทศบาลตำบลงิม","2568","49.9986","49.9986","100.000000"
"1694","75000","องค์กรปกครองส่วนท้องถิ่น","75487","เทศบาลตำบลรวมใจพัฒนา","2568","15.4497","15.4497","100.000000"
"1695","75000","องค์กรปกครองส่วนท้องถิ่น","75488","เทศบาลตำบลแม่ใจ","2568","29.8887","24.7887","82.937000"
"1696","75000","องค์กรปกครองส่วนท้องถิ่น","75489","เทศบาลตำบลศรีถ้อย","2568","25.0212","25.0212","100.000000"
"1697","75000","องค์กรปกครองส่วนท้องถิ่น","7548B","เทศบาลตำบลป่าแฝก","2568","33.6654","28.6085","84.979000"
"1698","75000","องค์กรปกครองส่วนท้องถิ่น","7548C","เทศบาลตำบลบ้านเหล่า","2568","45.7503","45.7503","100.000000"
"1699","75000","องค์กรปกครองส่วนท้องถิ่น","7548D","เทศบาลตำบลเจริญราษฎร์","2568","22.6463","22.6463","100.000000"
"1700","75000","องค์กรปกครองส่วนท้องถิ่น","7548J","เทศบาลตำบลสบบง","2568","50.2755","49.3795","98.218000"
"1701","75000","องค์กรปกครองส่วนท้องถิ่น","7548L","เทศบาลตำบลดงเจน","2568","41.3518","41.3518","100.000000"
"1702","75000","องค์กรปกครองส่วนท้องถิ่น","7548P","องค์การบริหารส่วนจังหวัดพังงา","2568","116.4306","85.2471","73.217000"
"1703","75000","องค์กรปกครองส่วนท้องถิ่น","7548Q","เทศบาลเมืองพังงา","2568","109.5777","93.7282","85.536000"
"1704","75000","องค์กรปกครองส่วนท้องถิ่น","7548T","เทศบาลตำบลบางเตย","2568","45.0159","45.0159","100.000000"
"1705","75000","องค์กรปกครองส่วนท้องถิ่น","7548Y","เทศบาลตำบลเกาะยาว","2568","11.4478","11.4478","100.000000"
"1706","75000","องค์กรปกครองส่วนท้องถิ่น","75490","เทศบาลตำบลเกาะยาวใหญ่","2568","22.6373","22.6373","100.000000"
"1707","75000","องค์กรปกครองส่วนท้องถิ่น","75491","เทศบาลตำบลพรุใน","2568","34.1309","28.5608","83.680000"
"1708","75000","องค์กรปกครองส่วนท้องถิ่น","75492","เทศบาลตำบลท่านา","2568","17.5996","8.7842","49.911000"
"1709","75000","องค์กรปกครองส่วนท้องถิ่น","75498","เทศบาลตำบลกระโสม","2568","17.3164","14.8664","85.852000"
"1710","75000","องค์กรปกครองส่วนท้องถิ่น","7549D","เทศบาลตำบลโคกกลอย","2568","39.3935","35.9405","91.235000"
"1711","75000","องค์กรปกครองส่วนท้องถิ่น","7549G","เทศบาลเมืองตะกั่วป่า","2568","174.8831","163.4651","93.471000"
"1712","75000","องค์กรปกครองส่วนท้องถิ่น","7549H","เทศบาลตำบลบางนายสี","2568","46.0539","41.2839","89.643000"
"1713","75000","องค์กรปกครองส่วนท้องถิ่น","7549M","เทศบาลตำบลคึกคัก","2568","52.0724","46.1024","88.535000"
"1714","75000","องค์กรปกครองส่วนท้องถิ่น","7549S","เทศบาลตำบลคุระบุรี","2568","26.7599","26.0449","97.328000"
"1715","75000","องค์กรปกครองส่วนท้องถิ่น","7549U","เทศบาลตำบลทับปุด","2568","18.2519","18.2519","100.000000"
"1716","75000","องค์กรปกครองส่วนท้องถิ่น","754A0","เทศบาลตำบลท้ายเหมือง","2568","31.2562","31.2562","100.000000"
"1717","75000","องค์กรปกครองส่วนท้องถิ่น","754A6","เทศบาลตำบลลำแก่น","2568","31.9836","31.1356","97.349000"
"1718","75000","องค์กรปกครองส่วนท้องถิ่น","754A7","องค์การบริหารส่วนจังหวัดพัทลุง","2568","373.1761","365.39608873","97.915000"
"1719","75000","องค์กรปกครองส่วนท้องถิ่น","754A8","เทศบาลเมืองพัทลุง","2568","393.5973","384.8573","97.779000"
"1720","75000","องค์กรปกครองส่วนท้องถิ่น","754A9","เทศบาลตำบลเขาเจียก","2568","32.9713","32.9713","100.000000"
"1721","75000","องค์กรปกครองส่วนท้องถิ่น","754AA","เทศบาลตำบลท่ามิหรำ","2568","30.658","30.658","100.000000"
"1722","75000","องค์กรปกครองส่วนท้องถิ่น","754AB","เทศบาลตำบลโคกชะงาย","2568","45.5206","45.5206","100.000000"
"1723","75000","องค์กรปกครองส่วนท้องถิ่น","754AC","เทศบาลตำบลนาท่อม","2568","27.2388","27.2388","100.000000"
"1724","75000","องค์กรปกครองส่วนท้องถิ่น","754AD","เทศบาลตำบลปรางหมู่","2568","32.7843","32.7843","100.000000"
"1725","75000","องค์กรปกครองส่วนท้องถิ่น","754AE","เทศบาลตำบลท่าแค","2568","41.7285","41.7285","100.000000"
"1726","75000","องค์กรปกครองส่วนท้องถิ่น","754AG","เทศบาลตำบลตำนาน","2568","42.5561","42.5561","100.000000"
"1727","75000","องค์กรปกครองส่วนท้องถิ่น","754AJ","เทศบาลตำบลร่มเมือง","2568","28.6638","28.3988","99.075000"
"1728","75000","องค์กรปกครองส่วนท้องถิ่น","754AL","เทศบาลตำบลนาโหนด","2568","38.0413","38.0413","100.000000"
"1729","75000","องค์กรปกครองส่วนท้องถิ่น","754AM","เทศบาลตำบลพญาขัน","2568","31.3811","31.3811","100.000000"
"1730","75000","องค์กรปกครองส่วนท้องถิ่น","754AN","เทศบาลตำบลกงหรา","2568","27.3244","27.3244","100.000000"
"1731","75000","องค์กรปกครองส่วนท้องถิ่น","754AP","เทศบาลตำบลชะรัด","2568","46.6389","46.6389","100.000000"
"1732","75000","องค์กรปกครองส่วนท้องถิ่น","754AR","เทศบาลตำบลคลองทรายขาว","2568","34.0932","33.1552","97.249000"
"1733","75000","องค์กรปกครองส่วนท้องถิ่น","754AS","เทศบาลตำบลสมหวัง","2568","32.2516","31.204275","96.753000"
"1734","75000","องค์กรปกครองส่วนท้องถิ่น","754AT","เทศบาลตำบลเขาชัยสน","2568","50.8738","50.8738","100.000000"
"1735","75000","องค์กรปกครองส่วนท้องถิ่น","754AW","เทศบาลตำบลจองถนน","2568","31.0243","31.0243","100.000000"
"1736","75000","องค์กรปกครองส่วนท้องถิ่น","754AY","เทศบาลตำบลโคกม่วง","2568","53.2818","52.6618","98.836000"
"1737","75000","องค์กรปกครองส่วนท้องถิ่น","754AZ","เทศบาลตำบลควนเสาธง","2568","36.98","36.98","100.000000"
"1738","75000","องค์กรปกครองส่วนท้องถิ่น","754B0","เทศบาลตำบลแม่ขรี","2568","52.3314","52.3314","100.000000"
"1739","75000","องค์กรปกครองส่วนท้องถิ่น","754B1","เทศบาลตำบลตะโหมด","2568","39.5805","39.451","99.673000"
"1740","75000","องค์กรปกครองส่วนท้องถิ่น","754B2","เทศบาลตำบลเขาหัวช้าง","2568","35.0915","35.0915","100.000000"
"1741","75000","องค์กรปกครองส่วนท้องถิ่น","754B3","เทศบาลตำบลคลองใหญ่","2568","33.0518","33.0518","100.000000"
"1742","75000","องค์กรปกครองส่วนท้องถิ่น","754B4","เทศบาลตำบลควนขนุน","2568","20.3598","20.3598","100.000000"
"1743","75000","องค์กรปกครองส่วนท้องถิ่น","754B5","เทศบาลตำบลหนองพ้อ","2568","34.241","34.241","100.000000"
"1744","75000","องค์กรปกครองส่วนท้องถิ่น","754B6","เทศบาลตำบลทะเลน้อย","2568","40.462","40.0642","99.017000"
"1745","75000","องค์กรปกครองส่วนท้องถิ่น","754B7","เทศบาลตำบลนาขยาด","2568","44.5778","44.5778","100.000000"
"1746","75000","องค์กรปกครองส่วนท้องถิ่น","754B9","เทศบาลตำบลแหลมโตนด","2568","28.7262","26.6012","92.603000"
"1747","75000","องค์กรปกครองส่วนท้องถิ่น","754BB","เทศบาลตำบลโตนดด้วน","2568","41.5575","41.5575","100.000000"
"1748","75000","องค์กรปกครองส่วนท้องถิ่น","754BC","เทศบาลตำบลดอนทราย","2568","35.8063","35.8013","99.986000"
"1749","75000","องค์กรปกครองส่วนท้องถิ่น","754BD","เทศบาลตำบลบ้านสวน","2568","33.9296","33.3006","98.146000"
"1750","75000","องค์กรปกครองส่วนท้องถิ่น","754BE","เทศบาลตำบลมะกอกเหนือ","2568","21.2493","21.2493","100.000000"
"1751","75000","องค์กรปกครองส่วนท้องถิ่น","754BF","เทศบาลตำบลพนางตุง","2568","50.437","48.5265","96.212000"
"1752","75000","องค์กรปกครองส่วนท้องถิ่น","754BH","เทศบาลตำบลแพรกหา","2568","29.1764","29.1764","100.000000"
"1753","75000","องค์กรปกครองส่วนท้องถิ่น","754BJ","เทศบาลตำบลปากพะยูน","2568","24.0149","22.08415919","91.960000"
"1754","75000","องค์กรปกครองส่วนท้องถิ่น","754BK","เทศบาลตำบลอ่าวพะยูน","2568","29.3027","29.3027","100.000000"
"1755","75000","องค์กรปกครองส่วนท้องถิ่น","754BL","เทศบาลตำบลดอนประดู่","2568","35.7985","35.7985","100.000000"
"1756","75000","องค์กรปกครองส่วนท้องถิ่น","754BM","เทศบาลตำบลเกาะนางคำ","2568","31.0163","31.0076","99.972000"
"1757","75000","องค์กรปกครองส่วนท้องถิ่น","754BQ","เทศบาลตำบลหารเทา","2568","53.1289","53.1289","100.000000"
"1758","75000","องค์กรปกครองส่วนท้องถิ่น","754BR","เทศบาลตำบลดอนทราย","2568","15.5988","13.0988","83.973000"
"1759","75000","องค์กรปกครองส่วนท้องถิ่น","754BX","เทศบาลตำบลป่าบอน","2568","34.2927","34.2927","100.000000"
"1760","75000","องค์กรปกครองส่วนท้องถิ่น","754C1","เทศบาลตำบลท่ามะเดื่อ","2568","32.0768","32.0768","100.000000"
"1761","75000","องค์กรปกครองส่วนท้องถิ่น","754C2","เทศบาลตำบลบางแก้ว","2568","31.8934","31.8934","100.000000"
"1762","75000","องค์กรปกครองส่วนท้องถิ่น","754C6","เทศบาลตำบลลานข่อย","2568","43.6974","43.6934","99.991000"
"1763","75000","องค์กรปกครองส่วนท้องถิ่น","754C8","เทศบาลตำบลบ้านพร้าว","2568","39.5681","39.5381","99.924000"
"1764","75000","องค์กรปกครองส่วนท้องถิ่น","754C9","เทศบาลตำบลชุมพล","2568","40.3279","40.3279","100.000000"
"1765","75000","องค์กรปกครองส่วนท้องถิ่น","754CA","เทศบาลตำบลบ้านนา","2568","41.5952","41.5952","100.000000"
"1766","75000","องค์กรปกครองส่วนท้องถิ่น","754CB","เทศบาลตำบลอ่างทอง","2568","27.4734","27.4734","100.000000"
"1767","75000","องค์กรปกครองส่วนท้องถิ่น","754CC","เทศบาลตำบลลำสินธุ์","2568","34.3244","34.3244","100.000000"
"1768","75000","องค์กรปกครองส่วนท้องถิ่น","754CD","องค์การบริหารส่วนจังหวัดพิจิตร","2568","365.7475","365.7475","100.000000"
"1769","75000","องค์กรปกครองส่วนท้องถิ่น","754CE","เทศบาลเมืองพิจิตร","2568","197.6114","196.8159","99.597000"
"1770","75000","องค์กรปกครองส่วนท้องถิ่น","754CH","เทศบาลตำบลท่าฬ่อ","2568","19.033","19.033","100.000000"
"1771","75000","องค์กรปกครองส่วนท้องถิ่น","754CQ","เทศบาลตำบลวังกรด","2568","27.8659","27.8659","100.000000"
"1772","75000","องค์กรปกครองส่วนท้องถิ่น","754CT","เทศบาลตำบลดงป่าคำ","2568","28.9709","27.9429","96.452000"
"1773","75000","องค์กรปกครองส่วนท้องถิ่น","754CU","เทศบาลตำบลหัวดง","2568","31.8543","31.8543","100.000000"
"1774","75000","องค์กรปกครองส่วนท้องถิ่น","754CZ","เทศบาลตำบลวังทรายพูน","2568","18.9752","18.9752","100.000000"
"1775","75000","องค์กรปกครองส่วนท้องถิ่น","754D3","เทศบาลตำบลหนองปล้อง","2568","19.9002","19.9002","100.000000"
"1776","75000","องค์กรปกครองส่วนท้องถิ่น","754D4","เทศบาลตำบลโพธิ์ประทับช้าง","2568","66.6024","66.6024","100.000000"
"1777","75000","องค์กรปกครองส่วนท้องถิ่น","754D7","เทศบาลตำบลไผ่รอบ","2568","39.6913","39.6913","100.000000"
"1778","75000","องค์กรปกครองส่วนท้องถิ่น","754DB","เทศบาลเมืองตะพานหิน","2568","148.112","144.573112","97.611000"
"1779","75000","องค์กรปกครองส่วนท้องถิ่น","754DE","เทศบาลตำบลหนองพยอม","2568","34.0218","32.9310943","96.794000"
"1780","75000","องค์กรปกครองส่วนท้องถิ่น","754DP","เทศบาลเมืองบางมูลนาก","2568","132.4704","132.4704","100.000000"
"1781","75000","องค์กรปกครองส่วนท้องถิ่น","754DQ","เทศบาลตำบลบางไผ่","2568","18.155","18.155","100.000000"
"1782","75000","องค์กรปกครองส่วนท้องถิ่น","754DS","เทศบาลตำบลหอไกร","2568","42.5598","42.5598","100.000000"
"1783","75000","องค์กรปกครองส่วนท้องถิ่น","754DT","เทศบาลตำบลเนินมะกอก","2568","55.874","55.154","98.711000"
"1784","75000","องค์กรปกครองส่วนท้องถิ่น","754DX","เทศบาลตำบลวังตะกู","2568","13.6092","13.6092","100.000000"
"1785","75000","องค์กรปกครองส่วนท้องถิ่น","754E0","เทศบาลตำบลโพทะเล","2568","20.601","20.601","100.000000"
"1786","75000","องค์กรปกครองส่วนท้องถิ่น","754E5","เทศบาลตำบลทุ่งน้อย","2568","18.1756","18.1756","100.000000"
"1787","75000","องค์กรปกครองส่วนท้องถิ่น","754E7","เทศบาลตำบลท่าเสา","2568","18.147","18.147","100.000000"
"1788","75000","องค์กรปกครองส่วนท้องถิ่น","754E9","เทศบาลตำบลบางคลาน","2568","22.366","21.43","95.815000"
"1789","75000","องค์กรปกครองส่วนท้องถิ่น","754ED","เทศบาลตำบลสามง่าม","2568","25.7473","22.9593","89.172000"
"1790","75000","องค์กรปกครองส่วนท้องถิ่น","754EF","เทศบาลตำบลกำแพงดิน","2568","17.0805","16.81418","98.441000"
"1791","75000","องค์กรปกครองส่วนท้องถิ่น","754EJ","เทศบาลตำบลเนินปอ","2568","46.7821","44.8883","95.952000"
"1792","75000","องค์กรปกครองส่วนท้องถิ่น","754EL","เทศบาลตำบลทับคล้อ","2568","25.5765","23.4385","91.641000"
"1793","75000","องค์กรปกครองส่วนท้องถิ่น","754EN","เทศบาลตำบลเขาทราย","2568","20.5107","20.5107","100.000000"
"1794","75000","องค์กรปกครองส่วนท้องถิ่น","754ES","เทศบาลตำบลสากเหล็ก","2568","41.6202","32.9568","79.185000"
"1795","75000","องค์กรปกครองส่วนท้องถิ่น","754F7","เทศบาลตำบลวังบงค์","2568","25.585","25.585","100.000000"
"1796","75000","องค์กรปกครองส่วนท้องถิ่น","754F8","เทศบาลตำบลสำนักขุนเณร","2568","15.1395","15.1395","100.000000"
"1797","75000","องค์กรปกครองส่วนท้องถิ่น","754FD","องค์การบริหารส่วนจังหวัดพิษณุโลก","2568","320.2667","276.0767","86.202000"
"1798","75000","องค์กรปกครองส่วนท้องถิ่น","754FE","เทศบาลนครพิษณุโลก","2568","445.4679","430.0235","96.533000"
"1799","75000","องค์กรปกครองส่วนท้องถิ่น","754FF","เทศบาลตำบลบ้านใหม่","2568","15.738","15.738","100.000000"
"1800","75000","องค์กรปกครองส่วนท้องถิ่น","754FK","เทศบาลตำบลท่าทอง","2568","47.0062","47.0062","100.000000"
"1801","75000","องค์กรปกครองส่วนท้องถิ่น","754FR","เทศบาลตำบลหัวรอ","2568","87.7254","87.7241","99.999000"
"1802","75000","องค์กรปกครองส่วนท้องถิ่น","754FU","เทศบาลตำบลบ้านคลอง","2568","32.2304","32.2304","100.000000"
"1803","75000","องค์กรปกครองส่วนท้องถิ่น","754FV","เทศบาลตำบลพลายชุมพล","2568","38.115","35.54532","93.258000"
"1804","75000","องค์กรปกครองส่วนท้องถิ่น","754FX","เทศบาลเมืองอรัญญิก","2568","91.2413","86.8666","95.205000"
"1805","75000","องค์กรปกครองส่วนท้องถิ่น","754G1","เทศบาลตำบลนครไทย","2568","54.4615","54.3515","99.798000"
"1806","75000","องค์กรปกครองส่วนท้องถิ่น","754G3","เทศบาลตำบลบ้านแยง","2568","45.6169","45.6169","100.000000"
"1807","75000","องค์กรปกครองส่วนท้องถิ่น","754GC","เทศบาลตำบลป่าแดง","2568","31.5153","31.5153","100.000000"
"1808","75000","องค์กรปกครองส่วนท้องถิ่น","754GK","เทศบาลตำบลบางระกำ","2568","33.9263","24.9263","73.472000"
"1809","75000","องค์กรปกครองส่วนท้องถิ่น","754GL","เทศบาลตำบลบางระกำเมืองใหม่","2568","61.7123","49.7563","80.626000"
"1810","75000","องค์กรปกครองส่วนท้องถิ่น","754GM","เทศบาลตำบลบึงระมาณ","2568","22.966","22.966","100.000000"
"1811","75000","องค์กรปกครองส่วนท้องถิ่น","754GN","เทศบาลตำบลปลักแรด","2568","27.6521","21.5631","77.980000"
"1812","75000","องค์กรปกครองส่วนท้องถิ่น","754GP","เทศบาลตำบลพันเสา","2568","36.0331","35.9341","99.725000"
"1813","75000","องค์กรปกครองส่วนท้องถิ่น","754GY","เทศบาลตำบลบางกระทุ่ม","2568","22.4679","16.0279","71.337000"
"1814","75000","องค์กรปกครองส่วนท้องถิ่น","754GZ","เทศบาลตำบลห้วยแก้ว","2568","34.0431","34.0431","100.000000"
"1815","75000","องค์กรปกครองส่วนท้องถิ่น","754H2","เทศบาลตำบลสนามคลี","2568","19.9649","19.9649","100.000000"
"1816","75000","องค์กรปกครองส่วนท้องถิ่น","754H6","เทศบาลตำบลเนินกุ่ม","2568","59.9158","55.423022","92.502000"
"1817","75000","องค์กรปกครองส่วนท้องถิ่น","754H7","เทศบาลตำบลพรหมพิราม","2568","47.239","47.239","100.000000"
"1818","75000","องค์กรปกครองส่วนท้องถิ่น","754HA","เทศบาลตำบลวงฆ้อง","2568","32.2869","32.2869","100.000000"
"1819","75000","องค์กรปกครองส่วนท้องถิ่น","754HM","เทศบาลตำบลวัดโบสถ์","2568","49.4048","49.4048","100.000000"
"1820","75000","องค์กรปกครองส่วนท้องถิ่น","754HU","เทศบาลตำบลวังทอง","2568","26.6586","26.6586","100.000000"
"1821","75000","องค์กรปกครองส่วนท้องถิ่น","754J7","เทศบาลตำบลบ้านมุง","2568","40.4397","40.4397","100.000000"
"1822","75000","องค์กรปกครองส่วนท้องถิ่น","754J8","เทศบาลตำบลไทรย้อย","2568","36.4808","36.4808","100.000000"
"1823","75000","องค์กรปกครองส่วนท้องถิ่น","754JB","เทศบาลตำบลเนินมะปราง","2568","23.8556","23.8556","100.000000"
"1824","75000","องค์กรปกครองส่วนท้องถิ่น","754JE","องค์การบริหารส่วนจังหวัดเพชรบุรี","2568","134.3552","134.3192","99.973000"
"1825","75000","องค์กรปกครองส่วนท้องถิ่น","754JF","เทศบาลเมืองเพชรบุรี","2568","257.3599","257.3519","99.997000"
"1826","75000","องค์กรปกครองส่วนท้องถิ่น","754JV","เทศบาลตำบลหาดเจ้าสำราญ","2568","19.8459","19.8459","100.000000"
"1827","75000","องค์กรปกครองส่วนท้องถิ่น","754JW","เทศบาลตำบลหัวสะพาน","2568","30.8584","30.8584","100.000000"
"1828","75000","องค์กรปกครองส่วนท้องถิ่น","754K0","เทศบาลตำบลหนองขนาน","2568","22.1267","22.1267","100.000000"
"1829","75000","องค์กรปกครองส่วนท้องถิ่น","754K2","เทศบาลตำบลเขาย้อย","2568","61.297","61.297","100.000000"
"1830","75000","องค์กรปกครองส่วนท้องถิ่น","754KD","เทศบาลเมืองชะอำ","2568","371.0468","371.0468","100.000000"
"1831","75000","องค์กรปกครองส่วนท้องถิ่น","754KE","เทศบาลตำบลบางเก่า","2568","20.5496","20.5496","100.000000"
"1832","75000","องค์กรปกครองส่วนท้องถิ่น","754KF","เทศบาลตำบลนายาง","2568","73.2702","73.2702","100.000000"
"1833","75000","องค์กรปกครองส่วนท้องถิ่น","754KL","เทศบาลตำบลท่ายาง","2568","97.5631","97.5631","100.000000"
"1834","75000","องค์กรปกครองส่วนท้องถิ่น","754KP","เทศบาลตำบลหนองจอก","2568","18.3729","18.3729","100.000000"
"1835","75000","องค์กรปกครองส่วนท้องถิ่น","754KS","เทศบาลตำบลท่าไม้รวก","2568","52.0024","52.0024","100.000000"
"1836","75000","องค์กรปกครองส่วนท้องถิ่น","754KX","เทศบาลตำบลท่าแลง","2568","36.0256","36.0256","100.000000"
"1837","75000","องค์กรปกครองส่วนท้องถิ่น","754KZ","เทศบาลตำบลบ้านลาด","2568","17.7279","17.7279","100.000000"
"1838","75000","องค์กรปกครองส่วนท้องถิ่น","754LE","เทศบาลตำบลบ้านแหลม","2568","55.9313","55.9313","100.000000"
"1839","75000","องค์กรปกครองส่วนท้องถิ่น","754LM","เทศบาลตำบลบางตะบูน","2568","24.1905","24.1905","100.000000"
"1840","75000","องค์กรปกครองส่วนท้องถิ่น","754LX","เทศบาลเมืองเพชรบูรณ์","2568","220.0475","210.332982","95.585000"
"1841","75000","องค์กรปกครองส่วนท้องถิ่น","754M0","องค์การบริหารส่วนจังหวัดเพชรบูรณ์","2568","359.9249","349.632922","97.141000"
"1842","75000","องค์กรปกครองส่วนท้องถิ่น","754M3","เทศบาลตำบลนางั่ว","2568","51.9055","51.9","99.989000"
"1843","75000","องค์กรปกครองส่วนท้องถิ่น","754M4","เทศบาลตำบลท่าพล","2568","31.5013","31.5013","100.000000"
"1844","75000","องค์กรปกครองส่วนท้องถิ่น","754MB","เทศบาลตำบลวังชมภู","2568","20.671","20.671","100.000000"
"1845","75000","องค์กรปกครองส่วนท้องถิ่น","754MH","เทศบาลตำบลชนแดน","2568","29.3641","29.3641","100.000000"
"1846","75000","องค์กรปกครองส่วนท้องถิ่น","754ML","เทศบาลตำบลท่าข้าม","2568","15.1723","15.1723","100.000000"
"1847","75000","องค์กรปกครองส่วนท้องถิ่น","754MS","เทศบาลตำบลดงขุย","2568","22.5633","17.9313","79.471000"
"1848","75000","องค์กรปกครองส่วนท้องถิ่น","754MU","เทศบาลตำบลศาลาลาย","2568","28.1073","28.1073","100.000000"
"1849","75000","องค์กรปกครองส่วนท้องถิ่น","754MV","เทศบาลเมืองหล่มสัก","2568","185.8141","172.938301","93.071000"
"1850","75000","องค์กรปกครองส่วนท้องถิ่น","754MX","เทศบาลตำบลตาลเดี่ยว","2568","26.9212","24.1262","89.618000"
"1851","75000","องค์กรปกครองส่วนท้องถิ่น","754NG","เทศบาลตำบลหล่มเก่า","2568","31.4819","31.4819","100.000000"
"1852","75000","องค์กรปกครองส่วนท้องถิ่น","754NS","เทศบาลเมืองวิเชียรบุรี","2568","96.5207","91.5567","94.857000"
"1853","75000","องค์กรปกครองส่วนท้องถิ่น","754NZ","เทศบาลตำบลพุเตย","2568","33.6861","33.6861","100.000000"
"1854","75000","องค์กรปกครองส่วนท้องถิ่น","754P9","เทศบาลตำบลสว่างวัฒนา","2568","33.6224","33.1224","98.513000"
"1855","75000","องค์กรปกครองส่วนท้องถิ่น","754PD","เทศบาลตำบลโคกสะอาด","2568","34.5159","34.5153","99.998000"
"1856","75000","องค์กรปกครองส่วนท้องถิ่น","754PH","เทศบาลตำบลเฉลียงทอง","2568","34.238","34.238","100.000000"
"1857","75000","องค์กรปกครองส่วนท้องถิ่น","754PJ","เทศบาลตำบลบ้านโภชน์","2568","37.851","37.828","99.939000"
"1858","75000","องค์กรปกครองส่วนท้องถิ่น","754PM","เทศบาลตำบลบ่อไทย","2568","48.4612","42.75350898","88.222000"
"1859","75000","องค์กรปกครองส่วนท้องถิ่น","754PQ","เทศบาลตำบลบัววัฒนา","2568","35.383","34.584","97.742000"
"1860","75000","องค์กรปกครองส่วนท้องถิ่น","754PR","เทศบาลตำบลหนองไผ่","2568","29.1141","29.1141","100.000000"
"1861","75000","องค์กรปกครองส่วนท้องถิ่น","754PU","เทศบาลตำบลนาเฉลียง","2568","21.8144","21.8144","100.000000"
"1862","75000","องค์กรปกครองส่วนท้องถิ่น","754Q5","เทศบาลตำบลซับสมอทอด","2568","35.5085","34.5105","97.189000"
"1863","75000","องค์กรปกครองส่วนท้องถิ่น","754QB","เทศบาลตำบลวังโป่ง","2568","25.5855","22.4757","87.845000"
"1864","75000","องค์กรปกครองส่วนท้องถิ่น","754QD","เทศบาลตำบลท้ายดง","2568","18.7248","18.7248","100.000000"
"1865","75000","องค์กรปกครองส่วนท้องถิ่น","754QK","เทศบาลตำบลแคมป์สน","2568","26.0997","26.0997","100.000000"
"1866","75000","องค์กรปกครองส่วนท้องถิ่น","754QP","องค์การบริหารส่วนจังหวัดแพร่","2568","410.6758","395.8845","96.398000"
"1867","75000","องค์กรปกครองส่วนท้องถิ่น","754QQ","เทศบาลเมืองแพร่","2568","260.5959","246.9459","94.762000"
"1868","75000","องค์กรปกครองส่วนท้องถิ่น","754QS","เทศบาลตำบลช่อแฮ","2568","54.7163","46.9383","85.785000"
"1869","75000","องค์กรปกครองส่วนท้องถิ่น","754QU","เทศบาลตำบลทุ่งโฮ้ง","2568","35.1952","32.8902","93.451000"
"1870","75000","องค์กรปกครองส่วนท้องถิ่น","754QX","เทศบาลตำบลแม่หล่าย","2568","22.6067","22.6067","100.000000"
"1871","75000","องค์กรปกครองส่วนท้องถิ่น","754QZ","เทศบาลตำบลป่าแมต","2568","52.4438","46.5188","88.702000"
"1872","75000","องค์กรปกครองส่วนท้องถิ่น","754R0","เทศบาลตำบลบ้านถิ่น","2568","30.28","30.2587","99.930000"
"1873","75000","องค์กรปกครองส่วนท้องถิ่น","754R1","เทศบาลตำบลสวนเขื่อน","2568","31.5426","26.0771","82.673000"
"1874","75000","องค์กรปกครองส่วนท้องถิ่น","754R2","เทศบาลตำบลวังหงส์","2568","24.5107","23.1402","94.409000"
"1875","75000","องค์กรปกครองส่วนท้องถิ่น","754R3","เทศบาลตำบลแม่คำมี","2568","39.2159","34.724362","88.547000"
"1876","75000","องค์กรปกครองส่วนท้องถิ่น","754R4","เทศบาลตำบลทุ่งกวาว","2568","23.9598","19.57209017","81.687000"
"1877","75000","องค์กรปกครองส่วนท้องถิ่น","754R9","เทศบาลตำบลร้องกวาง","2568","60.7237","60.2987","99.300000"
"1878","75000","องค์กรปกครองส่วนท้องถิ่น","754RC","เทศบาลตำบลบ้านเวียง","2568","40.1415","37.6015","93.672000"
"1879","75000","องค์กรปกครองส่วนท้องถิ่น","754RK","เทศบาลตำบลห้วยอ้อ","2568","38.8072","36.217501","93.327000"
"1880","75000","องค์กรปกครองส่วนท้องถิ่น","754RL","เทศบาลตำบลแม่ลานนา","2568","37.2255","36.9115","99.156000"
"1881","75000","องค์กรปกครองส่วนท้องถิ่น","754RM","เทศบาลตำบลบ้านปิน","2568","15.9438","15.9438","100.000000"
"1882","75000","องค์กรปกครองส่วนท้องถิ่น","754RQ","เทศบาลตำบลเวียงต้า","2568","55.3191","55.3191","100.000000"
"1883","75000","องค์กรปกครองส่วนท้องถิ่น","754RR","เทศบาลตำบลปากกาง","2568","20.8047","20.8047","100.000000"
"1884","75000","องค์กรปกครองส่วนท้องถิ่น","754RV","เทศบาลตำบลแม่ปาน","2568","19.1888","19.1888","100.000000"
"1885","75000","องค์กรปกครองส่วนท้องถิ่น","754RW","เทศบาลตำบลสูงเม่น","2568","22.1383","22.1333","99.977000"
"1886","75000","องค์กรปกครองส่วนท้องถิ่น","754S9","เทศบาลตำบลเด่นชัย","2568","68.7389","68.7389","100.000000"
"1887","75000","องค์กรปกครองส่วนท้องถิ่น","754SB","เทศบาลตำบลแม่จั๊วะ","2568","25.3814","25.3814","100.000000"
"1888","75000","องค์กรปกครองส่วนท้องถิ่น","754SF","เทศบาลตำบลปงป่าหวาย","2568","30.1584","30.1584","100.000000"
"1889","75000","องค์กรปกครองส่วนท้องถิ่น","754SH","เทศบาลตำบลสอง","2568","35.1595","35.1595","100.000000"
"1890","75000","องค์กรปกครองส่วนท้องถิ่น","754SK","เทศบาลตำบลห้วยหม้าย","2568","42.8284","42.8214","99.984000"
"1891","75000","องค์กรปกครองส่วนท้องถิ่น","754SR","เทศบาลตำบลวังชิ้น","2568","24.8912","24.8912","100.000000"
"1892","75000","องค์กรปกครองส่วนท้องถิ่น","754T0","เทศบาลตำบลหนองม่วงไข่","2568","32.0782","32.0782","100.000000"
"1893","75000","องค์กรปกครองส่วนท้องถิ่น","754T5","องค์การบริหารส่วนจังหวัดภูเก็ต","2568","297.5705","271.47015552","91.229000"
"1894","75000","องค์กรปกครองส่วนท้องถิ่น","754T6","เทศบาลนครภูเก็ต","2568","576.0649","569.659255","98.888000"
"1895","75000","องค์กรปกครองส่วนท้องถิ่น","754T8","เทศบาลตำบลรัษฎา","2568","122.9152","122.9152","100.000000"
"1896","75000","องค์กรปกครองส่วนท้องถิ่น","754T9","เทศบาลตำบลวิชิต","2568","129.2058","129.2058","100.000000"
"1897","75000","องค์กรปกครองส่วนท้องถิ่น","754TA","เทศบาลตำบลฉลอง","2568","46.5067","46.5067","100.000000"
"1898","75000","องค์กรปกครองส่วนท้องถิ่น","754TB","เทศบาลตำบลราไวย์","2568","64.4399","64.4399","100.000000"
"1899","75000","องค์กรปกครองส่วนท้องถิ่น","754TC","เทศบาลตำบลกะรน","2568","24.3651","24.3651","100.000000"
"1900","75000","องค์กรปกครองส่วนท้องถิ่น","754TD","เทศบาลเมืองกะทู้","2568","123.2223","123.2223","100.000000"
"1901","75000","องค์กรปกครองส่วนท้องถิ่น","754TE","เทศบาลเมืองป่าตอง","2568","283.803","280.923","98.985000"
"1902","75000","องค์กรปกครองส่วนท้องถิ่น","754TG","เทศบาลตำบลเทพกระษัตรี","2568","36.2877","36.2877","100.000000"
"1903","75000","องค์กรปกครองส่วนท้องถิ่น","754TJ","เทศบาลตำบลศรีสุนทร","2568","70.4448","70.428078","99.976000"
"1904","75000","องค์กรปกครองส่วนท้องถิ่น","754TK","เทศบาลตำบลเชิงทะเล","2568","63.5603","63.5603","100.000000"
"1905","75000","องค์กรปกครองส่วนท้องถิ่น","754TM","เทศบาลตำบลป่าคลอก","2568","52.6072","52.6072","100.000000"
"1906","75000","องค์กรปกครองส่วนท้องถิ่น","754TQ","องค์การบริหารส่วนจังหวัดมหาสารคาม","2568","970.0814","970.0775","100.000000"
"1907","75000","องค์กรปกครองส่วนท้องถิ่น","754TR","เทศบาลเมืองมหาสารคาม","2568","356.7477","335.9084","94.159000"
"1908","75000","องค์กรปกครองส่วนท้องถิ่น","754TU","เทศบาลตำบลแวงน่าง","2568","22.5563","20.0563","88.917000"
"1909","75000","องค์กรปกครองส่วนท้องถิ่น","754U6","เทศบาลตำบลแกดำ","2568","29.2766","29.2686","99.973000"
"1910","75000","องค์กรปกครองส่วนท้องถิ่น","754U9","เทศบาลตำบลมิตรภาพ","2568","39.1799","34.3749","87.736000"
"1911","75000","องค์กรปกครองส่วนท้องถิ่น","754UC","เทศบาลตำบลโกสุมพิสัย","2568","44.9043","40.860835","90.995000"
"1912","75000","องค์กรปกครองส่วนท้องถิ่น","754UW","เทศบาลตำบลโคกพระ","2568","26.5257","23.9627","90.338000"
"1913","75000","องค์กรปกครองส่วนท้องถิ่น","754V0","เทศบาลตำบลท่าขอนยาง","2568","41.4828","36.3178","87.549000"
"1914","75000","องค์กรปกครองส่วนท้องถิ่น","754V2","เทศบาลตำบลขามเรียง","2568","47.1377","45.76430552","97.086000"
"1915","75000","องค์กรปกครองส่วนท้องถิ่น","754V7","เทศบาลตำบลเชียงยืน","2568","28.8773","23.9783","83.035000"
"1916","75000","องค์กรปกครองส่วนท้องถิ่น","754VE","เทศบาลตำบลโพนทอง","2568","28.2162","27.520225","97.533000"
"1917","75000","องค์กรปกครองส่วนท้องถิ่น","754VG","เทศบาลตำบลบรบือ","2568","37.5047","37.3217","99.512000"
"1918","75000","องค์กรปกครองส่วนท้องถิ่น","754VY","เทศบาลตำบลนาเชือก","2568","46.1758","46.1685","99.984000"
"1919","75000","องค์กรปกครองส่วนท้องถิ่น","754W9","เทศบาลตำบลพยัคฆภูมิพิสัย","2568","54.7305","48.8515","89.258000"
"1920","75000","องค์กรปกครองส่วนท้องถิ่น","754WQ","เทศบาลตำบลวาปีปทุม","2568","35.0589","35.0589","100.000000"
"1921","75000","องค์กรปกครองส่วนท้องถิ่น","754X6","เทศบาลตำบลนาดูน","2568","38.7554","38.7549","99.999000"
"1922","75000","องค์กรปกครองส่วนท้องถิ่น","754X7","เทศบาลตำบลหนองไผ่","2568","25.2249","23.3189","92.444000"
"1923","75000","องค์กรปกครองส่วนท้องถิ่น","754XB","เทศบาลตำบลหัวดง","2568","28.6611","28.660088","99.996000"
"1924","75000","องค์กรปกครองส่วนท้องถิ่น","754XU","เทศบาลตำบลกุดปลาดุก","2568","29.921","29.921","100.000000"
"1925","75000","องค์กรปกครองส่วนท้องถิ่น","754XW","เทศบาลตำบลหนองกุง","2568","24.3788","24.3788","100.000000"
"1926","75000","องค์กรปกครองส่วนท้องถิ่น","754XX","องค์การบริหารส่วนจังหวัดมุกดาหาร","2568","358.6158","358.3884","99.937000"
"1927","75000","องค์กรปกครองส่วนท้องถิ่น","754XY","เทศบาลเมืองมุกดาหาร","2568","180.2357","170.5491","94.626000"
"1928","75000","องค์กรปกครองส่วนท้องถิ่น","754XZ","เทศบาลตำบลมุก","2568","38.5735","38.5735","100.000000"
"1929","75000","องค์กรปกครองส่วนท้องถิ่น","754Y1","เทศบาลตำบลบางทรายใหญ่","2568","36.7021","36.7021","100.000000"
"1930","75000","องค์กรปกครองส่วนท้องถิ่น","754Y2","เทศบาลตำบลโพนทราย","2568","43.3857","43.3857","100.000000"
"1931","75000","องค์กรปกครองส่วนท้องถิ่น","754Y3","เทศบาลตำบลผึ่งแดด","2568","33.8735","27.0135","79.748000"
"1932","75000","องค์กรปกครองส่วนท้องถิ่น","754Y4","เทศบาลตำบลนาโสก","2568","49.5292","46.59205875","94.070000"
"1933","75000","องค์กรปกครองส่วนท้องถิ่น","754Y5","เทศบาลตำบลนาสีนวน","2568","51.3883","51.3883","100.000000"
"1934","75000","องค์กรปกครองส่วนท้องถิ่น","754Y6","เทศบาลตำบลคำป่าหลาย","2568","58.6056","57.1916","97.587000"
"1935","75000","องค์กรปกครองส่วนท้องถิ่น","754Y7","เทศบาลตำบลคำอาฮวน","2568","56.7856","56.7856","100.000000"
"1936","75000","องค์กรปกครองส่วนท้องถิ่น","754Y8","เทศบาลตำบลดงเย็น","2568","58.0165","58.0165","100.000000"
"1937","75000","องค์กรปกครองส่วนท้องถิ่น","754Y9","เทศบาลตำบลดงมอน","2568","27.8208","27.8208","100.000000"
"1938","75000","องค์กรปกครองส่วนท้องถิ่น","754YB","เทศบาลตำบลนิคมคำสร้อย","2568","38.0064","35.97878036","94.665000"
"1939","75000","องค์กรปกครองส่วนท้องถิ่น","754YJ","เทศบาลตำบลร่มเกล้า","2568","25.853","25.85","99.988000"
"1940","75000","องค์กรปกครองส่วนท้องถิ่น","754YK","เทศบาลตำบลดอนตาล","2568","20.6032","16.8162","81.619000"
"1941","75000","องค์กรปกครองส่วนท้องถิ่น","754YL","เทศบาลตำบลดอนตาลผาสุก","2568","19.6533","19.1193","97.283000"
"1942","75000","องค์กรปกครองส่วนท้องถิ่น","754YS","เทศบาลตำบลบ้านแก้ง","2568","27.9966","27.9966","100.000000"
"1943","75000","องค์กรปกครองส่วนท้องถิ่น","754YT","เทศบาลตำบลดงหลวง","2568","42.9261","42.9261","100.000000"
"1944","75000","องค์กรปกครองส่วนท้องถิ่น","754YV","เทศบาลตำบลกกตูม","2568","52.8547","42.8267","81.027000"
"1945","75000","องค์กรปกครองส่วนท้องถิ่น","754YW","เทศบาลตำบลหนองแคน","2568","29.7539","28.4939","95.765000"
"1946","75000","องค์กรปกครองส่วนท้องถิ่น","754Z0","เทศบาลตำบลคำชะอี","2568","28.4743","28.1013","98.690000"
"1947","75000","องค์กรปกครองส่วนท้องถิ่น","754Z9","เทศบาลตำบลหว้านใหญ่","2568","25.7686","25.0851597","97.348000"
"1948","75000","องค์กรปกครองส่วนท้องถิ่น","754ZC","เทศบาลตำบลชะโนด","2568","20.2134","17.6244","87.192000"
"1949","75000","องค์กรปกครองส่วนท้องถิ่น","754ZE","เทศบาลตำบลภูวง","2568","23.4588","21.7906","92.889000"
"1950","75000","องค์กรปกครองส่วนท้องถิ่น","754ZF","เทศบาลตำบลบ้านเป้า","2568","24.0079","22.4824","93.646000"
"1951","75000","องค์กรปกครองส่วนท้องถิ่น","754ZH","เทศบาลตำบลหนองสูงเหนือ","2568","28.5235","28.5235","100.000000"
"1952","75000","องค์กรปกครองส่วนท้องถิ่น","754ZJ","องค์การบริหารส่วนจังหวัดแม่ฮ่องสอน","2568","174.1327","173.6362","99.715000"
"1953","75000","องค์กรปกครองส่วนท้องถิ่น","754ZK","เทศบาลเมืองแม่ฮ่องสอน","2568","97.138","84.5133","87.003000"
"1954","75000","องค์กรปกครองส่วนท้องถิ่น","754ZS","เทศบาลตำบลขุนยวม","2568","31.1493","31.1493","100.000000"
"1955","75000","องค์กรปกครองส่วนท้องถิ่น","754ZZ","เทศบาลตำบลปาย","2568","16.4155","16.4155","100.000000"
"1956","75000","องค์กรปกครองส่วนท้องถิ่น","75508","เทศบาลตำบลเมืองยวมใต้","2568","39.0868","39.0868","100.000000"
"1957","75000","องค์กรปกครองส่วนท้องถิ่น","75509","เทศบาลตำบลแม่สะเรียง","2568","23.9438","23.9438","100.000000"
"1958","75000","องค์กรปกครองส่วนท้องถิ่น","7550C","เทศบาลตำบลแม่ยวม","2568","58.4595","57.6951","98.692000"
"1959","75000","องค์กรปกครองส่วนท้องถิ่น","7550F","เทศบาลตำบลแม่ลาน้อย","2568","58.4149","57.42177966","98.300000"
"1960","75000","องค์กรปกครองส่วนท้องถิ่น","75510","องค์การบริหารส่วนจังหวัดยโสธร","2568","283.3052","283.3052","100.000000"
"1961","75000","องค์กรปกครองส่วนท้องถิ่น","75511","เทศบาลเมืองยโสธร","2568","252.1708","249.6708","99.009000"
"1962","75000","องค์กรปกครองส่วนท้องถิ่น","75512","เทศบาลตำบลน้ำคำใหญ่","2568","32.9757","30.2097","91.612000"
"1963","75000","องค์กรปกครองส่วนท้องถิ่น","75513","เทศบาลตำบลตาดทอง","2568","37.1746","35.6256","95.833000"
"1964","75000","องค์กรปกครองส่วนท้องถิ่น","75514","เทศบาลตำบลสำราญ","2568","40.2994","31.9269","79.224000"
"1965","75000","องค์กรปกครองส่วนท้องถิ่น","75517","เทศบาลตำบลเดิด","2568","46.8269","46.8269","100.000000"
"1966","75000","องค์กรปกครองส่วนท้องถิ่น","75519","เทศบาลตำบลทุ่งแต้","2568","31.7536","31.7536","100.000000"
"1967","75000","องค์กรปกครองส่วนท้องถิ่น","7551K","เทศบาลตำบลทรายมูล","2568","60.8292","60.8292","100.000000"
"1968","75000","องค์กรปกครองส่วนท้องถิ่น","7551P","เทศบาลตำบลนาเวียง","2568","43.6477","39.6087","90.746000"
"1969","75000","องค์กรปกครองส่วนท้องถิ่น","7551R","เทศบาลตำบลกุดชุมพัฒนา","2568","41.8869","41.7749","99.733000"
"1970","75000","องค์กรปกครองส่วนท้องถิ่น","75521","เทศบาลตำบลคำเขื่อนแก้ว","2568","32.5188","28.2128","86.758000"
"1971","75000","องค์กรปกครองส่วนท้องถิ่น","75528","เทศบาลตำบลดงแคนใหญ่","2568","35.4568","29.9297","84.412000"
"1972","75000","องค์กรปกครองส่วนท้องถิ่น","7552F","เทศบาลตำบลป่าติ้ว","2568","23.6645","23.38523","98.820000"
"1973","75000","องค์กรปกครองส่วนท้องถิ่น","7552M","เทศบาลตำบลฟ้าหยาด","2568","30.0431","28.4411","94.668000"
"1974","75000","องค์กรปกครองส่วนท้องถิ่น","75531","เทศบาลตำบลค้อวัง","2568","39.1713","39.1713","100.000000"
"1975","75000","องค์กรปกครองส่วนท้องถิ่น","75533","เทศบาลตำบลบุ่งค้า","2568","63.7623","59.4313","93.208000"
"1976","75000","องค์กรปกครองส่วนท้องถิ่น","75534","เทศบาลตำบลสวาท","2568","67.3745","67.3745","100.000000"
"1977","75000","องค์กรปกครองส่วนท้องถิ่น","75535","เทศบาลตำบลเลิงนกทา","2568","63.4278","53.4579","84.281000"
"1978","75000","องค์กรปกครองส่วนท้องถิ่น","75536","เทศบาลตำบลห้องแซง","2568","68.7263","68.7263","100.000000"
"1979","75000","องค์กรปกครองส่วนท้องถิ่น","75537","เทศบาลตำบลสามัคคี","2568","49.4421","49.4421","100.000000"
"1980","75000","องค์กรปกครองส่วนท้องถิ่น","75538","เทศบาลตำบลกุดเชียงหมี","2568","43.1856","42.4816","98.370000"
"1981","75000","องค์กรปกครองส่วนท้องถิ่น","75539","เทศบาลตำบลสามแยก","2568","28.7111","28.4511","99.094000"
"1982","75000","องค์กรปกครองส่วนท้องถิ่น","7553B","เทศบาลตำบลกุดแห่","2568","61.3004","61.3004","100.000000"
"1983","75000","องค์กรปกครองส่วนท้องถิ่น","7553E","เทศบาลตำบลศรีแก้ว","2568","33.475","33.475","100.000000"
"1984","75000","องค์กรปกครองส่วนท้องถิ่น","7553J","เทศบาลตำบลคำเตย","2568","60.3859","53.8999","89.259000"
"1985","75000","องค์กรปกครองส่วนท้องถิ่น","7553L","องค์การบริหารส่วนจังหวัดยะลา","2568","283.1041","283.1014","99.999000"
"1986","75000","องค์กรปกครองส่วนท้องถิ่น","7553M","เทศบาลนครยะลา","2568","541.8173","518.3122","95.662000"
"1987","75000","องค์กรปกครองส่วนท้องถิ่น","7553N","เทศบาลตำบลบุดี","2568","43.6286","43.6286","100.000000"
"1988","75000","องค์กรปกครองส่วนท้องถิ่น","7553P","เทศบาลตำบลยุโป","2568","25.2462","25.2462","100.000000"
"1989","75000","องค์กรปกครองส่วนท้องถิ่น","7553S","เทศบาลตำบลท่าสาป","2568","34.5671","34.5671","100.000000"
"1990","75000","องค์กรปกครองส่วนท้องถิ่น","7553T","เทศบาลตำบลลำใหม่","2568","23.8071","23.8071","100.000000"
"1991","75000","องค์กรปกครองส่วนท้องถิ่น","75540","เทศบาลเมืองสะเตงนอก","2568","137.3841","119.8671","87.250000"
"1992","75000","องค์กรปกครองส่วนท้องถิ่น","75542","เทศบาลเมืองเบตง","2568","227.6575","195.4613","85.858000"
"1993","75000","องค์กรปกครองส่วนท้องถิ่น","75546","เทศบาลตำบลธารน้ำทิพย์","2568","24.7649","24.7649","100.000000"
"1994","75000","องค์กรปกครองส่วนท้องถิ่น","75547","เทศบาลตำบลบันนังสตา","2568","17.5889","17.5889","100.000000"
"1995","75000","องค์กรปกครองส่วนท้องถิ่น","7554D","เทศบาลตำบลเขื่อนบางลาง","2568","35.3382","35.3382","100.000000"
"1996","75000","องค์กรปกครองส่วนท้องถิ่น","7554G","เทศบาลตำบลคอกช้าง","2568","14.6308","14.6308","100.000000"
"1997","75000","องค์กรปกครองส่วนท้องถิ่น","7554K","เทศบาลตำบลยะหา","2568","29.6709","28.7389","96.859000"
"1998","75000","องค์กรปกครองส่วนท้องถิ่น","7554N","เทศบาลตำบลปะแต","2568","58.1769","58.1769","100.000000"
"1999","75000","องค์กรปกครองส่วนท้องถิ่น","7554T","เทศบาลตำบลเมืองรามันห์","2568","32.2038","29.472","91.517000"
"2000","75000","องค์กรปกครองส่วนท้องถิ่น","7554Y","เทศบาลตำบลโกตาบารู","2568","28.4484","28.4484","100.000000"
"2001","75000","องค์กรปกครองส่วนท้องถิ่น","75553","เทศบาลตำบลบาลอ","2568","38.6022","38.5937","99.978000"
"2002","75000","องค์กรปกครองส่วนท้องถิ่น","7555G","องค์การบริหารส่วนจังหวัดร้อยเอ็ด","2568","851.7293","815.9126","95.795000"
"2003","75000","องค์กรปกครองส่วนท้องถิ่น","7555H","เทศบาลเมืองร้อยเอ็ด","2568","453.4409","436.0329","96.161000"
"2004","75000","องค์กรปกครองส่วนท้องถิ่น","7555P","เทศบาลตำบลสีแก้ว","2568","55.7053","54.5533","97.932000"
"2005","75000","องค์กรปกครองส่วนท้องถิ่น","7555Q","เทศบาลตำบลปอภาร","2568","36.7913","35.0653","95.309000"
"2006","75000","องค์กรปกครองส่วนท้องถิ่น","7555W","เทศบาลตำบลโนนตาล","2568","28.2687","27.8387","98.479000"
"2007","75000","องค์กรปกครองส่วนท้องถิ่น","7555Y","เทศบาลตำบลเกษตรวิสัย","2568","64.6573","64.6573","100.000000"
"2008","75000","องค์กรปกครองส่วนท้องถิ่น","75560","เทศบาลตำบลเมืองบัว","2568","70.2788","62.8133","89.377000"
"2009","75000","องค์กรปกครองส่วนท้องถิ่น","75567","เทศบาลตำบลกู่กาสิงห์","2568","36.5642","25.9262","70.906000"
"2010","75000","องค์กรปกครองส่วนท้องถิ่น","7556D","เทศบาลตำบลปทุมรัตต์","2568","38.2394","36.9479","96.623000"
"2011","75000","องค์กรปกครองส่วนท้องถิ่น","7556H","เทศบาลตำบลโพนสูง","2568","32.8629","31.5008","95.855000"
"2012","75000","องค์กรปกครองส่วนท้องถิ่น","7556J","เทศบาลตำบลโนนสวรรค์","2568","39.9368","38.3138","95.936000"
"2013","75000","องค์กรปกครองส่วนท้องถิ่น","7556N","เทศบาลตำบลจตุรพักตรพิมาน","2568","32.7027","32.7027","100.000000"
"2014","75000","องค์กรปกครองส่วนท้องถิ่น","7556P","เทศบาลตำบลหัวช้าง","2568","52.5202","34.2505","65.214000"
"2015","75000","องค์กรปกครองส่วนท้องถิ่น","7556Q","เทศบาลตำบลหนองผือ","2568","48.5214","48.5214","100.000000"
"2016","75000","องค์กรปกครองส่วนท้องถิ่น","7556R","เทศบาลตำบลเมืองหงส์","2568","47.0658","47.0658","100.000000"
"2017","75000","องค์กรปกครองส่วนท้องถิ่น","7556S","เทศบาลตำบลโคกล่าม","2568","41.4234","41.4216","99.996000"
"2018","75000","องค์กรปกครองส่วนท้องถิ่น","7556U","เทศบาลตำบลดงแดง","2568","52.4968","52.4968","100.000000"
"2019","75000","องค์กรปกครองส่วนท้องถิ่น","7556Y","เทศบาลตำบลลิ้นฟ้า","2568","33.6355","33.6355","100.000000"
"2020","75000","องค์กรปกครองส่วนท้องถิ่น","75571","เทศบาลตำบลนิเวศน์","2568","51.5411","51.5411","100.000000"
"2021","75000","องค์กรปกครองส่วนท้องถิ่น","75572","เทศบาลตำบลบ้านนิเวศน์","2568","31.4861","21.60885","68.630000"
"2022","75000","องค์กรปกครองส่วนท้องถิ่น","75573","เทศบาลตำบลธงธานี","2568","39.5694","39.5694","100.000000"
"2023","75000","องค์กรปกครองส่วนท้องถิ่น","75576","เทศบาลตำบลอุ่มเม้า","2568","50.3984","50.3984","100.000000"
"2024","75000","องค์กรปกครองส่วนท้องถิ่น","75577","เทศบาลตำบลมะอึ","2568","51.018","33.609112","65.877000"
"2025","75000","องค์กรปกครองส่วนท้องถิ่น","7557E","เทศบาลตำบลพนมไพร","2568","31.3103","31.3028","99.976000"
"2026","75000","องค์กรปกครองส่วนท้องถิ่น","7557N","เทศบาลตำบลโพธิ์ชัย","2568","36.8142","36.8142","100.000000"
"2027","75000","องค์กรปกครองส่วนท้องถิ่น","7557U","เทศบาลตำบลแวง","2568","16.7142","16.7142","100.000000"
"2028","75000","องค์กรปกครองส่วนท้องถิ่น","7557V","เทศบาลตำบลโคกกกม่วง","2568","51.4601","41.9682","81.555000"
"2029","75000","องค์กรปกครองส่วนท้องถิ่น","7557Z","เทศบาลตำบลโพธิ์ทอง","2568","61.4806","61.4806","100.000000"
"2030","75000","องค์กรปกครองส่วนท้องถิ่น","75580","เทศบาลตำบลโนนชัยศรี","2568","54.4242","54.4242","100.000000"
"2031","75000","องค์กรปกครองส่วนท้องถิ่น","75585","เทศบาลตำบลโพนทอง","2568","49.7478","45.9598","92.386000"
"2032","75000","องค์กรปกครองส่วนท้องถิ่น","75588","เทศบาลตำบลโคกสูง","2568","48.891","48.891","100.000000"
"2033","75000","องค์กรปกครองส่วนท้องถิ่น","75589","เทศบาลตำบลชัยวารี","2568","31.0555","30.3305","97.665000"
"2034","75000","องค์กรปกครองส่วนท้องถิ่น","7558B","เทศบาลตำบลเชียงใหม่","2568","45.6469","42.2169","92.486000"
"2035","75000","องค์กรปกครองส่วนท้องถิ่น","7558D","เทศบาลตำบลอัคคะคำ","2568","40.6871","30.7057","75.468000"
"2036","75000","องค์กรปกครองส่วนท้องถิ่น","7558F","เทศบาลตำบลคำพอุง","2568","43.196","43.196","100.000000"
"2037","75000","องค์กรปกครองส่วนท้องถิ่น","7558K","เทศบาลตำบลหนองพอก","2568","42.1931","42.1931","100.000000"
"2038","75000","องค์กรปกครองส่วนท้องถิ่น","7558U","เทศบาลตำบลท่าสีดา","2568","30.2089","25.2104","83.454000"
"2039","75000","องค์กรปกครองส่วนท้องถิ่น","7558V","เทศบาลตำบลเสลภูมิ","2568","54.7077","54.7077","100.000000"
"2040","75000","องค์กรปกครองส่วนท้องถิ่น","7558X","เทศบาลตำบลเมืองไพร","2568","34.984","34.984","100.000000"
"2041","75000","องค์กรปกครองส่วนท้องถิ่น","7558Y","เทศบาลตำบลนาแซง","2568","34.6753","33.1764","95.677000"
"2042","75000","องค์กรปกครองส่วนท้องถิ่น","7558Z","เทศบาลตำบลนาเมือง","2568","49.3325","49.3325","100.000000"
"2043","75000","องค์กรปกครองส่วนท้องถิ่น","75590","เทศบาลตำบลวังหลวง","2568","29.4858","23.486","79.652000"
"2044","75000","องค์กรปกครองส่วนท้องถิ่น","75591","เทศบาลตำบลท่าม่วง","2568","27.1221","27.117045","99.981000"
"2045","75000","องค์กรปกครองส่วนท้องถิ่น","75592","เทศบาลตำบลขวาว","2568","43.5204","43.5204","100.000000"
"2046","75000","องค์กรปกครองส่วนท้องถิ่น","75595","เทศบาลตำบลเกาะแก้ว","2568","42.2824","40.3824","95.506000"
"2047","75000","องค์กรปกครองส่วนท้องถิ่น","75599","เทศบาลตำบลหนองหลวง","2568","19.8716","14.1056","70.984000"
"2048","75000","องค์กรปกครองส่วนท้องถิ่น","7559A","เทศบาลตำบลพรสวรรค์","2568","28.1011","28.1011","100.000000"
"2049","75000","องค์กรปกครองส่วนท้องถิ่น","7559C","เทศบาลตำบลสุวรรณภูมิ","2568","53.4669","43.589124","81.525000"
"2050","75000","องค์กรปกครองส่วนท้องถิ่น","7559E","เทศบาลตำบลดอกไม้","2568","32.4989","31.8027","97.858000"
"2051","75000","องค์กรปกครองส่วนท้องถิ่น","7559G","เทศบาลตำบลหินกอง","2568","47.6198","46.15333301","96.920000"
"2052","75000","องค์กรปกครองส่วนท้องถิ่น","7559L","เทศบาลตำบลทุ่งหลวง","2568","59.5319","59.5319","100.000000"
"2053","75000","องค์กรปกครองส่วนท้องถิ่น","7559R","เทศบาลตำบลทุ่งกุลา","2568","60.0403","59.5165","99.128000"
"2054","75000","องค์กรปกครองส่วนท้องถิ่น","7559T","เทศบาลตำบลจำปาขัน","2568","32.4562","32.4495","99.979000"
"2055","75000","องค์กรปกครองส่วนท้องถิ่น","7559U","เทศบาลตำบลเมืองสรวง","2568","56.7287","37.1167","65.428000"
"2056","75000","องค์กรปกครองส่วนท้องถิ่น","7559V","เทศบาลตำบลหนองหิน","2568","27.5966","27.5776","99.931000"
"2057","75000","องค์กรปกครองส่วนท้องถิ่น","7559W","เทศบาลตำบลคูเมือง","2568","28.1164","27.4164","97.510000"
"2058","75000","องค์กรปกครองส่วนท้องถิ่น","7559X","เทศบาลตำบลกกกุง","2568","25.8468","21.5875","83.521000"
"2059","75000","องค์กรปกครองส่วนท้องถิ่น","7559Y","เทศบาลตำบลโพนทราย","2568","57.1447","47.865812","83.762000"
"2060","75000","องค์กรปกครองส่วนท้องถิ่น","7559Z","เทศบาลตำบลสามขา","2568","47.8666","47.8666","100.000000"
"2061","75000","องค์กรปกครองส่วนท้องถิ่น","755A3","เทศบาลตำบลอาจสามารถ","2568","29.8784","29.8784","100.000000"
"2062","75000","องค์กรปกครองส่วนท้องถิ่น","755A5","เทศบาลตำบลโพนเมือง","2568","45.8688","45.8688","100.000000"
"2063","75000","องค์กรปกครองส่วนท้องถิ่น","755AE","เทศบาลตำบลเมยวดี","2568","30.403","29.828","98.109000"
"2064","75000","องค์กรปกครองส่วนท้องถิ่น","755AF","เทศบาลตำบลชุมพร","2568","43.3664","37.43311259","86.318000"
"2065","75000","องค์กรปกครองส่วนท้องถิ่น","755AG","เทศบาลตำบลบุ่งเลิศ","2568","28.7444","28.4979","99.142000"
"2066","75000","องค์กรปกครองส่วนท้องถิ่น","755AH","เทศบาลตำบลชมสะอาด","2568","34.9667","33.8554","96.822000"
"2067","75000","องค์กรปกครองส่วนท้องถิ่น","755AJ","เทศบาลตำบลโพธิ์ทอง","2568","21.8056","21.8056","100.000000"
"2068","75000","องค์กรปกครองส่วนท้องถิ่น","755AK","เทศบาลตำบลศรีสมเด็จ","2568","34.4071","34.4071","100.000000"
"2069","75000","องค์กรปกครองส่วนท้องถิ่น","755AR","เทศบาลตำบลบ้านบาก","2568","30.2883","16.989212","56.092000"
"2070","75000","องค์กรปกครองส่วนท้องถิ่น","755AS","เทศบาลตำบลดินดำ","2568","47.6093","47.6025","99.986000"
"2071","75000","องค์กรปกครองส่วนท้องถิ่น","755AV","เทศบาลตำบลจังหาร","2568","34.7382","29.3072","84.366000"
"2072","75000","องค์กรปกครองส่วนท้องถิ่น","755AW","เทศบาลตำบลดงสิงห์","2568","49.0438","49.0438","100.000000"
"2073","75000","องค์กรปกครองส่วนท้องถิ่น","755AY","เทศบาลตำบลผักแว่น","2568","44.227","41.8264","94.572000"
"2074","75000","องค์กรปกครองส่วนท้องถิ่น","755B0","เทศบาลตำบลเชียงขวัญ","2568","28.9818","24.8378","85.701000"
"2075","75000","องค์กรปกครองส่วนท้องถิ่น","755B6","เทศบาลตำบลหนองฮี","2568","39.324","39.324","100.000000"
"2076","75000","องค์กรปกครองส่วนท้องถิ่น","755BF","เทศบาลเมืองระนอง","2568","159.5168","159.3533176","99.898000"
"2077","75000","องค์กรปกครองส่วนท้องถิ่น","755BG","เทศบาลตำบลราชกรูด","2568","32.3956","32.3956","100.000000"
"2078","75000","องค์กรปกครองส่วนท้องถิ่น","755BH","เทศบาลตำบลหงาว","2568","17.4373","17.4373","100.000000"
"2079","75000","องค์กรปกครองส่วนท้องถิ่น","755BK","องค์การบริหารส่วนจังหวัดระนอง","2568","105.3928","94.7147","89.868000"
"2080","75000","องค์กรปกครองส่วนท้องถิ่น","755BL","เทศบาลเมืองบางริ้น","2568","85.3838","77.8838","91.216000"
"2081","75000","องค์กรปกครองส่วนท้องถิ่น","755BM","เทศบาลตำบลปากน้ำ","2568","13.4275","13.4275","100.000000"
"2082","75000","องค์กรปกครองส่วนท้องถิ่น","755BN","เทศบาลตำบลปากน้ำท่าเรือ","2568","23.9191","23.9191","100.000000"
"2083","75000","องค์กรปกครองส่วนท้องถิ่น","755BP","เทศบาลตำบลบางนอน","2568","38.7787","38.7787","100.000000"
"2084","75000","องค์กรปกครองส่วนท้องถิ่น","755BT","เทศบาลตำบลละอุ่น","2568","16.3867","16.3867","100.000000"
"2085","75000","องค์กรปกครองส่วนท้องถิ่น","755BY","เทศบาลตำบลกะเปอร์","2568","15.3565","15.3565","100.000000"
"2086","75000","องค์กรปกครองส่วนท้องถิ่น","755C2","เทศบาลตำบลน้ำจืด","2568","21.2577","21.2577","100.000000"
"2087","75000","องค์กรปกครองส่วนท้องถิ่น","755C8","เทศบาลตำบล จ.ป.ร.","2568","61.7906","61.3206","99.239000"
"2088","75000","องค์กรปกครองส่วนท้องถิ่น","755CB","เทศบาลตำบลกำพวน","2568","36.8638","27.8167","75.458000"
"2089","75000","องค์กรปกครองส่วนท้องถิ่น","755CC","เทศบาลนครระยอง","2568","446.5127","429.3218","96.150000"
"2090","75000","องค์กรปกครองส่วนท้องถิ่น","755CD","เทศบาลตำบลเชิงเนิน","2568","116.2723","109.84331","94.471000"
"2091","75000","องค์กรปกครองส่วนท้องถิ่น","755CF","เทศบาลตำบลบ้านเพ","2568","78.4048","78.4048","100.000000"
"2092","75000","องค์กรปกครองส่วนท้องถิ่น","755CH","เทศบาลตำบลแกลงกะเฉด","2568","32.6743","32.6743","100.000000"
"2093","75000","องค์กรปกครองส่วนท้องถิ่น","755CM","องค์การบริหารส่วนจังหวัดระยอง","2568","450.9429","428.4949","95.022000"
"2094","75000","องค์กรปกครองส่วนท้องถิ่น","755CN","เทศบาลตำบลเนินพระ","2568","34.6781","34.6781","100.000000"
"2095","75000","องค์กรปกครองส่วนท้องถิ่น","755CQ","เทศบาลตำบลทับมา","2568","62.1639","57.722911","92.856000"
"2096","75000","องค์กรปกครองส่วนท้องถิ่น","755CR","เทศบาลตำบลน้ำคอก","2568","23.8209","23.8209","100.000000"
"2097","75000","องค์กรปกครองส่วนท้องถิ่น","755CS","เทศบาลเมืองมาบตาพุด","2568","465.9674","455.1674","97.682000"
"2098","75000","องค์กรปกครองส่วนท้องถิ่น","755CU","เทศบาลตำบลสำนักท้อน","2568","51.9311","51.9311","100.000000"
"2099","75000","องค์กรปกครองส่วนท้องถิ่น","755CW","เทศบาลตำบลพลา","2568","34.1339","34.1339","100.000000"
"2100","75000","องค์กรปกครองส่วนท้องถิ่น","755CX","เทศบาลเมืองบ้านฉาง","2568","104.4728","104.4728","100.000000"
"2101","75000","องค์กรปกครองส่วนท้องถิ่น","755CY","เทศบาลตำบลบ้านฉาง","2568","29.2802","29.2802","100.000000"
"2102","75000","องค์กรปกครองส่วนท้องถิ่น","755CZ","เทศบาลตำบลเมืองแกลง","2568","75.1162","75.1162","100.000000"
"2103","75000","องค์กรปกครองส่วนท้องถิ่น","755D3","เทศบาลตำบลเนินฆ้อ","2568","31.9501","31.0811","97.280000"
"2104","75000","องค์กรปกครองส่วนท้องถิ่น","755D4","เทศบาลตำบลสุนทรภู่","2568","50.9096","50.9096","100.000000"
"2105","75000","องค์กรปกครองส่วนท้องถิ่น","755D6","เทศบาลตำบลบ้านนา","2568","43.4348","42.5068","97.863000"
"2106","75000","องค์กรปกครองส่วนท้องถิ่น","755D7","เทศบาลตำบลทุ่งควายกิน","2568","38.6269","38.6269","100.000000"
"2107","75000","องค์กรปกครองส่วนท้องถิ่น","755D9","เทศบาลตำบลกองดิน","2568","20.5076","20.5076","100.000000"
"2108","75000","องค์กรปกครองส่วนท้องถิ่น","755DD","เทศบาลตำบลปากน้ำประแส","2568","28.5698","26.0098","91.039000"
"2109","75000","องค์กรปกครองส่วนท้องถิ่น","755DF","เทศบาลตำบลสองสลึง","2568","30.6613","30.6613","100.000000"
"2110","75000","องค์กรปกครองส่วนท้องถิ่น","755DK","เทศบาลตำบลชุมแสง","2568","20.5519","20.5519","100.000000"
"2111","75000","องค์กรปกครองส่วนท้องถิ่น","755DM","เทศบาลตำบลบ้านค่ายพัฒนา","2568","34.1336","34.1336","100.000000"
"2112","75000","องค์กรปกครองส่วนท้องถิ่น","755DN","เทศบาลตำบลบ้านค่าย","2568","25.9132","25.9132","100.000000"
"2113","75000","องค์กรปกครองส่วนท้องถิ่น","755DU","เทศบาลตำบลชากบก","2568","37.9842","37.9842","100.000000"
"2114","75000","องค์กรปกครองส่วนท้องถิ่น","755DV","เทศบาลตำบลบ้านปลวกแดง","2568","39.8963","39.8963","100.000000"
"2115","75000","องค์กรปกครองส่วนท้องถิ่น","755DX","เทศบาลตำบลจอมพลเจ้าพระยา","2568","23.7027","23.7027","100.000000"
"2116","75000","องค์กรปกครองส่วนท้องถิ่น","755E5","เทศบาลตำบลชำฆ้อ","2568","38.52","37.5224","97.410000"
"2117","75000","องค์กรปกครองส่วนท้องถิ่น","755E7","เทศบาลตำบลนิคมพัฒนา","2568","46.4184","46.4184","100.000000"
"2118","75000","องค์กรปกครองส่วนท้องถิ่น","755E9","เทศบาลตำบลมาบข่าพัฒนา","2568","46.9552","46.9552","100.000000"
"2119","75000","องค์กรปกครองส่วนท้องถิ่น","755EB","เทศบาลตำบลมะขามคู่","2568","68.4185","66.3185","96.931000"
"2120","75000","องค์กรปกครองส่วนท้องถิ่น","755EC","องค์การบริหารส่วนจังหวัดราชบุรี","2568","326.1014","309.4154","94.883000"
"2121","75000","องค์กรปกครองส่วนท้องถิ่น","755ED","เทศบาลเมืองราชบุรี","2568","386.3479","371.3989","96.131000"
"2122","75000","องค์กรปกครองส่วนท้องถิ่น","755EL","เทศบาลตำบลห้วยชินสีห์","2568","42.1722","42.1722","100.000000"
"2123","75000","องค์กรปกครองส่วนท้องถิ่น","755EM","เทศบาลตำบลหลักเมือง","2568","54.0037","54.0037","100.000000"
"2124","75000","องค์กรปกครองส่วนท้องถิ่น","755ES","เทศบาลตำบลหินกอง","2568","23.4176","23.4176","100.000000"
"2125","75000","องค์กรปกครองส่วนท้องถิ่น","755EU","เทศบาลตำบลเขางู","2568","41.1905","41.1905","100.000000"
"2126","75000","องค์กรปกครองส่วนท้องถิ่น","755EW","เทศบาลตำบลหลุมดิน","2568","31.2097","25.7177","82.403000"
"2127","75000","องค์กรปกครองส่วนท้องถิ่น","755F1","เทศบาลตำบลจอมบึง","2568","33.5031","33.5031","100.000000"
"2128","75000","องค์กรปกครองส่วนท้องถิ่น","755F2","เทศบาลเมืองจอมพล","2568","71.9616","60.8566","84.568000"
"2129","75000","องค์กรปกครองส่วนท้องถิ่น","755F5","เทศบาลตำบลด่านทับตะโก","2568","27.569","27.569","100.000000"
"2130","75000","องค์กรปกครองส่วนท้องถิ่น","755F9","เทศบาลตำบลสวนผึ้ง","2568","21.1928","21.1928","100.000000"
"2131","75000","องค์กรปกครองส่วนท้องถิ่น","755FB","เทศบาลตำบลบ้านชัฏป่าหวาย","2568","16.6362","16.6362","100.000000"
"2132","75000","องค์กรปกครองส่วนท้องถิ่น","755FF","เทศบาลตำบลดำเนินสะดวก","2568","27.9471","27.9471","100.000000"
"2133","75000","องค์กรปกครองส่วนท้องถิ่น","755FG","เทศบาลตำบลประสาทสิทธิ์","2568","26.9106","26.9106","100.000000"
"2134","75000","องค์กรปกครองส่วนท้องถิ่น","755FL","เทศบาลตำบลบัวงาม","2568","31.1934","31.1934","100.000000"
"2135","75000","องค์กรปกครองส่วนท้องถิ่น","755FM","เทศบาลตำบลบ้านไร่","2568","47.5846","47.5846","100.000000"
"2136","75000","องค์กรปกครองส่วนท้องถิ่น","755FS","เทศบาลตำบลศรีดอนไผ่","2568","48.137","48.137","100.000000"
"2137","75000","องค์กรปกครองส่วนท้องถิ่น","755FU","เทศบาลเมืองบ้านโป่ง","2568","186.0412","177.903105","95.626000"
"2138","75000","องค์กรปกครองส่วนท้องถิ่น","755FV","เทศบาลเมืองท่าผา","2568","93.4018","90.91028858","97.332000"
"2139","75000","องค์กรปกครองส่วนท้องถิ่น","755FW","เทศบาลตำบลกรับใหญ่","2568","61.0666","61.0666","100.000000"
"2140","75000","องค์กรปกครองส่วนท้องถิ่น","755FX","เทศบาลตำบลห้วยกระบอก","2568","17.6402","17.6402","100.000000"
"2141","75000","องค์กรปกครองส่วนท้องถิ่น","755G0","เทศบาลตำบลกระจับ","2568","38.6324","33.0324","85.504000"
"2142","75000","องค์กรปกครองส่วนท้องถิ่น","755G9","เทศบาลตำบลเบิกไพร","2568","57.4254","56.9334","99.143000"
"2143","75000","องค์กรปกครองส่วนท้องถิ่น","755GB","เทศบาลตำบลบางแพ","2568","72.3209","72.3209","100.000000"
"2144","75000","องค์กรปกครองส่วนท้องถิ่น","755GG","เทศบาลตำบลโพหัก","2568","45.5871","40.4871","88.813000"
"2145","75000","องค์กรปกครองส่วนท้องถิ่น","755GH","เทศบาลเมืองโพธาราม","2568","141.2319","131.6319","93.203000"
"2146","75000","องค์กรปกครองส่วนท้องถิ่น","755GK","เทศบาลตำบลหนองโพ","2568","19.2227","19.2227","100.000000"
"2147","75000","องค์กรปกครองส่วนท้องถิ่น","755GM","เทศบาลตำบลบ้านเลือก","2568","45.7785","45.6825","99.790000"
"2148","75000","องค์กรปกครองส่วนท้องถิ่น","755GN","เทศบาลตำบลคลองตาคต","2568","36.1879","36.1879","100.000000"
"2149","75000","องค์กรปกครองส่วนท้องถิ่น","755GP","เทศบาลตำบลบ้านฆ้อง","2568","34.7831","34.7831","100.000000"
"2150","75000","องค์กรปกครองส่วนท้องถิ่น","755GQ","เทศบาลตำบลบ้านสิงห์","2568","44.9721","44.9721","100.000000"
"2151","75000","องค์กรปกครองส่วนท้องถิ่น","755GR","เทศบาลตำบลดอนทราย","2568","29.2873","29.2873","100.000000"
"2152","75000","องค์กรปกครองส่วนท้องถิ่น","755GS","เทศบาลตำบลเจ็ดเสมียน","2568","25.2336","22.7361","90.102000"
"2153","75000","องค์กรปกครองส่วนท้องถิ่น","755GY","เทศบาลตำบลเขาขวาง","2568","29.068","29.068","100.000000"
"2154","75000","องค์กรปกครองส่วนท้องถิ่น","755H3","เทศบาลตำบลทุ่งหลวง","2568","66.8447","66.8447","100.000000"
"2155","75000","องค์กรปกครองส่วนท้องถิ่น","755H7","เทศบาลตำบลปากท่อ","2568","29.7288","18.5118","62.269000"
"2156","75000","องค์กรปกครองส่วนท้องถิ่น","755HH","เทศบาลตำบลวัดเพลง","2568","17.8755","17.8755","100.000000"
"2157","75000","องค์กรปกครองส่วนท้องถิ่น","755HN","องค์การบริหารส่วนจังหวัดลพบุรี","2568","158.7564","158.7564","100.000000"
"2158","75000","องค์กรปกครองส่วนท้องถิ่น","755HP","เทศบาลเมืองลพบุรี","2568","281.0819","281.0819","100.000000"
"2159","75000","องค์กรปกครองส่วนท้องถิ่น","755HR","เทศบาลตำบลกกโก","2568","36.0112","36.0112","100.000000"
"2160","75000","องค์กรปกครองส่วนท้องถิ่น","755HT","เทศบาลตำบลเขาพระงาม","2568","58.0455","58.0455","100.000000"
"2161","75000","องค์กรปกครองส่วนท้องถิ่น","755HU","เทศบาลเมืองเขาสามยอด","2568","110.5718","105.7478","95.637000"
"2162","75000","องค์กรปกครองส่วนท้องถิ่น","755HX","เทศบาลตำบลโคกตูม","2568","112.3322","109.2137","97.224000"
"2163","75000","องค์กรปกครองส่วนท้องถิ่น","755J2","เทศบาลตำบลท่าศาลา","2568","60.9048","60.9048","100.000000"
"2164","75000","องค์กรปกครองส่วนท้องถิ่น","755J6","เทศบาลตำบลป่าตาล","2568","40.1277","37.7957","94.189000"
"2165","75000","องค์กรปกครองส่วนท้องถิ่น","755JA","เทศบาลตำบลถนนใหญ่","2568","37.8739","29.7211","78.474000"
"2166","75000","องค์กรปกครองส่วนท้องถิ่น","755JB","เทศบาลตำบลพัฒนานิคม","2568","17.2126","17.2126","100.000000"
"2167","75000","องค์กรปกครองส่วนท้องถิ่น","755JC","เทศบาลตำบลเขาพระยาเดินธง","2568","47.987","47.987","100.000000"
"2168","75000","องค์กรปกครองส่วนท้องถิ่น","755JF","เทศบาลตำบลดีลัง","2568","41.0262","41.0262","100.000000"
"2169","75000","องค์กรปกครองส่วนท้องถิ่น","755JJ","เทศบาลตำบลแก่งเสือเต้น","2568","22.5006","22.5006","100.000000"
"2170","75000","องค์กรปกครองส่วนท้องถิ่น","755JN","เทศบาลตำบลโคกสำโรง","2568","118.3217","115.8217","97.887000"
"2171","75000","องค์กรปกครองส่วนท้องถิ่น","755K2","เทศบาลตำบลลำนารายณ์","2568","47.0087","47.0087","100.000000"
"2172","75000","องค์กรปกครองส่วนท้องถิ่น","755KK","เทศบาลตำบลท่าวุ้ง","2568","18.3241","18.3241","100.000000"
"2173","75000","องค์กรปกครองส่วนท้องถิ่น","755KN","เทศบาลตำบลโพตลาดแก้ว","2568","26.6001","26.6001","100.000000"
"2174","75000","องค์กรปกครองส่วนท้องถิ่น","755KQ","เทศบาลตำบลบางงา","2568","28.6672","28.6672","100.000000"
"2175","75000","องค์กรปกครองส่วนท้องถิ่น","755KR","เทศบาลตำบลโคกสลุด","2568","16.1836","13.7836","85.170000"
"2176","75000","องค์กรปกครองส่วนท้องถิ่น","755KS","เทศบาลตำบลท่าโขลง","2568","17.2886","17.2886","100.000000"
"2177","75000","องค์กรปกครองส่วนท้องถิ่น","755LE","เทศบาลเมืองบ้านหมี่","2568","68.7122","61.39947","89.357000"
"2178","75000","องค์กรปกครองส่วนท้องถิ่น","755LJ","เทศบาลตำบลบ้านท่าหลวง","2568","21.8503","21.8503","100.000000"
"2179","75000","องค์กรปกครองส่วนท้องถิ่น","755LQ","เทศบาลตำบลสระโบสถ์","2568","32.2438","32.2438","100.000000"
"2180","75000","องค์กรปกครองส่วนท้องถิ่น","755M5","เทศบาลตำบลหนองม่วง","2568","34.0008","34.0008","100.000000"
"2181","75000","องค์กรปกครองส่วนท้องถิ่น","755MC","เทศบาลเมืองเขลางค์นคร","2568","263.3337","259.091669","98.389000"
"2182","75000","องค์กรปกครองส่วนท้องถิ่น","755MD","เทศบาลนครลำปาง","2568","474.9941","459.72605192","96.786000"
"2183","75000","องค์กรปกครองส่วนท้องถิ่น","755MG","เทศบาลเมืองพิชัย","2568","61.2755","61.2755","100.000000"
"2184","75000","องค์กรปกครองส่วนท้องถิ่น","755MN","เทศบาลตำบลบ่อแฮ้ว","2568","40.6513","40.6513","100.000000"
"2185","75000","องค์กรปกครองส่วนท้องถิ่น","755MQ","เทศบาลตำบลต้นธงชัย","2568","62.4613","51.4693","82.402000"
"2186","75000","องค์กรปกครองส่วนท้องถิ่น","755MW","เทศบาลตำบลแม่เมาะ","2568","91.1195","91.1195","100.000000"
"2187","75000","องค์กรปกครองส่วนท้องถิ่น","755MY","เทศบาลตำบลลำปางหลวง","2568","46.4852","42.3052","91.008000"
"2188","75000","องค์กรปกครองส่วนท้องถิ่น","755MZ","เทศบาลตำบลนาแก้ว","2568","50.1308","50.1308","100.000000"
"2189","75000","องค์กรปกครองส่วนท้องถิ่น","755N0","เทศบาลตำบลไหล่หิน","2568","37.4794","36.7294","97.999000"
"2190","75000","องค์กรปกครองส่วนท้องถิ่น","755N1","เทศบาลตำบลวังพร้าว","2568","42.4307","37.058504","87.339000"
"2191","75000","องค์กรปกครองส่วนท้องถิ่น","755N2","องค์การบริหารส่วนจังหวัดลำปาง","2568","317.0521","317.0521","100.000000"
"2192","75000","องค์กรปกครองส่วนท้องถิ่น","755N3","เทศบาลตำบลศาลา","2568","34.0287","34.0287","100.000000"
"2193","75000","องค์กรปกครองส่วนท้องถิ่น","755N4","เทศบาลตำบลเกาะคา","2568","36.8867","36.5858","99.184000"
"2194","75000","องค์กรปกครองส่วนท้องถิ่น","755N5","เทศบาลตำบลเกาะคาแม่ยาว","2568","14.7691","14.7691","100.000000"
"2195","75000","องค์กรปกครองส่วนท้องถิ่น","755N7","เทศบาลตำบลท่าผา","2568","26.083","25.225","96.711000"
"2196","75000","องค์กรปกครองส่วนท้องถิ่น","755N9","เทศบาลตำบลทุ่งงาม","2568","26.6386","21.2258","79.681000"
"2197","75000","องค์กรปกครองส่วนท้องถิ่น","755NA","เทศบาลตำบลเสริมงาม","2568","51.1445","51.1445","100.000000"
"2198","75000","องค์กรปกครองส่วนท้องถิ่น","755NC","เทศบาลตำบลเสริมซ้าย","2568","45.7344","45.7344","100.000000"
"2199","75000","องค์กรปกครองส่วนท้องถิ่น","755NE","เทศบาลตำบลหลวงเหนือ","2568","34.2812","29.37741","85.695000"
"2200","75000","องค์กรปกครองส่วนท้องถิ่น","755NF","เทศบาลตำบลหลวงใต้","2568","40.1572","28.3282","70.543000"
"2201","75000","องค์กรปกครองส่วนท้องถิ่น","755NQ","เทศบาลตำบลแจ้ห่ม","2568","23.8882","23.8882","100.000000"
"2202","75000","องค์กรปกครองส่วนท้องถิ่น","755NS","เทศบาลตำบลบ้านสา","2568","37.7801","37.7801","100.000000"
"2203","75000","องค์กรปกครองส่วนท้องถิ่น","755NW","เทศบาลตำบลทุ่งผึ้ง","2568","28.4355","27.4555","96.554000"
"2204","75000","องค์กรปกครองส่วนท้องถิ่น","755NZ","เทศบาลตำบลบ้านใหม่","2568","16.1149","16.1149","100.000000"
"2205","75000","องค์กรปกครองส่วนท้องถิ่น","755P0","เทศบาลตำบลวังเหนือ","2568","23.8724","23.8724","100.000000"
"2206","75000","องค์กรปกครองส่วนท้องถิ่น","755P8","เทศบาลเมืองล้อมแรด","2568","84.905","78.574","92.543000"
"2207","75000","องค์กรปกครองส่วนท้องถิ่น","755PB","เทศบาลตำบลแม่มอก","2568","36.9283","27.2762","73.863000"
"2208","75000","องค์กรปกครองส่วนท้องถิ่น","755PC","เทศบาลตำบลเวียงมอก","2568","56.6055","56.6055","100.000000"
"2209","75000","องค์กรปกครองส่วนท้องถิ่น","755PF","เทศบาลตำบลเถินบุรี","2568","54.2231","45.7451","84.365000"
"2210","75000","องค์กรปกครองส่วนท้องถิ่น","755PG","เทศบาลตำบลแม่พริก","2568","22.5229","17.958","79.732000"
"2211","75000","องค์กรปกครองส่วนท้องถิ่น","755PJ","เทศบาลตำบลแม่ปุ","2568","30.9359","30.4374","98.389000"
"2212","75000","องค์กรปกครองส่วนท้องถิ่น","755PK","เทศบาลตำบลพระบาทวังตวง","2568","16.4698","15.7448","95.598000"
"2213","75000","องค์กรปกครองส่วนท้องถิ่น","755PL","เทศบาลตำบลแม่ทะ","2568","41.0245","37.3626","91.074000"
"2214","75000","องค์กรปกครองส่วนท้องถิ่น","755PM","เทศบาลตำบลนาครัว","2568","44.0208","44.0208","100.000000"
"2215","75000","องค์กรปกครองส่วนท้องถิ่น","755PN","เทศบาลตำบลป่าตันนาครัว","2568","58.7713","57.53","97.888000"
"2216","75000","องค์กรปกครองส่วนท้องถิ่น","755PR","เทศบาลตำบลน้ำโจ้","2568","55.2021","44.9741","81.472000"
"2217","75000","องค์กรปกครองส่วนท้องถิ่น","755PV","เทศบาลตำบลสิริราช","2568","32.5414","26.3114","80.855000"
"2218","75000","องค์กรปกครองส่วนท้องถิ่น","755PW","เทศบาลตำบลสบปราบ","2568","45.9435","45.9435","100.000000"
"2219","75000","องค์กรปกครองส่วนท้องถิ่น","755Q1","เทศบาลตำบลห้างฉัตร","2568","38.6722","36.0102","93.117000"
"2220","75000","องค์กรปกครองส่วนท้องถิ่น","755Q2","เทศบาลตำบลห้างฉัตรแม่ตาล","2568","32.7208","29.740745","90.892000"
"2221","75000","องค์กรปกครองส่วนท้องถิ่น","755Q4","เทศบาลตำบลเมืองยาว","2568","42.0049","42.0049","100.000000"
"2222","75000","องค์กรปกครองส่วนท้องถิ่น","755Q5","เทศบาลตำบลปงยางคก","2568","47.0824","47.0824","100.000000"
"2223","75000","องค์กรปกครองส่วนท้องถิ่น","755Q6","เทศบาลตำบลเวียงตาล","2568","37.0425","36.2025","97.732000"
"2224","75000","องค์กรปกครองส่วนท้องถิ่น","755Q9","เทศบาลตำบลเมืองปาน","2568","23.9675","23.9675","100.000000"
"2225","75000","องค์กรปกครองส่วนท้องถิ่น","755QE","เทศบาลเมืองลำพูน","2568","182.5844","171.5844","93.975000"
"2226","75000","องค์กรปกครองส่วนท้องถิ่น","755QF","เทศบาลตำบลเหมืองง่า","2568","60.3134","58.660126","97.259000"
"2227","75000","องค์กรปกครองส่วนท้องถิ่น","755QG","เทศบาลตำบลอุโมงค์","2568","80.0838","74.07734373","92.500000"
"2228","75000","องค์กรปกครองส่วนท้องถิ่น","755QH","เทศบาลตำบลหนองช้างคืน","2568","14.3986","14.3986","100.000000"
"2229","75000","องค์กรปกครองส่วนท้องถิ่น","755QJ","เทศบาลตำบลประตูป่า","2568","29.0345","29.0345","100.000000"
"2230","75000","องค์กรปกครองส่วนท้องถิ่น","755QK","เทศบาลตำบลริมปิง","2568","38.0003","36.868699","97.022000"
"2231","75000","องค์กรปกครองส่วนท้องถิ่น","755QL","เทศบาลตำบลต้นธง","2568","47.4169","46.0744","97.169000"
"2232","75000","องค์กรปกครองส่วนท้องถิ่น","755QM","เทศบาลตำบลท่าเชียงทอง","2568","24.1615","22.2386","92.041000"
"2233","75000","องค์กรปกครองส่วนท้องถิ่น","755QN","เทศบาลตำบลบ้านแป้น","2568","53.445","48.5251","90.794000"
"2234","75000","องค์กรปกครองส่วนท้องถิ่น","755QP","เทศบาลตำบลเหมืองจี้","2568","48.4233","48.4233","100.000000"
"2235","75000","องค์กรปกครองส่วนท้องถิ่น","755QQ","องค์การบริหารส่วนจังหวัดลำพูน","2568","307.834","296.2862629","96.249000"
"2236","75000","องค์กรปกครองส่วนท้องถิ่น","755QR","เทศบาลตำบลป่าสัก","2568","49.6486","45.64512496","91.936000"
"2237","75000","องค์กรปกครองส่วนท้องถิ่น","755QS","เทศบาลตำบลเวียงยอง","2568","37.984","37.984","100.000000"
"2238","75000","องค์กรปกครองส่วนท้องถิ่น","755QT","เทศบาลตำบลบ้านกลาง","2568","99.8411","99.566859","99.725000"
"2239","75000","องค์กรปกครองส่วนท้องถิ่น","755QU","เทศบาลตำบลมะเขือแจ้","2568","65.0594","65.0594","100.000000"
"2240","75000","องค์กรปกครองส่วนท้องถิ่น","755QV","เทศบาลตำบลศรีบัวบาน","2568","40.5926","40.5926","100.000000"
"2241","75000","องค์กรปกครองส่วนท้องถิ่น","755QX","เทศบาลตำบลทาปลาดุก","2568","46.2346","44.1116","95.408000"
"2242","75000","องค์กรปกครองส่วนท้องถิ่น","755QY","เทศบาลตำบลทาสบชัย","2568","39.188","39.188","100.000000"
"2243","75000","องค์กรปกครองส่วนท้องถิ่น","755QZ","เทศบาลตำบลทาสบเส้า","2568","32.8667","32.8667","100.000000"
"2244","75000","องค์กรปกครองส่วนท้องถิ่น","755R0","เทศบาลตำบลทากาศ","2568","26.6249","26.6249","100.000000"
"2245","75000","องค์กรปกครองส่วนท้องถิ่น","755R1","เทศบาลตำบลทากาศเหนือ","2568","30.1666","30.1666","100.000000"
"2246","75000","องค์กรปกครองส่วนท้องถิ่น","755R2","เทศบาลตำบลทาขุมเงิน","2568","32.7261","32.0156","97.829000"
"2247","75000","องค์กรปกครองส่วนท้องถิ่น","755R3","เทศบาลตำบลทาทุ่งหลวง","2568","25.3952","24.8604","97.894000"
"2248","75000","องค์กรปกครองส่วนท้องถิ่น","755R5","เทศบาลตำบลบ้านโฮ่ง","2568","43.3536","42.1771","97.286000"
"2249","75000","องค์กรปกครองส่วนท้องถิ่น","755R9","เทศบาลตำบลศรีเตี้ย","2568","43.3828","43.3828","100.000000"
"2250","75000","องค์กรปกครองส่วนท้องถิ่น","755RB","เทศบาลตำบลลี้","2568","50.9642","48.8122","95.777000"
"2251","75000","องค์กรปกครองส่วนท้องถิ่น","755RC","เทศบาลตำบลวังดิน","2568","28.8695","26.0975","90.398000"
"2252","75000","องค์กรปกครองส่วนท้องถิ่น","755RD","เทศบาลตำบลแม่ตืน","2568","26.3674","24.95","94.624000"
"2253","75000","องค์กรปกครองส่วนท้องถิ่น","755RG","เทศบาลตำบลดงดำ","2568","25.8582","24.174038","93.487000"
"2254","75000","องค์กรปกครองส่วนท้องถิ่น","755RH","เทศบาลตำบลก้อ","2568","21.9378","21.9378","100.000000"
"2255","75000","องค์กรปกครองส่วนท้องถิ่น","755RK","เทศบาลตำบลป่าไผ่","2568","50.1036","48.0766","95.954000"
"2256","75000","องค์กรปกครองส่วนท้องถิ่น","755RL","เทศบาลตำบลศรีวิชัย","2568","45.0429","35.5711","78.972000"
"2257","75000","องค์กรปกครองส่วนท้องถิ่น","755RM","เทศบาลตำบลทุ่งหัวช้าง","2568","26.343","26.343","100.000000"
"2258","75000","องค์กรปกครองส่วนท้องถิ่น","755RR","เทศบาลตำบลป่าซาง","2568","48.1232","47.35428","98.402000"
"2259","75000","องค์กรปกครองส่วนท้องถิ่น","755RS","เทศบาลตำบลแม่แรง","2568","39.1396","38.1446","97.458000"
"2260","75000","องค์กรปกครองส่วนท้องถิ่น","755RT","เทศบาลตำบลม่วงน้อย","2568","29.3689","29.3689","100.000000"
"2261","75000","องค์กรปกครองส่วนท้องถิ่น","755RV","เทศบาลตำบลมะกอก","2568","34.5373","33.82552503","97.939000"
"2262","75000","องค์กรปกครองส่วนท้องถิ่น","755RZ","เทศบาลตำบลบ้านธิ","2568","62.9787","61.1459","97.090000"
"2263","75000","องค์กรปกครองส่วนท้องถิ่น","755S1","เทศบาลตำบลหนองล่อง","2568","39.5547","39.2067","99.120000"
"2264","75000","องค์กรปกครองส่วนท้องถิ่น","755S2","เทศบาลตำบลหนองยวง","2568","31.6399","31.1409","98.423000"
"2265","75000","องค์กรปกครองส่วนท้องถิ่น","755S3","เทศบาลตำบลวังผาง","2568","56.0649","56.0649","100.000000"
"2266","75000","องค์กรปกครองส่วนท้องถิ่น","755S4","องค์การบริหารส่วนจังหวัดเลย","2568","296.7015","293.525","98.929000"
"2267","75000","องค์กรปกครองส่วนท้องถิ่น","755S5","เทศบาลเมืองเลย","2568","225.3094","216.1824","95.949000"
"2268","75000","องค์กรปกครองส่วนท้องถิ่น","755S7","เทศบาลตำบลนาอ้อ","2568","42.1933","39.7053","94.103000"
"2269","75000","องค์กรปกครองส่วนท้องถิ่น","755SB","เทศบาลตำบลนาอาน","2568","60.2982","59.9232","99.378000"
"2270","75000","องค์กรปกครองส่วนท้องถิ่น","755SC","เทศบาลตำบลนาโป่ง","2568","58.2729","57.2269","98.205000"
"2271","75000","องค์กรปกครองส่วนท้องถิ่น","755SD","เทศบาลตำบลนาดินดำ","2568","60.3281","58.3265","96.682000"
"2272","75000","องค์กรปกครองส่วนท้องถิ่น","755SE","เทศบาลตำบลน้ำสวย","2568","27.336","27.336","100.000000"
"2273","75000","องค์กรปกครองส่วนท้องถิ่น","755SL","เทศบาลตำบลนาด้วง","2568","50.3688","49.5288","98.332000"
"2274","75000","องค์กรปกครองส่วนท้องถิ่น","755SN","เทศบาลตำบลนาดอกคำ","2568","60.2921","60.2921","100.000000"
"2275","75000","องค์กรปกครองส่วนท้องถิ่น","755SR","เทศบาลตำบลเชียงคาน","2568","55.2587","54.2445","98.165000"
"2276","75000","องค์กรปกครองส่วนท้องถิ่น","755ST","เทศบาลตำบลธาตุ","2568","66.4363","66.4363","100.000000"
"2277","75000","องค์กรปกครองส่วนท้องถิ่น","755SV","เทศบาลตำบลเขาแก้ว","2568","43.4777","43.4777","100.000000"
"2278","75000","องค์กรปกครองส่วนท้องถิ่น","755T0","เทศบาลตำบลปากชม","2568","24.6254","24.6254","100.000000"
"2279","75000","องค์กรปกครองส่วนท้องถิ่น","755T2","เทศบาลตำบลคอนสา","2568","33.6306","32.0766","95.379000"
"2280","75000","องค์กรปกครองส่วนท้องถิ่น","755T3","เทศบาลตำบลเชียงกลม","2568","33.4455","30.2512","90.449000"
"2281","75000","องค์กรปกครองส่วนท้องถิ่น","755T8","เทศบาลตำบลด่านซ้าย","2568","28.264","28.264","100.000000"
"2282","75000","องค์กรปกครองส่วนท้องถิ่น","755T9","เทศบาลตำบลศรีสองรัก","2568","29.5119","26.3619","89.326000"
"2283","75000","องค์กรปกครองส่วนท้องถิ่น","755TK","เทศบาลตำบลนาแห้ว","2568","26.5327","21.3327","80.402000"
"2284","75000","องค์กรปกครองส่วนท้องถิ่น","755TQ","เทศบาลตำบลภูเรือ","2568","28.6954","28.6954","100.000000"
"2285","75000","องค์กรปกครองส่วนท้องถิ่น","755TT","เทศบาลตำบลร่องจิก","2568","33.5162","33.5162","100.000000"
"2286","75000","องค์กรปกครองส่วนท้องถิ่น","755TX","เทศบาลตำบลท่าลี่","2568","26.3018","23.80335","90.501000"
"2287","75000","องค์กรปกครองส่วนท้องถิ่น","755U3","เทศบาลเมืองวังสะพุง","2568","117.427","117.427","100.000000"
"2288","75000","องค์กรปกครองส่วนท้องถิ่น","755U8","เทศบาลตำบลปากปวน","2568","45.2856","43.7749","96.664000"
"2289","75000","องค์กรปกครองส่วนท้องถิ่น","755UD","เทศบาลตำบลศรีสงคราม","2568","37.8112","37.8112","100.000000"
"2290","75000","องค์กรปกครองส่วนท้องถิ่น","755UG","เทศบาลตำบลภูกระดึง","2568","42.8968","42.8928","99.991000"
"2291","75000","องค์กรปกครองส่วนท้องถิ่น","755UR","เทศบาลตำบลท่าช้างคล้อง","2568","54.0724","51.242647","94.767000"
"2292","75000","องค์กรปกครองส่วนท้องถิ่น","755US","เทศบาลตำบลโนนปอแดง","2568","54.0533","54.0533","100.000000"
"2293","75000","องค์กรปกครองส่วนท้องถิ่น","755UV","เทศบาลตำบลเอราวัณ","2568","48.8707","39.8707","81.584000"
"2294","75000","องค์กรปกครองส่วนท้องถิ่น","755UW","เทศบาลตำบลผาอินทร์แปลง","2568","60.2464","58.5644","97.208000"
"2295","75000","องค์กรปกครองส่วนท้องถิ่น","755UZ","เทศบาลตำบลหนองหิน","2568","27.8503","25.3159","90.900000"
"2296","75000","องค์กรปกครองส่วนท้องถิ่น","755V3","เทศบาลเมืองศรีสะเกษ","2568","261.601","247.672","94.675000"
"2297","75000","องค์กรปกครองส่วนท้องถิ่น","755VG","เทศบาลตำบลน้ำคำ","2568","44.2981","44.2981","100.000000"
"2298","75000","องค์กรปกครองส่วนท้องถิ่น","755VK","องค์การบริหารส่วนจังหวัดศรีสะเกษ","2568","1381.5332","1377.46548729","99.706000"
"2299","75000","องค์กรปกครองส่วนท้องถิ่น","755VM","เทศบาลตำบลยางชุมน้อย","2568","36.6583","36.6583","100.000000"
"2300","75000","องค์กรปกครองส่วนท้องถิ่น","755VU","เทศบาลตำบลกันทรารมย์","2568","36.5984","36.5984","100.000000"
"2301","75000","องค์กรปกครองส่วนท้องถิ่น","755WQ","เทศบาลเมืองกันทรลักษ์","2568","96.2168","85.7994","89.173000"
"2302","75000","องค์กรปกครองส่วนท้องถิ่น","755WR","เทศบาลตำบลหนองหญ้าลาด","2568","33.2937","31.7338","95.315000"
"2303","75000","องค์กรปกครองส่วนท้องถิ่น","755WU","เทศบาลตำบลสวนกล้วย","2568","39.0685","39.0685","100.000000"
"2304","75000","องค์กรปกครองส่วนท้องถิ่น","755X6","เทศบาลตำบลเมืองขุขันธ์","2568","33.3026","33.3026","100.000000"
"2305","75000","องค์กรปกครองส่วนท้องถิ่น","755XL","เทศบาลตำบลศรีสะอาด","2568","20.4759","18.7449","91.546000"
"2306","75000","องค์กรปกครองส่วนท้องถิ่น","755XM","เทศบาลตำบลไพรบึง","2568","48.5796","48.5796","100.000000"
"2307","75000","องค์กรปกครองส่วนท้องถิ่น","755XR","เทศบาลตำบลสำโรงพลัน","2568","37.2921","32.803505","87.964000"
"2308","75000","องค์กรปกครองส่วนท้องถิ่น","755XU","เทศบาลตำบลปรางค์กู่","2568","22.3644","22.3644","100.000000"
"2309","75000","องค์กรปกครองส่วนท้องถิ่น","755Y5","เทศบาลตำบลขุนหาญ","2568","45.9602","45.9602","100.000000"
"2310","75000","องค์กรปกครองส่วนท้องถิ่น","755Y6","เทศบาลตำบลสิ","2568","19.5383","16.5375","84.641000"
"2311","75000","องค์กรปกครองส่วนท้องถิ่น","755YB","เทศบาลตำบลกระหวัน","2568","34.4947","34.4947","100.000000"
"2312","75000","องค์กรปกครองส่วนท้องถิ่น","755YD","เทศบาลตำบลโนนสูง","2568","25.4374","24.2254","95.235000"
"2313","75000","องค์กรปกครองส่วนท้องถิ่น","755YE","เทศบาลตำบลกันทรอม","2568","49.0179","49.0179","100.000000"
"2314","75000","องค์กรปกครองส่วนท้องถิ่น","755YG","เทศบาลตำบลโพธิ์กระสังข์","2568","48.4381","47.3821","97.820000"
"2315","75000","องค์กรปกครองส่วนท้องถิ่น","755YJ","เทศบาลตำบลเมืองคง","2568","35.724","35.724","100.000000"
"2316","75000","องค์กรปกครองส่วนท้องถิ่น","755YS","เทศบาลตำบลบัวหุ่ง","2568","36.1273","36.1273","100.000000"
"2317","75000","องค์กรปกครองส่วนท้องถิ่น","755YU","เทศบาลตำบลส้มป่อย","2568","38.3139","38.3139","100.000000"
"2318","75000","องค์กรปกครองส่วนท้องถิ่น","755YY","เทศบาลตำบลกำแพง","2568","27.8549","27.8549","100.000000"
"2319","75000","องค์กรปกครองส่วนท้องถิ่น","755YZ","เทศบาลตำบลอุทุมพรพิสัย","2568","20.1132","20.1132","100.000000"
"2320","75000","องค์กรปกครองส่วนท้องถิ่น","755ZA","เทศบาลตำบลแต้","2568","17.7241","17.7241","100.000000"
"2321","75000","องค์กรปกครองส่วนท้องถิ่น","755ZF","เทศบาลตำบลสระกำแพงใหญ่","2568","33.2144","33.2144","100.000000"
"2322","75000","องค์กรปกครองส่วนท้องถิ่น","755ZH","เทศบาลตำบลโคกจาน","2568","31.2334","31.2334","100.000000"
"2323","75000","องค์กรปกครองส่วนท้องถิ่น","755ZK","เทศบาลตำบลบึงบูรพ์","2568","43.5906","43.2312","99.176000"
"2324","75000","องค์กรปกครองส่วนท้องถิ่น","755ZL","เทศบาลตำบลห้วยทับทัน","2568","33.961","33.961","100.000000"
"2325","75000","องค์กรปกครองส่วนท้องถิ่น","755ZR","เทศบาลตำบลจานแสนไชย","2568","39.7895","39.7895","100.000000"
"2326","75000","องค์กรปกครองส่วนท้องถิ่น","755ZY","เทศบาลตำบลศรีรัตนะ","2568","29.296","26.796","91.466000"
"2327","75000","องค์กรปกครองส่วนท้องถิ่น","7560C","เทศบาลตำบลบุสูง","2568","54.5931","54.5931","100.000000"
"2328","75000","องค์กรปกครองส่วนท้องถิ่น","7560J","เทศบาลตำบลวังหิน","2568","24.439","24.439","100.000000"
"2329","75000","องค์กรปกครองส่วนท้องถิ่น","7560T","เทศบาลตำบลเมืองจันทร์","2568","40.0744","39.5224","98.623000"
"2330","75000","องค์กรปกครองส่วนท้องถิ่น","7560V","เทศบาลตำบลหนองใหญ่","2568","44.3607","44.3607","100.000000"
"2331","75000","องค์กรปกครองส่วนท้องถิ่น","75611","เทศบาลตำบลพยุห์","2568","24.3056","24.3056","100.000000"
"2332","75000","องค์กรปกครองส่วนท้องถิ่น","75617","เทศบาลตำบลโดด","2568","39.322","39.322","100.000000"
"2333","75000","องค์กรปกครองส่วนท้องถิ่น","7561A","เทศบาลตำบลผือใหญ่","2568","32.4495","32.4495","100.000000"
"2334","75000","องค์กรปกครองส่วนท้องถิ่น","7561G","องค์การบริหารส่วนจังหวัดสกลนคร","2568","760.9939","747.3779","98.211000"
"2335","75000","องค์กรปกครองส่วนท้องถิ่น","7561H","เทศบาลนครสกลนคร","2568","410.2096","401.62335","97.907000"
"2336","75000","องค์กรปกครองส่วนท้องถิ่น","7561J","เทศบาลตำบลดงมะไฟ","2568","36.365","33.253001","91.442000"
"2337","75000","องค์กรปกครองส่วนท้องถิ่น","7561L","เทศบาลตำบลงิ้วด่อน","2568","35.8839","34.0454","94.877000"
"2338","75000","องค์กรปกครองส่วนท้องถิ่น","7561N","เทศบาลตำบลเชียงเครือ","2568","62.7147","60.3154","96.174000"
"2339","75000","องค์กรปกครองส่วนท้องถิ่น","7561P","เทศบาลตำบลท่าแร่","2568","32.8518","32.7521","99.697000"
"2340","75000","องค์กรปกครองส่วนท้องถิ่น","7561Q","เทศบาลตำบลเมืองทองท่าแร่","2568","17.1812","17.1812","100.000000"
"2341","75000","องค์กรปกครองส่วนท้องถิ่น","7561W","เทศบาลตำบลธาตุนาเวง","2568","19.7799","13.4499","67.998000"
"2342","75000","องค์กรปกครองส่วนท้องถิ่น","7561X","เทศบาลตำบลเหล่าปอแดง","2568","36.2034","34.2712","94.663000"
"2343","75000","องค์กรปกครองส่วนท้องถิ่น","7561Y","เทศบาลตำบลหนองลาด","2568","30.0922","30.0872","99.983000"
"2344","75000","องค์กรปกครองส่วนท้องถิ่น","7561Z","เทศบาลตำบลฮางโฮง","2568","35.1931","33.1711","94.255000"
"2345","75000","องค์กรปกครองส่วนท้องถิ่น","75621","เทศบาลตำบลกุสุมาลย์","2568","27.1839","27.1839","100.000000"
"2346","75000","องค์กรปกครองส่วนท้องถิ่น","75627","เทศบาลตำบลกุดบาก","2568","27.572","25.759549","93.426000"
"2347","75000","องค์กรปกครองส่วนท้องถิ่น","75628","เทศบาลตำบลกุดแฮด","2568","30.9755","28.6885","92.617000"
"2348","75000","องค์กรปกครองส่วนท้องถิ่น","75629","เทศบาลตำบลนาม่อง","2568","54.3813","50.0843","92.098000"
"2349","75000","องค์กรปกครองส่วนท้องถิ่น","7562A","เทศบาลตำบลกุดไห","2568","48.1728","48.0688","99.784000"
"2350","75000","องค์กรปกครองส่วนท้องถิ่น","7562B","เทศบาลตำบลพรรณานคร","2568","27.8389","27.8389","100.000000"
"2351","75000","องค์กรปกครองส่วนท้องถิ่น","7562C","เทศบาลตำบลพรรณานิคม","2568","23.2949","22.7649","97.725000"
"2352","75000","องค์กรปกครองส่วนท้องถิ่น","7562D","เทศบาลตำบลวังยาง","2568","39.2552","37.7312","96.118000"
"2353","75000","องค์กรปกครองส่วนท้องถิ่น","7562E","เทศบาลตำบลพอกน้อย","2568","45.0361","44.7016","99.257000"
"2354","75000","องค์กรปกครองส่วนท้องถิ่น","7562F","เทศบาลตำบลนาหัวบ่อ","2568","48.1613","48.1613","100.000000"
"2355","75000","องค์กรปกครองส่วนท้องถิ่น","7562G","เทศบาลตำบลไร่","2568","42.2134","42.2134","100.000000"
"2356","75000","องค์กรปกครองส่วนท้องถิ่น","7562J","เทศบาลตำบลนาใน","2568","38.001","33.885","89.169000"
"2357","75000","องค์กรปกครองส่วนท้องถิ่น","7562K","เทศบาลตำบลบัวสว่าง","2568","43.3712","40.3312","92.991000"
"2358","75000","องค์กรปกครองส่วนท้องถิ่น","7562N","เทศบาลตำบลพังโคน","2568","30.8761","28.0171","90.740000"
"2359","75000","องค์กรปกครองส่วนท้องถิ่น","7562P","เทศบาลตำบลพังโคนศรีจำปา","2568","27.039","27.039","100.000000"
"2360","75000","องค์กรปกครองส่วนท้องถิ่น","7562R","เทศบาลตำบลแร่","2568","37.6458","37.6458","100.000000"
"2361","75000","องค์กรปกครองส่วนท้องถิ่น","7562S","เทศบาลตำบลไฮหย่อง","2568","53.4148","45.0348","84.311000"
"2362","75000","องค์กรปกครองส่วนท้องถิ่น","7562U","เทศบาลตำบลวาริชภูมิ","2568","23.393","23.393","100.000000"
"2363","75000","องค์กรปกครองส่วนท้องถิ่น","7562W","เทศบาลตำบลปลาโหล","2568","54.9776","48.5776","88.359000"
"2364","75000","องค์กรปกครองส่วนท้องถิ่น","7562X","เทศบาลตำบลหนองลาด","2568","38.2496","34.515601","90.238000"
"2365","75000","องค์กรปกครองส่วนท้องถิ่น","7562Y","เทศบาลตำบลคำบ่อ","2568","63.0807","62.3192","98.793000"
"2366","75000","องค์กรปกครองส่วนท้องถิ่น","75634","เทศบาลตำบลวานรนิวาส","2568","40.6558","40.6558","100.000000"
"2367","75000","องค์กรปกครองส่วนท้องถิ่น","75638","เทศบาลตำบลหนองสนม","2568","63.3413","54.0413","85.318000"
"2368","75000","องค์กรปกครองส่วนท้องถิ่น","75639","เทศบาลตำบลคูสะคาม","2568","31.3855","31.3855","100.000000"
"2369","75000","องค์กรปกครองส่วนท้องถิ่น","7563B","เทศบาลตำบลหนองแวง","2568","23.8659","17.0759","71.549000"
"2370","75000","องค์กรปกครองส่วนท้องถิ่น","7563D","เทศบาลตำบลนาซอ","2568","35.1697","35.1697","100.000000"
"2371","75000","องค์กรปกครองส่วนท้องถิ่น","7563H","เทศบาลตำบลกุดเรือคำ","2568","38.3676","38.3676","100.000000"
"2372","75000","องค์กรปกครองส่วนท้องถิ่น","7563K","เทศบาลตำบลคำตากล้า","2568","58.1837","58.1837","100.000000"
"2373","75000","องค์กรปกครองส่วนท้องถิ่น","7563P","เทศบาลตำบลแพด","2568","50.6244","50.6244","100.000000"
"2374","75000","องค์กรปกครองส่วนท้องถิ่น","7563Q","เทศบาลตำบลบ้านม่วง","2568","25.5182","24.0394","94.205000"
"2375","75000","องค์กรปกครองส่วนท้องถิ่น","7563W","เทศบาลตำบลห้วยหลัว","2568","40.1638","35.152688","87.523000"
"2376","75000","องค์กรปกครองส่วนท้องถิ่น","75640","เทศบาลตำบลอากาศอำนวย","2568","57.6752","55.219312","95.742000"
"2377","75000","องค์กรปกครองส่วนท้องถิ่น","75642","เทศบาลตำบลโพนแพง","2568","44.2378","44.2378","100.000000"
"2378","75000","องค์กรปกครองส่วนท้องถิ่น","75643","เทศบาลตำบลวาใหญ่","2568","46.321","46.321","100.000000"
"2379","75000","องค์กรปกครองส่วนท้องถิ่น","75645","เทศบาลตำบลท่าก้อน","2568","35.276","35.276","100.000000"
"2380","75000","องค์กรปกครองส่วนท้องถิ่น","75647","เทศบาลตำบลบะหว้า","2568","34.9858","34.9858","100.000000"
"2381","75000","องค์กรปกครองส่วนท้องถิ่น","75648","เทศบาลตำบลสามัคคีพัฒนา","2568","47.197","47.197","100.000000"
"2382","75000","องค์กรปกครองส่วนท้องถิ่น","75649","เทศบาลตำบลสว่างแดนดิน","2568","36.0457","34.1012","94.605000"
"2383","75000","องค์กรปกครองส่วนท้องถิ่น","7564C","เทศบาลตำบลบ้านต้าย","2568","30.5469","30.5469","100.000000"
"2384","75000","องค์กรปกครองส่วนท้องถิ่น","7564F","เทศบาลตำบลโคกสี","2568","53.2661","53.2661","100.000000"
"2385","75000","องค์กรปกครองส่วนท้องถิ่น","7564G","เทศบาลตำบลหนองหลวง","2568","37","37","100.000000"
"2386","75000","องค์กรปกครองส่วนท้องถิ่น","7564H","เทศบาลตำบลบงใต้","2568","46.2905","46.2685","99.952000"
"2387","75000","องค์กรปกครองส่วนท้องถิ่น","7564K","เทศบาลตำบลพันนา","2568","38.285","38.285","100.000000"
"2388","75000","องค์กรปกครองส่วนท้องถิ่น","7564L","เทศบาลตำบลดอนเขือง","2568","23.4795","23.4795","100.000000"
"2389","75000","องค์กรปกครองส่วนท้องถิ่น","7564T","เทศบาลตำบลส่องดาว","2568","32.9177","30.369975","92.260000"
"2390","75000","องค์กรปกครองส่วนท้องถิ่น","7564U","เทศบาลตำบลส่องดาวหนองแดง","2568","24.975","23.3341","93.430000"
"2391","75000","องค์กรปกครองส่วนท้องถิ่น","7564V","เทศบาลตำบลท่าศิลา","2568","51.8378","51.8378","100.000000"
"2392","75000","องค์กรปกครองส่วนท้องถิ่น","7564W","เทศบาลตำบลวัฒนา","2568","33.1116","33.0476","99.807000"
"2393","75000","องค์กรปกครองส่วนท้องถิ่น","7564X","เทศบาลตำบลปทุมวาปี","2568","34.2725","34.2725","100.000000"
"2394","75000","องค์กรปกครองส่วนท้องถิ่น","75652","เทศบาลตำบลตองโขบ","2568","62.4082","62.4082","100.000000"
"2395","75000","องค์กรปกครองส่วนท้องถิ่น","75657","เทศบาลตำบลเจริญศิลป์","2568","37.4141","35.626","95.221000"
"2396","75000","องค์กรปกครองส่วนท้องถิ่น","7565C","เทศบาลตำบลบ้านโพน","2568","34.9303","34.9303","100.000000"
"2397","75000","องค์กรปกครองส่วนท้องถิ่น","7565D","เทศบาลตำบลนาแก้ว","2568","51.6002","51.0082","98.853000"
"2398","75000","องค์กรปกครองส่วนท้องถิ่น","7565G","เทศบาลตำบลเชียงสือ","2568","26.6627","19.4927","73.108000"
"2399","75000","องค์กรปกครองส่วนท้องถิ่น","7565H","เทศบาลตำบลสร้างค้อ","2568","54.9691","54.9691","100.000000"
"2400","75000","องค์กรปกครองส่วนท้องถิ่น","7565K","เทศบาลตำบลโคกภู","2568","64.7512","64.6522","99.847000"
"2401","75000","องค์กรปกครองส่วนท้องถิ่น","7565M","เทศบาลนครสงขลา","2568","557.4977","538.4062","96.576000"
"2402","75000","องค์กรปกครองส่วนท้องถิ่น","7565N","เทศบาลเมืองเขารูปช้าง","2568","159.1284","146.4524","92.034000"
"2403","75000","องค์กรปกครองส่วนท้องถิ่น","7565P","เทศบาลตำบลเกาะแต้ว","2568","44.1655","43.66915","98.876000"
"2404","75000","องค์กรปกครองส่วนท้องถิ่น","7565Q","องค์การบริหารส่วนจังหวัดสงขลา","2568","308.8","266.5","86.302000"
"2405","75000","องค์กรปกครองส่วนท้องถิ่น","7565R","เทศบาลตำบลพะวง","2568","101.7597","97.7647","96.074000"
"2406","75000","องค์กรปกครองส่วนท้องถิ่น","7565U","เทศบาลตำบลสทิงพระ","2568","28.0831","28.0831","100.000000"
"2407","75000","องค์กรปกครองส่วนท้องถิ่น","75666","เทศบาลตำบลจะนะ","2568","45.393","45.362","99.932000"
"2408","75000","องค์กรปกครองส่วนท้องถิ่น","75667","เทศบาลตำบลบ้านนา","2568","42.6082","32.7082","76.765000"
"2409","75000","องค์กรปกครองส่วนท้องถิ่น","7566C","เทศบาลตำบลนาทับ","2568","61.6022","61.5997","99.996000"
"2410","75000","องค์กรปกครองส่วนท้องถิ่น","7566M","เทศบาลตำบลนาทวี","2568","69.7249","62.6449","89.846000"
"2411","75000","องค์กรปกครองส่วนท้องถิ่น","7566N","เทศบาลตำบลนาทวีนอก","2568","55.252","55.252","100.000000"
"2412","75000","องค์กรปกครองส่วนท้องถิ่น","7566Y","เทศบาลตำบลเทพา","2568","26.1514","26.1514","100.000000"
"2413","75000","องค์กรปกครองส่วนท้องถิ่น","75672","เทศบาลตำบลลำไพล","2568","74.9932","74.9932","100.000000"
"2414","75000","องค์กรปกครองส่วนท้องถิ่น","75676","เทศบาลตำบลท่าพระยา","2568","53.022","53.022","100.000000"
"2415","75000","องค์กรปกครองส่วนท้องถิ่น","75677","เทศบาลตำบลสะบ้าย้อย","2568","17.4777","13.1727","75.369000"
"2416","75000","องค์กรปกครองส่วนท้องถิ่น","7567G","เทศบาลตำบลระโนด","2568","31.922","31.884","99.881000"
"2417","75000","องค์กรปกครองส่วนท้องถิ่น","7567N","เทศบาลตำบลบ่อตรุ","2568","54.746","54.746","100.000000"
"2418","75000","องค์กรปกครองส่วนท้องถิ่น","7567P","เทศบาลตำบลปากแตระ","2568","30.3713","30.3713","100.000000"
"2419","75000","องค์กรปกครองส่วนท้องถิ่น","7567X","เทศบาลตำบลเชิงแส","2568","27.1644","26.3442","96.981000"
"2420","75000","องค์กรปกครองส่วนท้องถิ่น","7567Y","เทศบาลตำบลกระแสสินธุ์","2568","26.2918","22.2742","84.719000"
"2421","75000","องค์กรปกครองส่วนท้องถิ่น","7567Z","เทศบาลเมืองกำแพงเพชร","2568","109.2695","83.4737","76.392000"
"2422","75000","องค์กรปกครองส่วนท้องถิ่น","75680","เทศบาลตำบลกำแพงเพชร","2568","25.9293","20.3693","78.557000"
"2423","75000","องค์กรปกครองส่วนท้องถิ่น","75682","เทศบาลตำบลคูหาใต้","2568","50.7435","42.7585","84.264000"
"2424","75000","องค์กรปกครองส่วนท้องถิ่น","75684","เทศบาลตำบลนาสีทอง","2568","24.9295","24.9295","100.000000"
"2425","75000","องค์กรปกครองส่วนท้องถิ่น","75686","เทศบาลเมืองสะเดา","2568","209.4655","195.995154","93.569000"
"2426","75000","องค์กรปกครองส่วนท้องถิ่น","75687","เทศบาลตำบลปริก","2568","43.0753","43.0753","100.000000"
"2427","75000","องค์กรปกครองส่วนท้องถิ่น","75689","เทศบาลตำบลคลองแงะ","2568","32.9483","29.44155","89.357000"
"2428","75000","องค์กรปกครองส่วนท้องถิ่น","7568E","เทศบาลเมืองปาดังเบซาร์","2568","80.5828","78.2078","97.053000"
"2429","75000","องค์กรปกครองส่วนท้องถิ่น","7568F","เทศบาลตำบลปาดัง","2568","37.5213","37.5213","100.000000"
"2430","75000","องค์กรปกครองส่วนท้องถิ่น","7568G","เทศบาลตำบลสำนักขาม","2568","44.705","43.401","97.083000"
"2431","75000","องค์กรปกครองส่วนท้องถิ่น","7568J","เทศบาลนครหาดใหญ่","2568","741.5075","735.9357","99.249000"
"2432","75000","องค์กรปกครองส่วนท้องถิ่น","7568K","เทศบาลเมืองควนลัง","2568","144.262","136.58837","94.681000"
"2433","75000","องค์กรปกครองส่วนท้องถิ่น","7568L","เทศบาลตำบลคูเต่า","2568","47.2409","46.9206","99.322000"
"2434","75000","องค์กรปกครองส่วนท้องถิ่น","7568M","เทศบาลเมืองคอหงส์","2568","144.7197","125.9997","87.065000"
"2435","75000","องค์กรปกครองส่วนท้องถิ่น","7568N","เทศบาลเมืองคลองแห","2568","149.6417","130.3479","87.107000"
"2436","75000","องค์กรปกครองส่วนท้องถิ่น","7568S","เทศบาลเมืองทุ่งตำเสา","2568","109.6983","97.8446","89.194000"
"2437","75000","องค์กรปกครองส่วนท้องถิ่น","7568U","เทศบาลตำบลน้ำน้อย","2568","60.8325","60.8325","100.000000"
"2438","75000","องค์กรปกครองส่วนท้องถิ่น","7568V","เทศบาลเมืองบ้านพรุ","2568","101.17","101.17","100.000000"
"2439","75000","องค์กรปกครองส่วนท้องถิ่น","7568W","เทศบาลตำบลบ้านไร่","2568","35.0783","35.0783","100.000000"
"2440","75000","องค์กรปกครองส่วนท้องถิ่น","7568X","เทศบาลตำบลพะตง","2568","55.1221","54.64084","99.127000"
"2441","75000","องค์กรปกครองส่วนท้องถิ่น","75693","เทศบาลตำบลควนเนียง","2568","31.5454","27.2594","86.413000"
"2442","75000","องค์กรปกครองส่วนท้องถิ่น","75697","เทศบาลตำบลบางเหรียง","2568","46.2718","40.0688","86.594000"
"2443","75000","องค์กรปกครองส่วนท้องถิ่น","75699","เทศบาลตำบลท่าช้าง","2568","98.7328","98.7328","100.000000"
"2444","75000","องค์กรปกครองส่วนท้องถิ่น","7569B","เทศบาลตำบลบ้านหาร","2568","17.978","15.333","85.288000"
"2445","75000","องค์กรปกครองส่วนท้องถิ่น","7569D","เทศบาลเมืองสิงหนคร","2568","167.2859","157.3959","94.088000"
"2446","75000","องค์กรปกครองส่วนท้องถิ่น","7569H","เทศบาลตำบลชะแล้","2568","20.6289","12.18754125","59.080000"
"2447","75000","องค์กรปกครองส่วนท้องถิ่น","7569M","เทศบาลเมืองม่วงงาม","2568","70.7475","60.6325","85.703000"
"2448","75000","องค์กรปกครองส่วนท้องถิ่น","7569P","เทศบาลตำบลทุ่งลาน","2568","38.1164","38.1164","100.000000"
"2449","75000","องค์กรปกครองส่วนท้องถิ่น","7569Q","เทศบาลตำบลโคกม่วง","2568","33.9777","33.9777","100.000000"
"2450","75000","องค์กรปกครองส่วนท้องถิ่น","7569S","เทศบาลเมืองสตูล","2568","230.1579","230.1579","100.000000"
"2451","75000","องค์กรปกครองส่วนท้องถิ่น","7569T","องค์การบริหารส่วนจังหวัดสตูล","2568","143.1609","143.1609","100.000000"
"2452","75000","องค์กรปกครองส่วนท้องถิ่น","7569U","เทศบาลตำบลคลองขุด","2568","78.1145","78.1145","100.000000"
"2453","75000","องค์กรปกครองส่วนท้องถิ่น","7569X","เทศบาลตำบลฉลุง","2568","25.1735","25.1735","100.000000"
"2454","75000","องค์กรปกครองส่วนท้องถิ่น","756A1","เทศบาลตำบลเจ๊ะบิลัง","2568","23.1211","23.1211","100.000000"
"2455","75000","องค์กรปกครองส่วนท้องถิ่น","756A7","เทศบาลตำบลควนโดน","2568","29.8658","29.8658","100.000000"
"2456","75000","องค์กรปกครองส่วนท้องถิ่น","756AK","เทศบาลตำบลกำแพง","2568","31.5991","28.94157809","91.590000"
"2457","75000","องค์กรปกครองส่วนท้องถิ่น","756AS","เทศบาลตำบลทุ่งหว้า","2568","26.297","26.297","100.000000"
"2458","75000","องค์กรปกครองส่วนท้องถิ่น","756B0","องค์การบริหารส่วนจังหวัดสมุทรปราการ","2568","51.4774","51.18645376","99.435000"
"2459","75000","องค์กรปกครองส่วนท้องถิ่น","756B1","เทศบาลนครสมุทรปราการ","2568","406.9895","406.9895","100.000000"
"2460","75000","องค์กรปกครองส่วนท้องถิ่น","756B2","เทศบาลตำบลด่านสำโรง","2568","143.6164","143.6164","100.000000"
"2461","75000","องค์กรปกครองส่วนท้องถิ่น","756B3","เทศบาลเมืองปากน้ำสมุทรปราการ","2568","107.3437","107.3437","100.000000"
"2462","75000","องค์กรปกครองส่วนท้องถิ่น","756B4","เทศบาลตำบลบางเมือง","2568","236.48","236.48","100.000000"
"2463","75000","องค์กรปกครองส่วนท้องถิ่น","756B5","เทศบาลตำบลบางปู","2568","345.8948","345.8948","100.000000"
"2464","75000","องค์กรปกครองส่วนท้องถิ่น","756B6","เทศบาลตำบลแพรกษา","2568","112.6295","112.6295","100.000000"
"2465","75000","องค์กรปกครองส่วนท้องถิ่น","756B7","เทศบาลเมืองแพรกษา","2568","94.1247","94.1247","100.000000"
"2466","75000","องค์กรปกครองส่วนท้องถิ่น","756BA","เทศบาลตำบลสำโรงเหนือ","2568","76.4115","76.4115","100.000000"
"2467","75000","องค์กรปกครองส่วนท้องถิ่น","756BB","เทศบาลตำบลเทพารักษ์","2568","81.9193","81.9193","100.000000"
"2468","75000","องค์กรปกครองส่วนท้องถิ่น","756BC","เทศบาลเมืองแพรกษาใหม่","2568","94.3495","94.3495","100.000000"
"2469","75000","องค์กรปกครองส่วนท้องถิ่น","756BD","เทศบาลตำบลบางบ่อ","2568","34.3654","34.3654","100.000000"
"2470","75000","องค์กรปกครองส่วนท้องถิ่น","756BG","เทศบาลตำบลบางพลีน้อย","2568","31.0828","31.0828","100.000000"
"2471","75000","องค์กรปกครองส่วนท้องถิ่น","756BJ","เทศบาลตำบลคลองด่าน","2568","37.7136","37.7136","100.000000"
"2472","75000","องค์กรปกครองส่วนท้องถิ่น","756BL","เทศบาลตำบลคลองสวน","2568","13.5376","13.5376","100.000000"
"2473","75000","องค์กรปกครองส่วนท้องถิ่น","756BP","เทศบาลตำบลบางพลี","2568","62.6811","52.5221","83.793000"
"2474","75000","องค์กรปกครองส่วนท้องถิ่น","756BR","เทศบาลเมืองบางแก้ว","2568","135.1556","135.1556","100.000000"
"2475","75000","องค์กรปกครองส่วนท้องถิ่น","756BW","เทศบาลเมืองพระประแดง","2568","148.2478","139.558","94.138000"
"2476","75000","องค์กรปกครองส่วนท้องถิ่น","756BY","เทศบาลเมืองลัดหลวง","2568","232.4641","232.4641","100.000000"
"2477","75000","องค์กรปกครองส่วนท้องถิ่น","756BZ","เทศบาลเมืองปู่เจ้าสมิงพราย","2568","285.8931","285.8931","100.000000"
"2478","75000","องค์กรปกครองส่วนท้องถิ่น","756C6","เทศบาลตำบลแหลมฟ้าผ่า","2568","47.4743","47.4743","100.000000"
"2479","75000","องค์กรปกครองส่วนท้องถิ่น","756C9","เทศบาลตำบลพระสมุทรเจดีย์","2568","40.0897","40.0897","100.000000"
"2480","75000","องค์กรปกครองส่วนท้องถิ่น","756CB","เทศบาลตำบลบางเสาธง","2568","53.4573","53.4573","100.000000"
"2481","75000","องค์กรปกครองส่วนท้องถิ่น","756CF","องค์การบริหารส่วนจังหวัดสมุทรสงคราม","2568","112.5502","92.5772","82.254000"
"2482","75000","องค์กรปกครองส่วนท้องถิ่น","756CG","เทศบาลเมืองสมุทรสงคราม","2568","239.1171","239.1171","100.000000"
"2483","75000","องค์กรปกครองส่วนท้องถิ่น","756CS","เทศบาลตำบลบางจะเกร็ง","2568","31.2572","31.2572","100.000000"
"2484","75000","องค์กรปกครองส่วนท้องถิ่น","756CT","เทศบาลตำบลกระดังงา","2568","13.8559","13.8559","100.000000"
"2485","75000","องค์กรปกครองส่วนท้องถิ่น","756CW","เทศบาลตำบลบางยี่รงค์","2568","10.9096","10.9096","100.000000"
"2486","75000","องค์กรปกครองส่วนท้องถิ่น","756D2","เทศบาลตำบลบางนกแขวก","2568","13.0246","13.0246","100.000000"
"2487","75000","องค์กรปกครองส่วนท้องถิ่น","756D3","เทศบาลตำบลบางกระบือ","2568","9.2036","9.2036","100.000000"
"2488","75000","องค์กรปกครองส่วนท้องถิ่น","756D4","เทศบาลตำบลอัมพวา","2568","72.3421","72.3421","100.000000"
"2489","75000","องค์กรปกครองส่วนท้องถิ่น","756D5","เทศบาลตำบลสวนหลวง","2568","18.3577","18.3577","100.000000"
"2490","75000","องค์กรปกครองส่วนท้องถิ่น","756D8","เทศบาลตำบลเหมืองใหม่","2568","14.0362","14.0362","100.000000"
"2491","75000","องค์กรปกครองส่วนท้องถิ่น","756DH","องค์การบริหารส่วนจังหวัดสมุทรสาคร","2568","248.5884","248.5884","100.000000"
"2492","75000","องค์กรปกครองส่วนท้องถิ่น","756DJ","เทศบาลนครสมุทรสาคร","2568","431.5071","431.5071","100.000000"
"2493","75000","องค์กรปกครองส่วนท้องถิ่น","756DP","เทศบาลตำบลท่าจีน","2568","51.3746","51.3746","100.000000"
"2494","75000","องค์กรปกครองส่วนท้องถิ่น","756DQ","เทศบาลตำบลนาดี","2568","77.0647","77.0647","100.000000"
"2495","75000","องค์กรปกครองส่วนท้องถิ่น","756DS","เทศบาลตำบลคอกกระบือ","2568","26.3244","26.3244","100.000000"
"2496","75000","องค์กรปกครองส่วนท้องถิ่น","756DW","เทศบาลตำบลบางปลา","2568","29.3311","29.3311","100.000000"
"2497","75000","องค์กรปกครองส่วนท้องถิ่น","756DZ","เทศบาลตำบลบางหญ้าแพรก","2568","85.4415","85.4415","100.000000"
"2498","75000","องค์กรปกครองส่วนท้องถิ่น","756E1","เทศบาลเมืองกระทุ่มแบน","2568","214.1605","214.1605","100.000000"
"2499","75000","องค์กรปกครองส่วนท้องถิ่น","756E2","เทศบาลนครอ้อมน้อย","2568","236.4473","236.4473","100.000000"
"2500","75000","องค์กรปกครองส่วนท้องถิ่น","756E4","เทศบาลตำบลสวนหลวง","2568","104.7962","97.35932","92.903000"
"2501","75000","องค์กรปกครองส่วนท้องถิ่น","756E6","เทศบาลเมืองคลองมะเดื่อ","2568","58.8199","58.8199","100.000000"
"2502","75000","องค์กรปกครองส่วนท้องถิ่น","756E8","เทศบาลตำบลดอนไก่ดี","2568","37.623","37.623","100.000000"
"2503","75000","องค์กรปกครองส่วนท้องถิ่น","756E9","เทศบาลตำบลแคราย","2568","22.9461","22.9461","100.000000"
"2504","75000","องค์กรปกครองส่วนท้องถิ่น","756EC","เทศบาลตำบลบ้านแพ้ว","2568","14.4081","14.4081","100.000000"
"2505","75000","องค์กรปกครองส่วนท้องถิ่น","756EE","เทศบาลตำบลหลักห้า","2568","129.1282","119.7842","92.764000"
"2506","75000","องค์กรปกครองส่วนท้องถิ่น","756EL","เทศบาลตำบลเกษตรพัฒนา","2568","23.2407","23.2407","100.000000"
"2507","75000","องค์กรปกครองส่วนท้องถิ่น","756EM","เทศบาลเมืองสระแก้ว","2568","129.9835","129.9835","100.000000"
"2508","75000","องค์กรปกครองส่วนท้องถิ่น","756EQ","เทศบาลตำบลศาลาลำดวน","2568","25.0971","25.0971","100.000000"
"2509","75000","องค์กรปกครองส่วนท้องถิ่น","756EU","องค์การบริหารส่วนจังหวัดสระแก้ว","2568","386.6034","386.4418","99.958000"
"2510","75000","องค์กรปกครองส่วนท้องถิ่น","756EV","เทศบาลตำบลท่าเกษม","2568","17.0007","17.0007","100.000000"
"2511","75000","องค์กรปกครองส่วนท้องถิ่น","756EZ","เทศบาลตำบลคลองหาด","2568","48.5438","46.8288","96.467000"
"2512","75000","องค์กรปกครองส่วนท้องถิ่น","756F6","เทศบาลตำบลตาพระยา","2568","25.4756","25.4706","99.980000"
"2513","75000","องค์กรปกครองส่วนท้องถิ่น","756FC","เทศบาลเมืองวังน้ำเย็น","2568","183.7684","183.7684","100.000000"
"2514","75000","องค์กรปกครองส่วนท้องถิ่น","756FG","เทศบาลตำบลวัฒนานคร","2568","36.2341","36.2341","100.000000"
"2515","75000","องค์กรปกครองส่วนท้องถิ่น","756FU","เทศบาลเมืองอรัญญประเทศ","2568","169.9716","169.9716","100.000000"
"2516","75000","องค์กรปกครองส่วนท้องถิ่น","756FZ","เทศบาลตำบลป่าไร่","2568","25.5289","17.0959","66.967000"
"2517","75000","องค์กรปกครองส่วนท้องถิ่น","756G1","เทศบาลตำบลบ้านใหม่หนองไทร","2568","28.0217","28.0217","100.000000"
"2518","75000","องค์กรปกครองส่วนท้องถิ่น","756G5","เทศบาลตำบลฟากห้วย","2568","30.0257","30.0257","100.000000"
"2519","75000","องค์กรปกครองส่วนท้องถิ่น","756G6","เทศบาลตำบลบ้านด่าน","2568","42.8622","42.8622","100.000000"
"2520","75000","องค์กรปกครองส่วนท้องถิ่น","756G7","เทศบาลตำบลเขาฉกรรจ์","2568","22.428","22.428","100.000000"
"2521","75000","องค์กรปกครองส่วนท้องถิ่น","756GC","เทศบาลตำบลโคกสูง","2568","31.4795","31.4795","100.000000"
"2522","75000","องค์กรปกครองส่วนท้องถิ่น","756GG","เทศบาลตำบลวังสมบูรณ์","2568","56.0877","56.0877","100.000000"
"2523","75000","องค์กรปกครองส่วนท้องถิ่น","756GJ","เทศบาลตำบลวังทอง","2568","62.4024","62.4024","100.000000"
"2524","75000","องค์กรปกครองส่วนท้องถิ่น","756GK","เทศบาลเมืองสระบุรี","2568","440.1029","423.1489","96.148000"
"2525","75000","องค์กรปกครองส่วนท้องถิ่น","756GL","องค์การบริหารส่วนจังหวัดสระบุรี","2568","198.9914","198.9914","100.000000"
"2526","75000","องค์กรปกครองส่วนท้องถิ่น","756GP","เทศบาลตำบลป๊อกแป๊ก","2568","13.8703","13.8703","100.000000"
"2527","75000","องค์กรปกครองส่วนท้องถิ่น","756GU","เทศบาลตำบลกุดนกเปล้า","2568","33.9701","24.3301","71.622000"
"2528","75000","องค์กรปกครองส่วนท้องถิ่น","756GW","เทศบาลตำบลตะกุด","2568","25.4378","22.3478","87.853000"
"2529","75000","องค์กรปกครองส่วนท้องถิ่น","756GX","เทศบาลเมืองแก่งคอย","2568","136.7923","131.551957","96.169000"
"2530","75000","องค์กรปกครองส่วนท้องถิ่น","756GY","เทศบาลเมืองทับกวาง","2568","123.7006","114.30375","92.404000"
"2531","75000","องค์กรปกครองส่วนท้องถิ่น","756HA","เทศบาลตำบลหนองแค","2568","168.4165","168.4165","100.000000"
"2532","75000","องค์กรปกครองส่วนท้องถิ่น","756HC","เทศบาลตำบลคชสิทธิ์","2568","17.6109","17.6109","100.000000"
"2533","75000","องค์กรปกครองส่วนท้องถิ่น","756HG","เทศบาลตำบลไผ่ต่ำ","2568","16.6617","16.6617","100.000000"
"2534","75000","องค์กรปกครองส่วนท้องถิ่น","756HK","เทศบาลตำบลหินกอง","2568","61.7342","55.3842","89.714000"
"2535","75000","องค์กรปกครองส่วนท้องถิ่น","756HV","เทศบาลตำบลหนองหมู","2568","12.2818","12.2818","100.000000"
"2536","75000","องค์กรปกครองส่วนท้องถิ่น","756J0","เทศบาลตำบลวิหารแดง","2568","30.8324","28.2814","91.726000"
"2537","75000","องค์กรปกครองส่วนท้องถิ่น","756J3","เทศบาลตำบลหนองแซง","2568","19.6812","19.1862","97.485000"
"2538","75000","องค์กรปกครองส่วนท้องถิ่น","756J9","เทศบาลตำบลบ้านหมอ","2568","19.8236","19.8236","100.000000"
"2539","75000","องค์กรปกครองส่วนท้องถิ่น","756JB","เทศบาลตำบลบางโขมด","2568","19.1734","19.1734","100.000000"
"2540","75000","องค์กรปกครองส่วนท้องถิ่น","756JC","เทศบาลตำบลสร่างโศก","2568","22.5164","22.5164","100.000000"
"2541","75000","องค์กรปกครองส่วนท้องถิ่น","756JD","เทศบาลตำบลตลาดน้อย","2568","21.3184","21.3184","100.000000"
"2542","75000","องค์กรปกครองส่วนท้องถิ่น","756JG","เทศบาลตำบลท่าลาน","2568","33.577","33.577","100.000000"
"2543","75000","องค์กรปกครองส่วนท้องถิ่น","756JH","เทศบาลตำบลหนองบัว","2568","14.3028","14.3028","100.000000"
"2544","75000","องค์กรปกครองส่วนท้องถิ่น","756JJ","เทศบาลตำบลดอนพุด","2568","33.3263","33.3263","100.000000"
"2545","75000","องค์กรปกครองส่วนท้องถิ่น","756JL","เทศบาลตำบลหนองโดน","2568","17.7669","17.7669","100.000000"
"2546","75000","องค์กรปกครองส่วนท้องถิ่น","756JQ","เทศบาลเมืองพระพุทธบาท","2568","166.399","166.399","100.000000"
"2547","75000","องค์กรปกครองส่วนท้องถิ่น","756JR","เทศบาลตำบลธารเกษม","2568","15.3067","15.3067","100.000000"
"2548","75000","องค์กรปกครองส่วนท้องถิ่น","756JS","เทศบาลตำบลนายาว","2568","16.8521","16.5021","97.923000"
"2549","75000","องค์กรปกครองส่วนท้องถิ่น","756JV","เทศบาลตำบลห้วยป่าหวาย","2568","24.8246","24.0044","96.696000"
"2550","75000","องค์กรปกครองส่วนท้องถิ่น","756JW","เทศบาลตำบลพุกร่าง","2568","30.239","30.239","100.000000"
"2551","75000","องค์กรปกครองส่วนท้องถิ่น","756JX","เทศบาลตำบลหนองแก","2568","24.8915","23.4015","94.014000"
"2552","75000","องค์กรปกครองส่วนท้องถิ่น","756JY","เทศบาลตำบลเสาไห้","2568","26.0569","23.4444","89.974000"
"2553","75000","องค์กรปกครองส่วนท้องถิ่น","756JZ","เทศบาลตำบลบ้านยาง","2568","11.1079","11.1079","100.000000"
"2554","75000","องค์กรปกครองส่วนท้องถิ่น","756K1","เทศบาลตำบลหัวปลวก","2568","27.1426","25.7193","94.756000"
"2555","75000","องค์กรปกครองส่วนท้องถิ่น","756K3","เทศบาลตำบลต้นตาล-พระยาทด","2568","26.244","20.9011","79.641000"
"2556","75000","องค์กรปกครองส่วนท้องถิ่น","756K6","เทศบาลตำบลเมืองเก่า","2568","21.2326","16.17715641","76.190000"
"2557","75000","องค์กรปกครองส่วนท้องถิ่น","756K7","เทศบาลตำบลสวนดอกไม้","2568","23.5881","23.5881","100.000000"
"2558","75000","องค์กรปกครองส่วนท้องถิ่น","756K8","เทศบาลตำบลมวกเหล็ก","2568","34.776","34.776","100.000000"
"2559","75000","องค์กรปกครองส่วนท้องถิ่น","756KF","เทศบาลตำบลแสลงพัน","2568","24.8725","24.8725","100.000000"
"2560","75000","องค์กรปกครองส่วนท้องถิ่น","756KG","เทศบาลตำบลคำพราน","2568","22.377","22.377","100.000000"
"2561","75000","องค์กรปกครองส่วนท้องถิ่น","756KH","เทศบาลตำบลวังม่วง","2568","33.2334","32.7434","98.526000"
"2562","75000","องค์กรปกครองส่วนท้องถิ่น","756KQ","เทศบาลตำบลหน้าพระลาน","2568","33.4234","33.4234","100.000000"
"2563","75000","องค์กรปกครองส่วนท้องถิ่น","756KS","เทศบาลเมืองสิงห์บุรี","2568","166.0438","166.0438","100.000000"
"2564","75000","องค์กรปกครองส่วนท้องถิ่น","756KT","องค์การบริหารส่วนจังหวัดสิงห์บุรี","2568","130.2509","129.8009","99.655000"
"2565","75000","องค์กรปกครองส่วนท้องถิ่น","756L1","เทศบาลเมืองบางระจัน","2568","82.4337","82.4337","100.000000"
"2566","75000","องค์กรปกครองส่วนท้องถิ่น","756L9","เทศบาลตำบลโพสังโฆ","2568","23.3863","21.77480355","93.109000"
"2567","75000","องค์กรปกครองส่วนท้องถิ่น","756LF","เทศบาลตำบลพรหมบุรี","2568","19.1823","19.1823","100.000000"
"2568","75000","องค์กรปกครองส่วนท้องถิ่น","756LG","เทศบาลตำบลบางน้ำเชี่ยว","2568","18.9972","18.9972","100.000000"
"2569","75000","องค์กรปกครองส่วนท้องถิ่น","756LL","เทศบาลตำบลถอนสมอ","2568","36.2882","36.2882","100.000000"
"2570","75000","องค์กรปกครองส่วนท้องถิ่น","756LP","เทศบาลตำบลอินทร์บุรี","2568","32.4664","31.8644","98.146000"
"2571","75000","องค์กรปกครองส่วนท้องถิ่น","756LS","เทศบาลตำบลทับยา","2568","34.4973","34.4973","100.000000"
"2572","75000","องค์กรปกครองส่วนท้องถิ่น","756M0","เทศบาลเมืองสุโขทัยธานี","2568","196.6671","181.8171","92.449000"
"2573","75000","องค์กรปกครองส่วนท้องถิ่น","756M1","เทศบาลตำบลบ้านสวน","2568","38.782","36.282","93.554000"
"2574","75000","องค์กรปกครองส่วนท้องถิ่น","756M3","เทศบาลตำบลเมืองเก่า","2568","34.3376","34.3376","100.000000"
"2575","75000","องค์กรปกครองส่วนท้องถิ่น","756M7","องค์การบริหารส่วนจังหวัดสุโขทัย","2568","158.1422","155.5792","98.379000"
"2576","75000","องค์กรปกครองส่วนท้องถิ่น","756M8","เทศบาลตำบลบ้านกล้วย","2568","59.9084","59.9084","100.000000"
"2577","75000","องค์กรปกครองส่วนท้องถิ่น","756MD","เทศบาลตำบลลานหอย","2568","28.1127","23.93855","85.152000"
"2578","75000","องค์กรปกครองส่วนท้องถิ่น","756MJ","เทศบาลตำบลตลิ่งชัน","2568","61.0519","61.0519","100.000000"
"2579","75000","องค์กรปกครองส่วนท้องถิ่น","756MM","เทศบาลตำบลบ้านโตนด","2568","37.8658","37.8658","100.000000"
"2580","75000","องค์กรปกครองส่วนท้องถิ่น","756MP","เทศบาลตำบลทุ่งหลวง","2568","69.6576","64.1926","92.154000"
"2581","75000","องค์กรปกครองส่วนท้องถิ่น","756MZ","เทศบาลตำบลกงไกรลาศ","2568","23.8582","21.3672","89.559000"
"2582","75000","องค์กรปกครองส่วนท้องถิ่น","756N9","เทศบาลตำบลหาดเสี้ยว","2568","41.0199","41.0199","100.000000"
"2583","75000","องค์กรปกครองส่วนท้องถิ่น","756NF","เทศบาลเมืองศรีสัชนาลัย","2568","90.5825","81.9145","90.431000"
"2584","75000","องค์กรปกครองส่วนท้องถิ่น","756NL","เทศบาลตำบลศรีสำโรง","2568","33.2794","33.2794","100.000000"
"2585","75000","องค์กรปกครองส่วนท้องถิ่น","756NY","เทศบาลเมืองสวรรคโลก","2568","294.5279","294.1513","99.872000"
"2586","75000","องค์กรปกครองส่วนท้องถิ่น","756NZ","เทศบาลตำบลในเมือง","2568","41.367","41.367","100.000000"
"2587","75000","องค์กรปกครองส่วนท้องถิ่น","756P4","เทศบาลตำบลคลองยาง","2568","39.0308","36.5338","93.602000"
"2588","75000","องค์กรปกครองส่วนท้องถิ่น","756P8","เทศบาลตำบลป่ากุมเกาะ","2568","42.4928","40.555101","95.440000"
"2589","75000","องค์กรปกครองส่วนท้องถิ่น","756P9","เทศบาลตำบลเมืองบางขลัง","2568","25.8379","25.8379","100.000000"
"2590","75000","องค์กรปกครองส่วนท้องถิ่น","756PB","เทศบาลตำบลศรีนคร","2568","24.318","22.991","94.543000"
"2591","75000","องค์กรปกครองส่วนท้องถิ่น","756PK","เทศบาลตำบลทุ่งเสลี่ยม","2568","51.2605","47.75835","93.168000"
"2592","75000","องค์กรปกครองส่วนท้องถิ่น","756PM","เทศบาลตำบลกลางดง","2568","59.9022","57.74079982","96.392000"
"2593","75000","องค์กรปกครองส่วนท้องถิ่น","756PN","เทศบาลตำบลเขาแก้วศรีสมบูรณ์","2568","46.6432","46.6432","100.000000"
"2594","75000","องค์กรปกครองส่วนท้องถิ่น","756PP","องค์การบริหารส่วนจังหวัดสุพรรณบุรี","2568","551.8534","543.496544","98.486000"
"2595","75000","องค์กรปกครองส่วนท้องถิ่น","756PQ","เทศบาลเมืองสุพรรณบุรี","2568","269.1361","257.8361","95.801000"
"2596","75000","องค์กรปกครองส่วนท้องถิ่น","756PR","เทศบาลตำบลรั้วใหญ่","2568","29.0594","29.0594","100.000000"
"2597","75000","องค์กรปกครองส่วนท้องถิ่น","756PT","เทศบาลตำบลท่าระหัด","2568","26.3143","26.3143","100.000000"
"2598","75000","องค์กรปกครองส่วนท้องถิ่น","756Q1","เทศบาลตำบลบ้านโพธิ์","2568","38.0012","32.605","85.800000"
"2599","75000","องค์กรปกครองส่วนท้องถิ่น","756Q2","เทศบาลตำบลท่าเสด็จ","2568","56.948","56.2196","98.721000"
"2600","75000","องค์กรปกครองส่วนท้องถิ่น","756Q4","เทศบาลตำบลบางกุ้ง","2568","17.8329","17.4051","97.601000"
"2601","75000","องค์กรปกครองส่วนท้องถิ่น","756Q6","เทศบาลตำบลสวนแตง","2568","28.3609","28.3609","100.000000"
"2602","75000","องค์กรปกครองส่วนท้องถิ่น","756Q9","เทศบาลตำบลห้วยวังทอง","2568","24.8409","24.8409","100.000000"
"2603","75000","องค์กรปกครองส่วนท้องถิ่น","756QA","เทศบาลตำบลโพธิ์พระยา","2568","17.7584","17.7584","100.000000"
"2604","75000","องค์กรปกครองส่วนท้องถิ่น","756QC","เทศบาลตำบลเขาพระ","2568","30.4186","30.4186","100.000000"
"2605","75000","องค์กรปกครองส่วนท้องถิ่น","756QE","เทศบาลตำบลเดิมบาง","2568","36.8342","29.5342","80.181000"
"2606","75000","องค์กรปกครองส่วนท้องถิ่น","756QF","เทศบาลตำบลนางบวช","2568","25.3936","25.3347","99.768000"
"2607","75000","องค์กรปกครองส่วนท้องถิ่น","756QH","เทศบาลตำบลเขาดิน","2568","32.9516","32.9516","100.000000"
"2608","75000","องค์กรปกครองส่วนท้องถิ่น","756QJ","เทศบาลตำบลปากน้ำ","2568","29.8213","28.0313","93.998000"
"2609","75000","องค์กรปกครองส่วนท้องถิ่น","756QK","เทศบาลตำบลทุ่งคลี","2568","30.712","30.712","100.000000"
"2610","75000","องค์กรปกครองส่วนท้องถิ่น","756QP","เทศบาลตำบลบ่อกรุ","2568","25.2303","21.9914","87.163000"
"2611","75000","องค์กรปกครองส่วนท้องถิ่น","756QT","เทศบาลตำบลหนองกระทุ่ม","2568","28.3207","28.3207","100.000000"
"2612","75000","องค์กรปกครองส่วนท้องถิ่น","756QU","เทศบาลตำบลด่านช้าง","2568","36.8477","36.8477","100.000000"
"2613","75000","องค์กรปกครองส่วนท้องถิ่น","756R2","เทศบาลตำบลต้นคราม","2568","34.6811","34.6811","100.000000"
"2614","75000","องค์กรปกครองส่วนท้องถิ่น","756R3","เทศบาลตำบลโคกคราม","2568","14.3432","14.2732","99.512000"
"2615","75000","องค์กรปกครองส่วนท้องถิ่น","756R4","เทศบาลตำบลบางปลาม้า","2568","18.1223","15.9613","88.075000"
"2616","75000","องค์กรปกครองส่วนท้องถิ่น","756R6","เทศบาลตำบลตะค่า","2568","30.5088","30.4888","99.934000"
"2617","75000","องค์กรปกครองส่วนท้องถิ่น","756RA","เทศบาลตำบลไผ่กองดิน","2568","22.7629","22.7619","99.996000"
"2618","75000","องค์กรปกครองส่วนท้องถิ่น","756RE","เทศบาลตำบลบ้านแหลม","2568","10.3214","10.3214","100.000000"
"2619","75000","องค์กรปกครองส่วนท้องถิ่น","756RF","เทศบาลตำบลบ้านแหลมพัฒนา","2568","16.2041","12.9809","80.109000"
"2620","75000","องค์กรปกครองส่วนท้องถิ่น","756RL","เทศบาลตำบลศรีประจันต์","2568","27.5131","27.5131","100.000000"
"2621","75000","องค์กรปกครองส่วนท้องถิ่น","756RN","เทศบาลตำบลบ้านกร่าง","2568","26.9297","26.8867","99.840000"
"2622","75000","องค์กรปกครองส่วนท้องถิ่น","756RS","เทศบาลตำบลปลายนา","2568","36.8422","36.8422","100.000000"
"2623","75000","องค์กรปกครองส่วนท้องถิ่น","756RT","เทศบาลตำบลวังหว้า","2568","19.5891","19.5891","100.000000"
"2624","75000","องค์กรปกครองส่วนท้องถิ่น","756RU","เทศบาลตำบลวังน้ำซับ","2568","24.1988","24.1988","100.000000"
"2625","75000","องค์กรปกครองส่วนท้องถิ่น","756RV","เทศบาลตำบลวังยาง","2568","29.0389","29.0389","100.000000"
"2626","75000","องค์กรปกครองส่วนท้องถิ่น","756RW","เทศบาลตำบลดอนเจดีย์","2568","31.5156","26.016911","82.552000"
"2627","75000","องค์กรปกครองส่วนท้องถิ่น","756S0","เทศบาลตำบลสระกระโจม","2568","16.551","16.551","100.000000"
"2628","75000","องค์กรปกครองส่วนท้องถิ่น","756S3","เทศบาลเมืองสองพี่น้อง","2568","139.0356","135.7616","97.645000"
"2629","75000","องค์กรปกครองส่วนท้องถิ่น","756SE","เทศบาลตำบลทุ่งคอก","2568","26.0231","24.456319","93.979000"
"2630","75000","องค์กรปกครองส่วนท้องถิ่น","756SM","เทศบาลตำบลสามชุก","2568","52.355","52.355","100.000000"
"2631","75000","องค์กรปกครองส่วนท้องถิ่น","756SS","เทศบาลตำบลท้าวอู่ทอง","2568","55.7746","55.7666","99.986000"
"2632","75000","องค์กรปกครองส่วนท้องถิ่น","756ST","เทศบาลตำบลอู่ทอง","2568","33.5603","33.5603","100.000000"
"2633","75000","องค์กรปกครองส่วนท้องถิ่น","756SU","เทศบาลตำบลขุนพัดเพ็ง","2568","30.0694","30.0434","99.914000"
"2634","75000","องค์กรปกครองส่วนท้องถิ่น","756SV","เทศบาลตำบลสระยายโสม","2568","21.6055","15.1055","69.915000"
"2635","75000","องค์กรปกครองส่วนท้องถิ่น","756SW","เทศบาลตำบลจรเข้สามพัน","2568","51.3143","51.2923","99.957000"
"2636","75000","องค์กรปกครองส่วนท้องถิ่น","756SX","เทศบาลตำบลบ้านดอน","2568","35.9406","35.6776","99.268000"
"2637","75000","องค์กรปกครองส่วนท้องถิ่น","756T3","เทศบาลตำบลบ้านโข้ง","2568","46.1214","46.1214","100.000000"
"2638","75000","องค์กรปกครองส่วนท้องถิ่น","756T4","เทศบาลตำบลเจดีย์","2568","17.4143","17.4143","100.000000"
"2639","75000","องค์กรปกครองส่วนท้องถิ่น","756T6","เทศบาลตำบลกระจัน","2568","27.1901","27.1901","100.000000"
"2640","75000","องค์กรปกครองส่วนท้องถิ่น","756T7","เทศบาลตำบลหนองหญ้าไซ","2568","19.9018","19.9018","100.000000"
"2641","75000","องค์กรปกครองส่วนท้องถิ่น","756TE","เทศบาลนครสุราษฎร์ธานี","2568","653.0173","653.0173","100.000000"
"2642","75000","องค์กรปกครองส่วนท้องถิ่น","756TF","องค์การบริหารส่วนจังหวัดสุราษฎร์ธานี","2568","494.4277","450.2827","91.071000"
"2643","75000","องค์กรปกครองส่วนท้องถิ่น","756TH","เทศบาลตำบลวัดประดู่","2568","72.2748","72.2748","100.000000"
"2644","75000","องค์กรปกครองส่วนท้องถิ่น","756TJ","เทศบาลตำบลขุนทะเล","2568","60.0906","60.0906","100.000000"
"2645","75000","องค์กรปกครองส่วนท้องถิ่น","756TR","เทศบาลตำบลท่าทองใหม่","2568","25.6454","25.6454","100.000000"
"2646","75000","องค์กรปกครองส่วนท้องถิ่น","756TU","เทศบาลตำบลกาญจนดิษฐ์","2568","54.0332","46.0486","85.223000"
"2647","75000","องค์กรปกครองส่วนท้องถิ่น","756TW","เทศบาลตำบลกรูด","2568","38.1349","38.1349","100.000000"
"2648","75000","องค์กรปกครองส่วนท้องถิ่น","756TX","เทศบาลตำบลช้างซ้าย","2568","47.5485","39.9115","83.939000"
"2649","75000","องค์กรปกครองส่วนท้องถิ่น","756U1","เทศบาลตำบลช้างขวา","2568","41.3728","33.822467","81.750000"
"2650","75000","องค์กรปกครองส่วนท้องถิ่น","756U5","เทศบาลเมืองดอนสัก","2568","76.0002","67.7492","89.143000"
"2651","75000","องค์กรปกครองส่วนท้องถิ่น","756UA","เทศบาลนครเกาะสมุย","2568","535.3851","516.2501","96.426000"
"2652","75000","องค์กรปกครองส่วนท้องถิ่น","756UB","เทศบาลตำบลเกาะพะงัน","2568","45.834","45.834","100.000000"
"2653","75000","องค์กรปกครองส่วนท้องถิ่น","756UC","เทศบาลตำบลเพชรพะงัน","2568","19.2954","19.2954","100.000000"
"2654","75000","องค์กรปกครองส่วนท้องถิ่น","756UD","เทศบาลตำบลบ้านใต้","2568","16.5082","16.5082","100.000000"
"2655","75000","องค์กรปกครองส่วนท้องถิ่น","756UE","เทศบาลตำบลเกาะเต่า","2568","16.257","16.257","100.000000"
"2656","75000","องค์กรปกครองส่วนท้องถิ่น","756UF","เทศบาลตำบลตลาดไชยา","2568","32.3264","27.44550342","84.901000"
"2657","75000","องค์กรปกครองส่วนท้องถิ่น","756UG","เทศบาลตำบลพุมเรียง","2568","37.7678","37.7439","99.937000"
"2658","75000","องค์กรปกครองส่วนท้องถิ่น","756UJ","เทศบาลตำบลเวียง","2568","27.4035","27.4035","100.000000"
"2659","75000","องค์กรปกครองส่วนท้องถิ่น","756UQ","เทศบาลตำบลท่าชนะ","2568","24.9049","20.3549","81.731000"
"2660","75000","องค์กรปกครองส่วนท้องถิ่น","756UX","เทศบาลตำบลท่าขนอน","2568","15.3651","15.3651","100.000000"
"2661","75000","องค์กรปกครองส่วนท้องถิ่น","756V6","เทศบาลตำบลบ้านตาขุน","2568","23.6654","23.6654","100.000000"
"2662","75000","องค์กรปกครองส่วนท้องถิ่น","756VA","เทศบาลตำบลบ้านเชี่ยวหลาน","2568","53.8473","53.8473","100.000000"
"2663","75000","องค์กรปกครองส่วนท้องถิ่น","756VB","เทศบาลตำบลพนม","2568","31.7687","31.7687","100.000000"
"2664","75000","องค์กรปกครองส่วนท้องถิ่น","756VG","เทศบาลตำบลคลองชะอุ่น","2568","64.81","44.82466","69.163000"
"2665","75000","องค์กรปกครองส่วนท้องถิ่น","756VH","เทศบาลตำบลท่าฉาง","2568","26.8716","26.8716","100.000000"
"2666","75000","องค์กรปกครองส่วนท้องถิ่น","756VQ","เทศบาลเมืองนาสาร","2568","184.0274","169.6274","92.175000"
"2667","75000","องค์กรปกครองส่วนท้องถิ่น","756VR","เทศบาลตำบลพรุพี","2568","30.4303","22.0803","72.560000"
"2668","75000","องค์กรปกครองส่วนท้องถิ่น","756VU","เทศบาลตำบลท่าชี","2568","24.3037","19.221699","79.090000"
"2669","75000","องค์กรปกครองส่วนท้องถิ่น","756VV","เทศบาลตำบลควนศรี","2568","22.7085","21.88","96.352000"
"2670","75000","องค์กรปกครองส่วนท้องถิ่น","756VX","เทศบาลตำบลคลองปราบ","2568","23.0192","19.3622","84.113000"
"2671","75000","องค์กรปกครองส่วนท้องถิ่น","756W1","เทศบาลตำบลบ้านนา","2568","29.3115","29.3115","100.000000"
"2672","75000","องค์กรปกครองส่วนท้องถิ่น","756W6","เทศบาลตำบลเคียนซา","2568","20.6433","20.6433","100.000000"
"2673","75000","องค์กรปกครองส่วนท้องถิ่น","756WB","เทศบาลตำบลบ้านเสด็จ","2568","78.661","78.661","100.000000"
"2674","75000","องค์กรปกครองส่วนท้องถิ่น","756WC","เทศบาลตำบลเมืองเวียง","2568","39.7552","37.03114187","93.148000"
"2675","75000","องค์กรปกครองส่วนท้องถิ่น","756WD","เทศบาลตำบลบ้านส้อง","2568","72.808","72.808","100.000000"
"2676","75000","องค์กรปกครองส่วนท้องถิ่น","756WE","เทศบาลตำบลเวียงสระ","2568","36.1559","33.1059","91.564000"
"2677","75000","องค์กรปกครองส่วนท้องถิ่น","756WG","เทศบาลตำบลทุ่งหลวง","2568","62.9404","62.9404","100.000000"
"2678","75000","องค์กรปกครองส่วนท้องถิ่น","756WH","เทศบาลตำบลเขานิพันธ์","2568","36.0617","36.0567","99.986000"
"2679","75000","องค์กรปกครองส่วนท้องถิ่น","756WJ","เทศบาลตำบลย่านดินแดง","2568","17.3822","17.3822","100.000000"
"2680","75000","องค์กรปกครองส่วนท้องถิ่น","756WM","เทศบาลตำบลบางสวรรค์","2568","27.2839","27.2839","100.000000"
"2681","75000","องค์กรปกครองส่วนท้องถิ่น","756WT","เทศบาลเมืองท่าข้าม","2568","135.3931","128.3325","94.785000"
"2682","75000","องค์กรปกครองส่วนท้องถิ่น","756XG","องค์การบริหารส่วนจังหวัดสุรินทร์","2568","150.8001","150.8001","100.000000"
"2683","75000","องค์กรปกครองส่วนท้องถิ่น","756XH","เทศบาลเมืองสุรินทร์","2568","266.7093","261.9763","98.225000"
"2684","75000","องค์กรปกครองส่วนท้องถิ่น","756XY","เทศบาลตำบลเมืองที","2568","19.5469","19.5469","100.000000"
"2685","75000","องค์กรปกครองส่วนท้องถิ่น","756Y5","เทศบาลตำบลชุมพลบุรี","2568","20.8628","16.6085","79.608000"
"2686","75000","องค์กรปกครองส่วนท้องถิ่น","756Y6","เทศบาลตำบลทุ่งศรีชุมพล","2568","50.7162","50.7162","100.000000"
"2687","75000","องค์กรปกครองส่วนท้องถิ่น","756Y7","เทศบาลตำบลนาหนองไผ่","2568","50.8695","47.8345","94.034000"
"2688","75000","องค์กรปกครองส่วนท้องถิ่น","756YA","เทศบาลตำบลยะวึก","2568","41.525","41.525","100.000000"
"2689","75000","องค์กรปกครองส่วนท้องถิ่น","756YC","เทศบาลตำบลสระขุด","2568","36.7938","36.7938","100.000000"
"2690","75000","องค์กรปกครองส่วนท้องถิ่น","756YF","เทศบาลตำบลท่าตูม","2568","52.6558","52.6558","100.000000"
"2691","75000","องค์กรปกครองส่วนท้องถิ่น","756YL","เทศบาลตำบลเมืองแก","2568","47.522","47.522","100.000000"
"2692","75000","องค์กรปกครองส่วนท้องถิ่น","756YS","เทศบาลตำบลจอมพระ","2568","24.024","24.024","100.000000"
"2693","75000","องค์กรปกครองส่วนท้องถิ่น","756YV","เทศบาลตำบลกระหาด","2568","32.5626","32.5626","100.000000"
"2694","75000","องค์กรปกครองส่วนท้องถิ่น","756YW","เทศบาลตำบลบุแกรง","2568","39.719","38.1635","96.084000"
"2695","75000","องค์กรปกครองส่วนท้องถิ่น","756Z2","เทศบาลตำบลกังแอน","2568","38.1185","38.1185","100.000000"
"2696","75000","องค์กรปกครองส่วนท้องถิ่น","756Z6","เทศบาลตำบลนิคมปราสาท","2568","17.4999","17.4999","100.000000"
"2697","75000","องค์กรปกครองส่วนท้องถิ่น","756ZK","เทศบาลตำบลกันตวจระมวล","2568","38.0094","38.0094","100.000000"
"2698","75000","องค์กรปกครองส่วนท้องถิ่น","756ZN","เทศบาลตำบลกาบเชิง","2568","64.5558","64.5558","100.000000"
"2699","75000","องค์กรปกครองส่วนท้องถิ่น","756ZS","เทศบาลตำบลโคกตะเคียน","2568","64.406","64.406","100.000000"
"2700","75000","องค์กรปกครองส่วนท้องถิ่น","75700","เทศบาลตำบลรัตนบุรี","2568","34.7591","34.7591","100.000000"
"2701","75000","องค์กรปกครองส่วนท้องถิ่น","75707","เทศบาลตำบลสนม","2568","28.3933","28.3933","100.000000"
"2702","75000","องค์กรปกครองส่วนท้องถิ่น","7570C","เทศบาลตำบลแคน","2568","45.239","45.239","100.000000"
"2703","75000","องค์กรปกครองส่วนท้องถิ่น","7570F","เทศบาลตำบลศีขรภูมิ","2568","34.6878","34.6878","100.000000"
"2704","75000","องค์กรปกครองส่วนท้องถิ่น","7570W","เทศบาลตำบลผักไหม","2568","37.4554","37.4554","100.000000"
"2705","75000","องค์กรปกครองส่วนท้องถิ่น","7570X","เทศบาลตำบลสังขะ","2568","46.5512","46.5512","100.000000"
"2706","75000","องค์กรปกครองส่วนท้องถิ่น","7571A","เทศบาลตำบลลำดวนสุรพินท์","2568","30.739","30.739","100.000000"
"2707","75000","องค์กรปกครองส่วนท้องถิ่น","7571H","เทศบาลตำบลสำโรงทาบ","2568","19.8263","19.8263","100.000000"
"2708","75000","องค์กรปกครองส่วนท้องถิ่น","7571P","เทศบาลตำบลหมื่นศรี","2568","41.0021","40.90590326","99.765000"
"2709","75000","องค์กรปกครองส่วนท้องถิ่น","7571T","เทศบาลตำบลบัวเชด","2568","34.5788","34.5788","100.000000"
"2710","75000","องค์กรปกครองส่วนท้องถิ่น","75729","เทศบาลตำบลเขวาสินรินทร์","2568","51.681","51.681","100.000000"
"2711","75000","องค์กรปกครองส่วนท้องถิ่น","7572K","เทศบาลเมืองหนองคาย","2568","306.9504","286.4235","93.313000"
"2712","75000","องค์กรปกครองส่วนท้องถิ่น","7572L","เทศบาลตำบลโพธิ์ชัย","2568","28.8501","28.8501","100.000000"
"2713","75000","องค์กรปกครองส่วนท้องถิ่น","7572M","เทศบาลตำบลกวนวัน","2568","19.927","19.927","100.000000"
"2714","75000","องค์กรปกครองส่วนท้องถิ่น","7572N","เทศบาลตำบลเวียงคุก","2568","38.1281","38.1281","100.000000"
"2715","75000","องค์กรปกครองส่วนท้องถิ่น","7572P","เทศบาลตำบลวัดธาตุ","2568","50.6431","50.6431","100.000000"
"2716","75000","องค์กรปกครองส่วนท้องถิ่น","7572Q","เทศบาลตำบลหาดคำ","2568","38.6984","38.6984","100.000000"
"2717","75000","องค์กรปกครองส่วนท้องถิ่น","7572S","เทศบาลตำบลบ้านเดื่อ","2568","35.0691","35.0691","100.000000"
"2718","75000","องค์กรปกครองส่วนท้องถิ่น","7572T","เทศบาลตำบลหนองสองห้อง","2568","29.4333","29.4333","100.000000"
"2719","75000","องค์กรปกครองส่วนท้องถิ่น","7572X","องค์การบริหารส่วนจังหวัดหนองคาย","2568","119.1795","118.8459","99.720000"
"2720","75000","องค์กรปกครองส่วนท้องถิ่น","7572Z","เทศบาลตำบลปะโค","2568","28.38","27.39","96.512000"
"2721","75000","องค์กรปกครองส่วนท้องถิ่น","75732","เทศบาลเมืองท่าบ่อ","2568","128.4644","128.4644","100.000000"
"2722","75000","องค์กรปกครองส่วนท้องถิ่น","75735","เทศบาลตำบลกองนาง","2568","35.0521","33.8701","96.628000"
"2723","75000","องค์กรปกครองส่วนท้องถิ่น","75738","เทศบาลตำบลบ้านถ่อน","2568","30.0955","24.6025","81.748000"
"2724","75000","องค์กรปกครองส่วนท้องถิ่น","7573B","เทศบาลตำบลโพนสา","2568","21.4808","21.4808","100.000000"
"2725","75000","องค์กรปกครองส่วนท้องถิ่น","7573E","เทศบาลตำบลโพนพิสัย","2568","25.8923","23.4207176","90.454000"
"2726","75000","องค์กรปกครองส่วนท้องถิ่น","7573R","เทศบาลตำบลสร้างนางขาว","2568","20.7046","19.6416","94.866000"
"2727","75000","องค์กรปกครองส่วนท้องถิ่น","7573S","เทศบาลตำบลศรีเชียงใหม่","2568","36.9328","34.4673","93.324000"
"2728","75000","องค์กรปกครองส่วนท้องถิ่น","7573W","เทศบาลตำบลหนองปลาปาก","2568","36.6745","36.6745","100.000000"
"2729","75000","องค์กรปกครองส่วนท้องถิ่น","75741","เทศบาลตำบลสังคม","2568","26.0585","20.9635","80.448000"
"2730","75000","องค์กรปกครองส่วนท้องถิ่น","75746","เทศบาลตำบลเฝ้าไร่","2568","47.1438","47.1438","100.000000"
"2731","75000","องค์กรปกครองส่วนท้องถิ่น","7574K","เทศบาลเมืองหนองบัวลำภู","2568","124.9891","107.8424","86.281000"
"2732","75000","องค์กรปกครองส่วนท้องถิ่น","7574P","เทศบาลตำบลหัวนา","2568","33.0272","29.6047","89.637000"
"2733","75000","องค์กรปกครองส่วนท้องถิ่น","7574S","เทศบาลตำบลนามะเฟือง","2568","28.0195","28.0195","100.000000"
"2734","75000","องค์กรปกครองส่วนท้องถิ่น","7574W","องค์การบริหารส่วนจังหวัดหนองบัวลำภู","2568","353.7813","323.0253","91.306000"
"2735","75000","องค์กรปกครองส่วนท้องถิ่น","7574Z","เทศบาลตำบลนาคำไฮ","2568","28.3758","28.3758","100.000000"
"2736","75000","องค์กรปกครองส่วนท้องถิ่น","75753","เทศบาลตำบลนากลาง","2568","90.3438","90.3438","100.000000"
"2737","75000","องค์กรปกครองส่วนท้องถิ่น","75755","เทศบาลตำบลกุดดินจี่","2568","39.6659","39.6659","100.000000"
"2738","75000","องค์กรปกครองส่วนท้องถิ่น","75756","เทศบาลตำบลนาหนองทุ่ม","2568","43.0114","43.0114","100.000000"
"2739","75000","องค์กรปกครองส่วนท้องถิ่น","75757","เทศบาลตำบลฝั่งแดง","2568","52.3663","45.7898","87.441000"
"2740","75000","องค์กรปกครองส่วนท้องถิ่น","75758","เทศบาลตำบลเก่ากลอย","2568","46.7999","44.2999","94.658000"
"2741","75000","องค์กรปกครองส่วนท้องถิ่น","7575D","เทศบาลตำบลโนนสัง","2568","48.4229","47.1329","97.336000"
"2742","75000","องค์กรปกครองส่วนท้องถิ่น","7575F","เทศบาลตำบลหนองเรือ","2568","55.7891","53.0921","95.166000"
"2743","75000","องค์กรปกครองส่วนท้องถิ่น","7575G","เทศบาลตำบลกุดดู่","2568","22.1384","22.1384","100.000000"
"2744","75000","องค์กรปกครองส่วนท้องถิ่น","7575J","เทศบาลตำบลบ้านค้อ","2568","35.0748","32.5788","92.884000"
"2745","75000","องค์กรปกครองส่วนท้องถิ่น","7575Q","เทศบาลตำบลโนนสูงเปลือย","2568","29.5455","29.5455","100.000000"
"2746","75000","องค์กรปกครองส่วนท้องถิ่น","7575S","เทศบาลตำบลจอมทอง","2568","29.7512","29.7512","100.000000"
"2747","75000","องค์กรปกครองส่วนท้องถิ่น","7575X","เทศบาลตำบลโนนสะอาด","2568","60.5559","59.3569","98.020000"
"2748","75000","องค์กรปกครองส่วนท้องถิ่น","7575Y","เทศบาลตำบลยางหล่อ","2568","47.577","42.286","88.879000"
"2749","75000","องค์กรปกครองส่วนท้องถิ่น","75761","เทศบาลตำบลหนองแก","2568","39.4569","38.8369","98.429000"
"2750","75000","องค์กรปกครองส่วนท้องถิ่น","75765","เทศบาลตำบลบ้านโคก","2568","34.9617","34.9617","100.000000"
"2751","75000","องค์กรปกครองส่วนท้องถิ่น","75767","เทศบาลตำบลนาดี","2568","50.3926","50.3926","100.000000"
"2752","75000","องค์กรปกครองส่วนท้องถิ่น","75768","เทศบาลตำบลนาด่าน","2568","47.0508","46.0208","97.811000"
"2753","75000","องค์กรปกครองส่วนท้องถิ่น","7576A","เทศบาลตำบลสุวรรณคูหา","2568","42.603","41.7307","97.952000"
"2754","75000","องค์กรปกครองส่วนท้องถิ่น","7576B","เทศบาลตำบลบุญทัน","2568","33.7457","28.6716","84.964000"
"2755","75000","องค์กรปกครองส่วนท้องถิ่น","7576D","เทศบาลตำบลนาเหล่า","2568","40.4313","40.4313","100.000000"
"2756","75000","องค์กรปกครองส่วนท้องถิ่น","7576K","เทศบาลเมืองอ่างทอง","2568","207.1955","192.1466","92.737000"
"2757","75000","องค์กรปกครองส่วนท้องถิ่น","7576L","เทศบาลตำบลศาลาแดง","2568","28.6124","26.1224","91.297000"
"2758","75000","องค์กรปกครองส่วนท้องถิ่น","7576M","องค์การบริหารส่วนจังหวัดอ่างทอง","2568","102.7565","102.7565","100.000000"
"2759","75000","องค์กรปกครองส่วนท้องถิ่น","7576U","เทศบาลตำบลโพสะ","2568","24.93","24.93","100.000000"
"2760","75000","องค์กรปกครองส่วนท้องถิ่น","7576X","เทศบาลตำบลไชโย","2568","35.984","35.984","100.000000"
"2761","75000","องค์กรปกครองส่วนท้องถิ่น","75771","เทศบาลตำบลเกษไชโย","2568","25.9537","25.9537","100.000000"
"2762","75000","องค์กรปกครองส่วนท้องถิ่น","75772","เทศบาลตำบลป่าโมก","2568","120.5943","119.7033","99.261000"
"2763","75000","องค์กรปกครองส่วนท้องถิ่น","75779","เทศบาลตำบลโพธิ์ทอง","2568","27.9511","27.9511","100.000000"
"2764","75000","องค์กรปกครองส่วนท้องถิ่น","7577E","เทศบาลตำบลม่วงคัน","2568","36.1227","36.1227","100.000000"
"2765","75000","องค์กรปกครองส่วนท้องถิ่น","7577F","เทศบาลตำบลรำมะสัก","2568","33.8617","33.8617","100.000000"
"2766","75000","องค์กรปกครองส่วนท้องถิ่น","7577J","เทศบาลตำบลโคกพุทรา","2568","23.6881","23.6881","100.000000"
"2767","75000","องค์กรปกครองส่วนท้องถิ่น","7577L","เทศบาลตำบลทางพระ","2568","17.5726","17.5726","100.000000"
"2768","75000","องค์กรปกครองส่วนท้องถิ่น","7577P","เทศบาลตำบลเพชรเมืองทอง","2568","28.3009","28.0139","98.986000"
"2769","75000","องค์กรปกครองส่วนท้องถิ่น","7577Q","เทศบาลตำบลแสวงหา","2568","22.6551","22.6551","100.000000"
"2770","75000","องค์กรปกครองส่วนท้องถิ่น","7577Y","เทศบาลตำบลวิเศษไชยชาญ","2568","41.0477","41.0477","100.000000"
"2771","75000","องค์กรปกครองส่วนท้องถิ่น","75780","เทศบาลตำบลไผ่ดำพัฒนา","2568","17.8174","17.8174","100.000000"
"2772","75000","องค์กรปกครองส่วนท้องถิ่น","75781","เทศบาลตำบลสาวร้องไห้","2568","21.6652","21.6652","100.000000"
"2773","75000","องค์กรปกครองส่วนท้องถิ่น","75782","เทศบาลตำบลท่าช้าง","2568","30.0629","30.0629","100.000000"
"2774","75000","องค์กรปกครองส่วนท้องถิ่น","75784","เทศบาลตำบลบางจัก","2568","31.1175","31.1175","100.000000"
"2775","75000","องค์กรปกครองส่วนท้องถิ่น","75786","เทศบาลตำบลห้วยคันแหลน","2568","25.5815","25.5815","100.000000"
"2776","75000","องค์กรปกครองส่วนท้องถิ่น","75789","เทศบาลตำบลม่วงเตี้ย","2568","26.9987","26.9987","100.000000"
"2777","75000","องค์กรปกครองส่วนท้องถิ่น","7578D","เทศบาลตำบลสามโก้","2568","54.7944","54.7944","100.000000"
"2778","75000","องค์กรปกครองส่วนท้องถิ่น","7578G","เทศบาลเมืองอำนาจเจริญ","2568","149.1716","131.53909999","88.180000"
"2779","75000","องค์กรปกครองส่วนท้องถิ่น","7578J","เทศบาลตำบลไก่คำ","2568","57.8096","57.8096","100.000000"
"2780","75000","องค์กรปกครองส่วนท้องถิ่น","7578R","เทศบาลตำบลน้ำปลีก","2568","35.5311","34.5061","97.115000"
"2781","75000","องค์กรปกครองส่วนท้องถิ่น","7578T","เทศบาลตำบลนาวัง","2568","30.6091","25.6131","83.678000"
"2782","75000","องค์กรปกครองส่วนท้องถิ่น","7578U","เทศบาลตำบลนาหมอม้า","2568","29.4573","29.4573","100.000000"
"2783","75000","องค์กรปกครองส่วนท้องถิ่น","7578W","องค์การบริหารส่วนจังหวัดอำนาจเจริญ","2568","323.363","323.298","99.980000"
"2784","75000","องค์กรปกครองส่วนท้องถิ่น","75792","เทศบาลตำบลนายม","2568","30.7552","29.0839","94.566000"
"2785","75000","องค์กรปกครองส่วนท้องถิ่น","75794","เทศบาลตำบลชานุมาน","2568","37.7795","31.7005","83.909000"
"2786","75000","องค์กรปกครองส่วนท้องถิ่น","75798","เทศบาลตำบลโคกก่ง","2568","42.6635","34.9998","82.037000"
"2787","75000","องค์กรปกครองส่วนท้องถิ่น","7579A","เทศบาลตำบลหนองข่า","2568","44.484","44.484","100.000000"
"2788","75000","องค์กรปกครองส่วนท้องถิ่น","7579C","เทศบาลตำบลปทุมราชวงศา","2568","30.8556","30.8556","100.000000"
"2789","75000","องค์กรปกครองส่วนท้องถิ่น","7579F","เทศบาลตำบลห้วย","2568","37.4186","37.4186","100.000000"
"2790","75000","องค์กรปกครองส่วนท้องถิ่น","7579H","เทศบาลตำบลนาป่าแซง","2568","40.8937","40.4817","98.993000"
"2791","75000","องค์กรปกครองส่วนท้องถิ่น","7579M","เทศบาลตำบลพนา","2568","45.3068","44.8828","99.064000"
"2792","75000","องค์กรปกครองส่วนท้องถิ่น","7579N","เทศบาลตำบลพระเหลา","2568","36.0029","36.0029","100.000000"
"2793","75000","องค์กรปกครองส่วนท้องถิ่น","7579P","เทศบาลตำบลสิริเสนางค์","2568","48.9178","46.4178","94.889000"
"2794","75000","องค์กรปกครองส่วนท้องถิ่น","7579Q","เทศบาลตำบลเสนางคนิคม","2568","30.235","24.235","80.155000"
"2795","75000","องค์กรปกครองส่วนท้องถิ่น","7579W","เทศบาลตำบลรัตนวารีศรีเจริญ","2568","27.2593","27.2593","100.000000"
"2796","75000","องค์กรปกครองส่วนท้องถิ่น","7579X","เทศบาลตำบลหัวตะพาน","2568","40.0627","40.0627","100.000000"
"2797","75000","องค์กรปกครองส่วนท้องถิ่น","7579Z","เทศบาลตำบลเค็งใหญ่","2568","31.991","31.991","100.000000"
"2798","75000","องค์กรปกครองส่วนท้องถิ่น","757A4","เทศบาลตำบลสามหนอง","2568","43.7231","43.7231","100.000000"
"2799","75000","องค์กรปกครองส่วนท้องถิ่น","757A5","เทศบาลตำบลอำนาจ","2568","43.3258","43.3258","100.000000"
"2800","75000","องค์กรปกครองส่วนท้องถิ่น","757A6","เทศบาลตำบลดงมะยาง","2568","30.2039","28.5109","94.395000"
"2801","75000","องค์กรปกครองส่วนท้องถิ่น","757A7","เทศบาลตำบลเปือย","2568","48.8396","48.8396","100.000000"
"2802","75000","องค์กรปกครองส่วนท้องถิ่น","757AB","เทศบาลตำบลโคกกลาง","2568","51.8277","51.8277","100.000000"
"2803","75000","องค์กรปกครองส่วนท้องถิ่น","757AC","องค์การบริหารส่วนจังหวัดอุดรธานี","2568","314.8785","303.6885","96.446000"
"2804","75000","องค์กรปกครองส่วนท้องถิ่น","757AD","เทศบาลนครอุดรธานี","2568","804.3328","780.2146","97.001000"
"2805","75000","องค์กรปกครองส่วนท้องถิ่น","757AG","เทศบาลตำบลบ้านตาด","2568","48.612","44.888","92.339000"
"2806","75000","องค์กรปกครองส่วนท้องถิ่น","757AH","เทศบาลเมืองโนนสูง-น้ำคำ","2568","56.1701","49.1507","87.503000"
"2807","75000","องค์กรปกครองส่วนท้องถิ่น","757AQ","เทศบาลเมืองหนองสำโรง","2568","95.5992","82.80801022","86.620000"
"2808","75000","องค์กรปกครองส่วนท้องถิ่น","757AU","เทศบาลตำบลนาข่า","2568","31.765","28.5506","89.881000"
"2809","75000","องค์กรปกครองส่วนท้องถิ่น","757AW","เทศบาลตำบลบ้านจั่น","2568","31.7789","23.60868","74.290000"
"2810","75000","องค์กรปกครองส่วนท้องถิ่น","757AY","เทศบาลตำบลหนองขอนกว้าง","2568","31.6315","29.9353","94.638000"
"2811","75000","องค์กรปกครองส่วนท้องถิ่น","757AZ","เทศบาลตำบลหนองบัว","2568","106.3325","105.0475","98.792000"
"2812","75000","องค์กรปกครองส่วนท้องถิ่น","757B0","เทศบาลตำบลนิคมสงเคราะห์","2568","20.9403","16.7043","79.771000"
"2813","75000","องค์กรปกครองส่วนท้องถิ่น","757B3","เทศบาลตำบลหนองไผ่","2568","41.1277","41.1274","99.999000"
"2814","75000","องค์กรปกครองส่วนท้องถิ่น","757B5","เทศบาลตำบลปะโค","2568","40.8339","35.2019","86.208000"
"2815","75000","องค์กรปกครองส่วนท้องถิ่น","757B7","เทศบาลตำบลยางชุม","2568","37.4666","37.4666","100.000000"
"2816","75000","องค์กรปกครองส่วนท้องถิ่น","757B8","เทศบาลตำบลเชียงเพ็ง","2568","25.3197","20.6235","81.452000"
"2817","75000","องค์กรปกครองส่วนท้องถิ่น","757B9","เทศบาลตำบลสร้างก่อ","2568","24.0698","21.5068","89.352000"
"2818","75000","องค์กรปกครองส่วนท้องถิ่น","757BB","เทศบาลตำบลกุดจับ","2568","43.1731","43.1731","100.000000"
"2819","75000","องค์กรปกครองส่วนท้องถิ่น","757BC","เทศบาลตำบลเมืองเพีย","2568","23.0658","23.0538","99.948000"
"2820","75000","องค์กรปกครองส่วนท้องถิ่น","757BD","เทศบาลตำบลตาลเลียน","2568","22.8813","22.8813","100.000000"
"2821","75000","องค์กรปกครองส่วนท้องถิ่น","757BF","เทศบาลตำบลหนองวัวซอ","2568","47.948","47.948","100.000000"
"2822","75000","องค์กรปกครองส่วนท้องถิ่น","757BJ","เทศบาลตำบลอูบมุง","2568","45.7516","41.09501846","89.822000"
"2823","75000","องค์กรปกครองส่วนท้องถิ่น","757BK","เทศบาลตำบลกุดหมากไฟ","2568","44.1183","34.9183","79.147000"
"2824","75000","องค์กรปกครองส่วนท้องถิ่น","757BM","เทศบาลตำบลหนองบัวบาน","2568","33.2195","32.7443","98.570000"
"2825","75000","องค์กรปกครองส่วนท้องถิ่น","757BN","เทศบาลตำบลภูผาแดง","2568","36.8806","36.8776","99.992000"
"2826","75000","องค์กรปกครองส่วนท้องถิ่น","757BP","เทศบาลตำบลโนนหวาย","2568","26.6498","26.6498","100.000000"
"2827","75000","องค์กรปกครองส่วนท้องถิ่น","757BR","เทศบาลตำบลกงพานพันดอน","2568","48.2771","46.1211","95.534000"
"2828","75000","องค์กรปกครองส่วนท้องถิ่น","757BS","เทศบาลตำบลพันดอน","2568","29.0415","24.7225","85.128000"
"2829","75000","องค์กรปกครองส่วนท้องถิ่น","757BT","เทศบาลตำบลเวียงคำ","2568","45.5557","45.5557","100.000000"
"2830","75000","องค์กรปกครองส่วนท้องถิ่น","757BU","เทศบาลตำบลแชแล","2568","49.021","49.021","100.000000"
"2831","75000","องค์กรปกครองส่วนท้องถิ่น","757BV","เทศบาลตำบลเชียงแหว","2568","42.3498","36.0608","85.150000"
"2832","75000","องค์กรปกครองส่วนท้องถิ่น","757BW","เทศบาลตำบลห้วยเกิ้ง","2568","39.4213","38.5843","97.877000"
"2833","75000","องค์กรปกครองส่วนท้องถิ่น","757BZ","เทศบาลตำบลปะโค","2568","45.5288","44.0478","96.747000"
"2834","75000","องค์กรปกครองส่วนท้องถิ่น","757C2","เทศบาลตำบลกุมภวาปี","2568","38.7818","38.7818","100.000000"
"2835","75000","องค์กรปกครองส่วนท้องถิ่น","757C4","เทศบาลตำบลหนองหว้า","2568","42.042","39.266","93.397000"
"2836","75000","องค์กรปกครองส่วนท้องถิ่น","757C5","เทศบาลตำบลหนองแวงโนนสะอาด","2568","22.8021","22.273726","97.683000"
"2837","75000","องค์กรปกครองส่วนท้องถิ่น","757C6","เทศบาลตำบลโนนสะอาด","2568","35.214","34.93","99.194000"
"2838","75000","องค์กรปกครองส่วนท้องถิ่น","757CC","เทศบาลตำบลหนองหาน","2568","35.28","30.0487","85.172000"
"2839","75000","องค์กรปกครองส่วนท้องถิ่น","757CE","เทศบาลตำบลหนองเม็ก","2568","39.9377","33.0077","82.648000"
"2840","75000","องค์กรปกครองส่วนท้องถิ่น","757CF","เทศบาลตำบลโคกสูง","2568","45.3276","44.934739","99.133000"
"2841","75000","องค์กรปกครองส่วนท้องถิ่น","757CK","เทศบาลตำบลบ้านเชียง","2568","30.6776","30.6776","100.000000"
"2842","75000","องค์กรปกครองส่วนท้องถิ่น","757CP","เทศบาลตำบลผักตบ","2568","34.3366","34.3366","100.000000"
"2843","75000","องค์กรปกครองส่วนท้องถิ่น","757CQ","เทศบาลตำบลหนองไผ่","2568","42.956","35.914","83.606000"
"2844","75000","องค์กรปกครองส่วนท้องถิ่น","757CT","เทศบาลตำบลทุ่งฝน","2568","36.6131","34.0643","93.039000"
"2845","75000","องค์กรปกครองส่วนท้องถิ่น","757CV","เทศบาลตำบลทุ่งใหญ่","2568","39.3808","37.7368","95.825000"
"2846","75000","องค์กรปกครองส่วนท้องถิ่น","757CY","เทศบาลตำบลหนองแวงแก้มหอม","2568","34.3495","33.373","97.157000"
"2847","75000","องค์กรปกครองส่วนท้องถิ่น","757CZ","เทศบาลตำบลไชยวาน","2568","44.432","44.3624","99.843000"
"2848","75000","องค์กรปกครองส่วนท้องถิ่น","757D2","เทศบาลตำบลโพนสูง","2568","38.792","38.792","100.000000"
"2849","75000","องค์กรปกครองส่วนท้องถิ่น","757D3","เทศบาลตำบลศรีธาตุ","2568","28.6125","26.3775","92.189000"
"2850","75000","องค์กรปกครองส่วนท้องถิ่น","757D5","เทศบาลตำบลจำปี","2568","65.17","55.1946","84.693000"
"2851","75000","องค์กรปกครองส่วนท้องถิ่น","757D6","เทศบาลตำบลบ้านโปร่ง","2568","28.4019","28.4019","100.000000"
"2852","75000","องค์กรปกครองส่วนท้องถิ่น","757D7","เทศบาลตำบลหัวนาคำ","2568","49.6958","43.6998","87.935000"
"2853","75000","องค์กรปกครองส่วนท้องถิ่น","757DC","เทศบาลตำบลหนองหญ้าไซ","2568","37.7102","29.63283364","78.580000"
"2854","75000","องค์กรปกครองส่วนท้องถิ่น","757DD","เทศบาลตำบลบะยาว","2568","42.5834","42.5834","100.000000"
"2855","75000","องค์กรปกครองส่วนท้องถิ่น","757DE","เทศบาลตำบลผาสุก","2568","66.9608","66.9548","99.991000"
"2856","75000","องค์กรปกครองส่วนท้องถิ่น","757DG","เทศบาลตำบลลำพันชาด","2568","30.357","30.337","99.934000"
"2857","75000","องค์กรปกครองส่วนท้องถิ่น","757DH","เทศบาลตำบลวังสามหมอ","2568","30.8341","30.8341","100.000000"
"2858","75000","องค์กรปกครองส่วนท้องถิ่น","757DJ","เทศบาลเมืองบ้านดุง","2568","99.7899","99.73920466","99.949000"
"2859","75000","องค์กรปกครองส่วนท้องถิ่น","757DX","เทศบาลตำบลบ้านผือ","2568","43.2688","38.6453","89.314000"
"2860","75000","องค์กรปกครองส่วนท้องถิ่น","757E1","เทศบาลตำบลคำบง","2568","33.8475","33.4929","98.952000"
"2861","75000","องค์กรปกครองส่วนท้องถิ่น","757E5","เทศบาลตำบลกลางใหญ่","2568","45.1403","45.1403","100.000000"
"2862","75000","องค์กรปกครองส่วนท้องถิ่น","757EB","เทศบาลตำบลนางัว","2568","45.2223","41.620038","92.034000"
"2863","75000","องค์กรปกครองส่วนท้องถิ่น","757ED","เทศบาลตำบลน้ำโสม","2568","46.0293","43.5393","94.590000"
"2864","75000","องค์กรปกครองส่วนท้องถิ่น","757EL","เทศบาลตำบลเพ็ญ","2568","25.7948","21.6998","84.125000"
"2865","75000","องค์กรปกครองส่วนท้องถิ่น","757EN","เทศบาลตำบลบ้านธาตุ","2568","68.3658","62.911295","92.022000"
"2866","75000","องค์กรปกครองส่วนท้องถิ่น","757EY","เทศบาลตำบลสร้างคอม","2568","38.8256","34.8546","89.772000"
"2867","75000","องค์กรปกครองส่วนท้องถิ่น","757F0","เทศบาลตำบลบ้านยวด","2568","25.4709","17.76930741","69.763000"
"2868","75000","องค์กรปกครองส่วนท้องถิ่น","757F1","เทศบาลตำบลบ้านโคก","2568","41.7558","34.1048","81.677000"
"2869","75000","องค์กรปกครองส่วนท้องถิ่น","757F5","เทศบาลตำบลแสงสว่าง","2568","22.6829","22.6829","100.000000"
"2870","75000","องค์กรปกครองส่วนท้องถิ่น","757F7","เทศบาลตำบลนาดี","2568","35.8923","35.3953","98.615000"
"2871","75000","องค์กรปกครองส่วนท้องถิ่น","757F9","เทศบาลตำบลนายูง","2568","39.9321","33.7421","84.499000"
"2872","75000","องค์กรปกครองส่วนท้องถิ่น","757FC","เทศบาลตำบลโนนทอง","2568","38.1506","38.1489","99.996000"
"2873","75000","องค์กรปกครองส่วนท้องถิ่น","757FG","เทศบาลตำบลกู่แก้ว","2568","29.8906","28.8446","96.501000"
"2874","75000","องค์กรปกครองส่วนท้องถิ่น","757FK","เทศบาลตำบลคอนสาย","2568","39.1429","37.1363","94.874000"
"2875","75000","องค์กรปกครองส่วนท้องถิ่น","757FP","องค์การบริหารส่วนจังหวัดอุตรดิตถ์","2568","286.0265","269.7368","94.305000"
"2876","75000","องค์กรปกครองส่วนท้องถิ่น","757FQ","เทศบาลเมืองอุตรดิตถ์","2568","373.8759","355.99902","95.218000"
"2877","75000","องค์กรปกครองส่วนท้องถิ่น","757FR","เทศบาลตำบลท่าเสา","2568","49.9484","46.339801","92.775000"
"2878","75000","องค์กรปกครองส่วนท้องถิ่น","757FS","เทศบาลตำบลบ้านเกาะ","2568","31.8521","31.8521","100.000000"
"2879","75000","องค์กรปกครองส่วนท้องถิ่น","757FT","เทศบาลตำบลป่าเซ่า","2568","34.6925","34.6925","100.000000"
"2880","75000","องค์กรปกครองส่วนท้องถิ่น","757FU","เทศบาลตำบลคุ้งตะเภา","2568","51.5654","51.5554","99.981000"
"2881","75000","องค์กรปกครองส่วนท้องถิ่น","757FV","เทศบาลตำบลวังกะพี้","2568","63.4058","63.4058","100.000000"
"2882","75000","องค์กรปกครองส่วนท้องถิ่น","757FW","เทศบาลตำบลหาดกรวด","2568","42.5264","42.5264","100.000000"
"2883","75000","องค์กรปกครองส่วนท้องถิ่น","757FX","เทศบาลตำบลน้ำริด","2568","35.9379","35.0119","97.423000"
"2884","75000","องค์กรปกครองส่วนท้องถิ่น","757FY","เทศบาลตำบลงิ้วงาม","2568","48.8291","48.2511","98.816000"
"2885","75000","องค์กรปกครองส่วนท้องถิ่น","757FZ","เทศบาลตำบลบ้านด่านนาขาม","2568","22.7786","22.7786","100.000000"
"2886","75000","องค์กรปกครองส่วนท้องถิ่น","757G2","เทศบาลตำบลผาจุก","2568","57.1593","55.6313","97.327000"
"2887","75000","องค์กรปกครองส่วนท้องถิ่น","757G8","เทศบาลตำบลตรอน","2568","13.9252","13.9252","100.000000"
"2888","75000","องค์กรปกครองส่วนท้องถิ่น","757GA","เทศบาลตำบลบ้านแก่ง","2568","20.378","20.378","100.000000"
"2889","75000","องค์กรปกครองส่วนท้องถิ่น","757GF","เทศบาลตำบลท่าปลา","2568","34.3147","34.3147","100.000000"
"2890","75000","องค์กรปกครองส่วนท้องถิ่น","757GK","เทศบาลตำบลจริม","2568","51.1694","51.1694","100.000000"
"2891","75000","องค์กรปกครองส่วนท้องถิ่น","757GN","เทศบาลตำบลร่วมจิต","2568","38.4643","38.4643","100.000000"
"2892","75000","องค์กรปกครองส่วนท้องถิ่น","757GQ","เทศบาลตำบลน้ำปาด","2568","17.7801","17.7801","100.000000"
"2893","75000","องค์กรปกครองส่วนท้องถิ่น","757GY","เทศบาลตำบลฟากท่า","2568","10.5532","10.5532","100.000000"
"2894","75000","องค์กรปกครองส่วนท้องถิ่น","757H4","เทศบาลตำบลบ้านโคก","2568","30.2034","30.2034","100.000000"
"2895","75000","องค์กรปกครองส่วนท้องถิ่น","757H7","เทศบาลตำบลในเมือง","2568","19.9898","19.9898","100.000000"
"2896","75000","องค์กรปกครองส่วนท้องถิ่น","757HB","เทศบาลตำบลท่าสัก","2568","13.6101","13.6101","100.000000"
"2897","75000","องค์กรปกครองส่วนท้องถิ่น","757HL","เทศบาลตำบลศรีพนมมาศ","2568","56.7886","56.7886","100.000000"
"2898","75000","องค์กรปกครองส่วนท้องถิ่น","757HM","เทศบาลตำบลหัวดง","2568","43.757","42.185","96.407000"
"2899","75000","องค์กรปกครองส่วนท้องถิ่น","757HT","เทศบาลตำบลทุ่งยั้ง","2568","50.7421","43.2571","85.249000"
"2900","75000","องค์กรปกครองส่วนท้องถิ่น","757HU","เทศบาลตำบลพระเสด็จ","2568","23.9001","23.9001","100.000000"
"2901","75000","องค์กรปกครองส่วนท้องถิ่น","757HX","เทศบาลตำบลทองแสนขัน","2568","25.1687","25.1687","100.000000"
"2902","75000","องค์กรปกครองส่วนท้องถิ่น","757J1","องค์การบริหารส่วนจังหวัดอุทัยธานี","2568","201.0124","196.1224","97.567000"
"2903","75000","องค์กรปกครองส่วนท้องถิ่น","757J2","เทศบาลเมืองอุทัยธานี","2568","178.184","159.7896","89.677000"
"2904","75000","องค์กรปกครองส่วนท้องถิ่น","757J6","เทศบาลตำบลหาดทนง","2568","19.7428","19.7428","100.000000"
"2905","75000","องค์กรปกครองส่วนท้องถิ่น","757JC","เทศบาลตำบลทัพทัน","2568","45.2319","45.2319","100.000000"
"2906","75000","องค์กรปกครองส่วนท้องถิ่น","757JH","เทศบาลตำบลหนองสระ","2568","21.7912","17.9532","82.387000"
"2907","75000","องค์กรปกครองส่วนท้องถิ่น","757JJ","เทศบาลตำบลตลุกดู่","2568","49.7226","49.7226","100.000000"
"2908","75000","องค์กรปกครองส่วนท้องถิ่น","757JK","เทศบาลตำบลสว่างอารมณ์","2568","14.9851","14.9851","100.000000"
"2909","75000","องค์กรปกครองส่วนท้องถิ่น","757JL","เทศบาลตำบลสว่างแจ้งสบายใจ","2568","25.115","25.115","100.000000"
"2910","75000","องค์กรปกครองส่วนท้องถิ่น","757JN","เทศบาลตำบลพลวงสองนาง","2568","33.3034","33.3034","100.000000"
"2911","75000","องค์กรปกครองส่วนท้องถิ่น","757JR","เทศบาลตำบลหนองฉาง","2568","22.9263","17.709","77.243000"
"2912","75000","องค์กรปกครองส่วนท้องถิ่น","757JZ","เทศบาลตำบลเขาบางแกรก","2568","41.0606","41.0606","100.000000"
"2913","75000","องค์กรปกครองส่วนท้องถิ่น","757K1","เทศบาลตำบลหนองขาหย่าง","2568","13.0454","13.0454","100.000000"
"2914","75000","องค์กรปกครองส่วนท้องถิ่น","757K7","เทศบาลตำบลบ้านไร่","2568","17.8013","17.8013","100.000000"
"2915","75000","องค์กรปกครองส่วนท้องถิ่น","757KD","เทศบาลตำบลเมืองการุ้ง","2568","18.9494","18.9494","100.000000"
"2916","75000","องค์กรปกครองส่วนท้องถิ่น","757KM","เทศบาลตำบลลานสัก","2568","24.5117","24.5117","100.000000"
"2917","75000","องค์กรปกครองส่วนท้องถิ่น","757KX","องค์การบริหารส่วนจังหวัดอุบลราชธานี","2568","803.19","765.01976","95.248000"
"2918","75000","องค์กรปกครองส่วนท้องถิ่น","757KY","เทศบาลนครอุบลราชธานี","2568","495.6967","478.5967","96.550000"
"2919","75000","องค์กรปกครองส่วนท้องถิ่น","757L1","เทศบาลตำบลปทุม","2568","35.7927","35.7927","100.000000"
"2920","75000","องค์กรปกครองส่วนท้องถิ่น","757L2","เทศบาลตำบลขามใหญ่","2568","107.7443","107.7443","100.000000"
"2921","75000","องค์กรปกครองส่วนท้องถิ่น","757L3","เทศบาลตำบลอุบล","2568","24.9521","24.9521","100.000000"
"2922","75000","องค์กรปกครองส่วนท้องถิ่น","757L4","เทศบาลเมืองแจระแม","2568","81.7801","66.30665","81.079000"
"2923","75000","องค์กรปกครองส่วนท้องถิ่น","757LB","เทศบาลตำบลศรีเมืองใหม่","2568","32.5029","32.5029","100.000000"
"2924","75000","องค์กรปกครองส่วนท้องถิ่น","757LP","เทศบาลตำบลบ้านด่านโขงเจียม","2568","22.9689","22.9689","100.000000"
"2925","75000","องค์กรปกครองส่วนท้องถิ่น","757LV","เทศบาลตำบลห้วยเรือ","2568","23.8816","18.8766","79.042000"
"2926","75000","องค์กรปกครองส่วนท้องถิ่น","757LW","เทศบาลตำบลเขื่องใน","2568","39.3475","34.4635","87.588000"
"2927","75000","องค์กรปกครองส่วนท้องถิ่น","757M7","เทศบาลตำบลบ้านกอก","2568","31.2844","28.19339939","90.120000"
"2928","75000","องค์กรปกครองส่วนท้องถิ่น","757ME","เทศบาลตำบลเขมราฐ","2568","36.1327","36.1327","100.000000"
"2929","75000","องค์กรปกครองส่วนท้องถิ่น","757MF","เทศบาลตำบลเทพวงศา","2568","48.6368","45.1451","92.821000"
"2930","75000","องค์กรปกครองส่วนท้องถิ่น","757MG","เทศบาลตำบลขามป้อม","2568","51.505","51.0885","99.191000"
"2931","75000","องค์กรปกครองส่วนท้องถิ่น","757MJ","เทศบาลตำบลหนองผือ","2568","49.3165","47.7689","96.862000"
"2932","75000","องค์กรปกครองส่วนท้องถิ่น","757MM","เทศบาลตำบลหนองนกทา","2568","32.1305","32.1305","100.000000"
"2933","75000","องค์กรปกครองส่วนท้องถิ่น","757MP","เทศบาลตำบลหัวนา","2568","59.9181","59.9181","100.000000"
"2934","75000","องค์กรปกครองส่วนท้องถิ่น","757MQ","เทศบาลเมืองเดชอุดม","2568","85.4932","79.057771","92.473000"
"2935","75000","องค์กรปกครองส่วนท้องถิ่น","757MS","เทศบาลตำบลนาส่วง","2568","23.9523","23.9523","100.000000"
"2936","75000","องค์กรปกครองส่วนท้องถิ่น","757MX","เทศบาลตำบลกุดประทาย","2568","53.4081","53.4081","100.000000"
"2937","75000","องค์กรปกครองส่วนท้องถิ่น","757N2","เทศบาลตำบลบัวงาม","2568","42.2155","41.128188","97.424000"
"2938","75000","องค์กรปกครองส่วนท้องถิ่น","757N6","เทศบาลตำบลโพนงาม","2568","38.1685","38.1685","100.000000"
"2939","75000","องค์กรปกครองส่วนท้องถิ่น","757N9","เทศบาลตำบลนาจะหลวย","2568","34.6536","33.7556","97.409000"
"2940","75000","องค์กรปกครองส่วนท้องถิ่น","757NA","เทศบาลตำบลภูจองนายอย","2568","51.0519","45.3819","88.894000"
"2941","75000","องค์กรปกครองส่วนท้องถิ่น","757NG","เทศบาลตำบลโซง","2568","39.5415","30.1545","76.260000"
"2942","75000","องค์กรปกครองส่วนท้องถิ่น","757NL","เทศบาลตำบลน้ำยืน","2568","39.9159","35.8709","89.866000"
"2943","75000","องค์กรปกครองส่วนท้องถิ่น","757NM","เทศบาลตำบลสีวิเชียร","2568","39.7232","31.46013117","79.198000"
"2944","75000","องค์กรปกครองส่วนท้องถิ่น","757NS","เทศบาลตำบลคอแลน","2568","64.4753","64.4753","100.000000"
"2945","75000","องค์กรปกครองส่วนท้องถิ่น","757NT","เทศบาลตำบลนาโพธิ์","2568","48.0663","46.7393","97.239000"
"2946","75000","องค์กรปกครองส่วนท้องถิ่น","757NW","เทศบาลตำบลบุณฑริก","2568","25.9421","25.9421","100.000000"
"2947","75000","องค์กรปกครองส่วนท้องถิ่น","757NZ","เทศบาลตำบลตระการพืชผล","2568","52.0337","52.0337","100.000000"
"2948","75000","องค์กรปกครองส่วนท้องถิ่น","757PN","เทศบาลตำบลกุดข้าวปุ้น","2568","24.821","24.821","100.000000"
"2949","75000","องค์กรปกครองส่วนท้องถิ่น","757PU","เทศบาลตำบลม่วงสามสิบ","2568","23.5929","21.7029","91.989000"
"2950","75000","องค์กรปกครองส่วนท้องถิ่น","757Q9","เทศบาลเมืองวารินชำราบ","2568","353.6824","353.6654","99.995000"
"2951","75000","องค์กรปกครองส่วนท้องถิ่น","757QA","เทศบาลตำบลธาตุ","2568","23.2882","22.1337","95.043000"
"2952","75000","องค์กรปกครองส่วนท้องถิ่น","757QF","เทศบาลตำบลคำน้ำแซบ","2568","33.151","32.8455","99.078000"
"2953","75000","องค์กรปกครองส่วนท้องถิ่น","757QH","เทศบาลตำบลคำขวาง","2568","30.3185","30.3185","100.000000"
"2954","75000","องค์กรปกครองส่วนท้องถิ่น","757QK","เทศบาลตำบลแสนสุข","2568","71.7227","65.1397","90.822000"
"2955","75000","องค์กรปกครองส่วนท้องถิ่น","757QN","เทศบาลตำบลเมืองศรีไค","2568","32.7129","26.4254","80.780000"
"2956","75000","องค์กรปกครองส่วนท้องถิ่น","757QP","เทศบาลตำบลห้วยขะยุง","2568","21.2397","21.2397","100.000000"
"2957","75000","องค์กรปกครองส่วนท้องถิ่น","757QR","เทศบาลตำบลบุ่งไหม","2568","32.9549","32.9549","100.000000"
"2958","75000","องค์กรปกครองส่วนท้องถิ่น","757QS","เทศบาลเมืองพิบูลมังสาหาร","2568","169.5981","169.5981","100.000000"
"2959","75000","องค์กรปกครองส่วนท้องถิ่น","757QT","เทศบาลตำบลกุดชมภู","2568","50.7562","50.7562","100.000000"
"2960","75000","องค์กรปกครองส่วนท้องถิ่น","757QY","เทศบาลตำบลโพธิ์ไทร","2568","52.3275","50.9685","97.403000"
"2961","75000","องค์กรปกครองส่วนท้องถิ่น","757QZ","เทศบาลตำบลโพธิ์ศรี","2568","41.2272","36.2362","87.894000"
"2962","75000","องค์กรปกครองส่วนท้องถิ่น","757R3","เทศบาลตำบลอ่างศิลา","2568","25.5732","25.5732","100.000000"
"2963","75000","องค์กรปกครองส่วนท้องถิ่น","757R7","เทศบาลตำบลตาลสุม","2568","27.7423","20.6906","74.581000"
"2964","75000","องค์กรปกครองส่วนท้องถิ่น","757RE","เทศบาลตำบลโพธิ์ไทร","2568","32.255","31.475","97.582000"
"2965","75000","องค์กรปกครองส่วนท้องถิ่น","757RM","เทศบาลตำบลสำโรง","2568","47.3396","47.3396","100.000000"
"2966","75000","องค์กรปกครองส่วนท้องถิ่น","757S1","เทศบาลตำบลช่องเม็ก","2568","26.5021","26.5021","100.000000"
"2967","75000","องค์กรปกครองส่วนท้องถิ่น","757S4","เทศบาลตำบลนิคมสร้างตนเองลำโดมน้อย","2568","41.6995","41.6995","100.000000"
"2968","75000","องค์กรปกครองส่วนท้องถิ่น","757SC","เทศบาลตำบลนาจาน","2568","30.1398","30.1398","100.000000"
"2969","75000","องค์กรปกครองส่วนท้องถิ่น","757SD","เทศบาลตำบลนาเยีย","2568","41.6586","40.7786","97.888000"
"2970","75000","องค์กรปกครองส่วนท้องถิ่น","757SF","เทศบาลตำบลนาเรือง","2568","33.984","32.865","96.707000"
"2971","75000","องค์กรปกครองส่วนท้องถิ่น","757SL","เทศบาลตำบลเหล่าเสือโก้ก","2568","59.2213","59.2213","100.000000"
"2972","75000","องค์กรปกครองส่วนท้องถิ่น","757SR","เทศบาลตำบลท่าช้าง","2568","37.9549","37.9549","100.000000"
"2973","75000","องค์กรปกครองส่วนท้องถิ่น","757SS","เทศบาลตำบลบุ่งมะแลง","2568","35.7923","35.4993","99.181000"
"2974","75000","องค์กรปกครองส่วนท้องถิ่น","757ST","เทศบาลตำบลสว่าง","2568","38.4976","38.0066","98.725000"
"2975","75000","องค์กรปกครองส่วนท้องถิ่น","757SU","เทศบาลตำบลตาเกา","2568","46.9294","46.1074","98.248000"
"2976","75000","องค์กรปกครองส่วนท้องถิ่น","757SW","เทศบาลตำบลขี้เหล็ก","2568","38.3362","37.23200017","97.120000"
"2977","80000","ทุนหมุนเวียน","80601","กองทุนหมู่บ้านและชุมชนเมืองแห่งชาติ","2568","11946.9242","11946.9242","100.000000"
"2978","80000","ทุนหมุนเวียน","80602","กองทุนฟื้นฟูและพัฒนาเกษตรกร","2568","1126.3644","1126.3644","100.000000"
"2979","80000","ทุนหมุนเวียน","80603","กองทุนการออมแห่งชาติ","2568","656.629","656.629","100.000000"
"2980","80000","ทุนหมุนเวียน","80604","กองทุนจัดรูปที่ดินเพื่อพัฒนาพื้นที่","2568","80","80","100.000000"
"2981","80000","ทุนหมุนเวียน","80606","กองทุนยุติธรรม","2568","160","160","100.000000"
"2982","80000","ทุนหมุนเวียน","80607","กองทุนเพื่อความเสมอภาคทางการศึกษา","2568","6983.6546","6983.6546","100.000000"
"2983","80000","ทุนหมุนเวียน","80609","กองทุนเงินให้กู้ยืมเพื่อการศึกษา","2568","4572.9829","4572.9829","100.000000"
"2984","80000","ทุนหมุนเวียน","80808","กองทุนและเงินทุนหมุนเวียน","2568","250958.1526","250958.1526","100.000000"
"2985","90000","งบกลาง","90909","งบกลาง","2568","842001.7103","741211.35604652","88.030000"
